ID,YEAR,Month,ELEMENT,VALUE1,VALUE2,VALUE3,VALUE4,VALUE5,VALUE6,VALUE7,VALUE8,VALUE9,VALUE10,VALUE11,VALUE12,VALUE13,VALUE14,VALUE15,VALUE16,VALUE17,VALUE18,VALUE19,VALUE20,VALUE21,VALUE22,VALUE23,VALUE24,VALUE25,VALUE26,VALUE27,VALUE28,VALUE29,VALUE30,VALUE31
USC00270690,2025,2,TMAX,17.0,-100.0,-56.0,28.0,-39.0,-106.0,0.0,-22.0,-39.0,-39.0,-50.0,-28.0,-28.0,11.0,17.0,-44.0,-56.0,-94.0,-111.0,-67.0,-28.0,-78.0,-17.0,-22.0,44.0,100.0,33.0,56.0,,,
USC00270690,2025,3,TMAX,17.0,50.0,-106.0,-56.0,56.0,89.0,106.0,0.0,-28.0,6.0,50.0,150.0,6.0,39.0,144.0,178.0,178.0,83.0,100.0,156.0,167.0,33.0,122.0,-33.0,11.0,,,,,,
USC00270913,2025,2,TMAX,0.0,-78.0,,,,,,-28.0,-17.0,-33.0,,,,,,,,,,,,,,,,,,,,,
USC00271190,2025,2,TMAX,-11.0,-117.0,,6.0,-72.0,-150.0,-50.0,-72.0,-100.0,-83.0,-83.0,,-72.0,-28.0,-67.0,-28.0,-106.0,-139.0,-172.0,-94.0,-61.0,,-67.0,-61.0,-17.0,44.0,11.0,,,,
USC00271190,2025,3,TMAX,,11.0,-122.0,-94.0,-6.0,,50.0,-100.0,-100.0,-39.0,-6.0,61.0,,,72.0,94.0,94.0,44.0,22.0,89.0,89.0,-6.0,67.0,-67.0,-22.0,,,,,,
USC00271647,2025,2,TMAX,0.0,-111.0,-72.0,-6.0,-67.0,-117.0,-22.0,-33.0,-44.0,-33.0,,,-28.0,-6.0,-6.0,-56.0,-56.0,-111.0,-128.0,-78.0,-50.0,-94.0,-17.0,-39.0,33.0,78.0,22.0,,,,
USC00271647,2025,3,TMAX,6.0,44.0,-122.0,-61.0,33.0,67.0,,-17.0,-17.0,-17.0,28.0,139.0,-17.0,56.0,122.0,172.0,167.0,72.0,106.0,189.0,183.0,22.0,111.0,-22.0,,,,,,,
USC00271800,2025,2,TMAX,0.0,-100.0,-67.0,17.0,-72.0,-128.0,-17.0,-11.0,-50.0,-50.0,-83.0,-39.0,-39.0,0.0,-94.0,-56.0,-50.0,-106.0,-122.0,-89.0,-44.0,-94.0,-39.0,-44.0,33.0,78.0,11.0,39.0,,,
USC00271800,2025,3,TMAX,-6.0,44.0,-133.0,-72.0,,67.0,89.0,-22.0,-78.0,0.0,39.0,128.0,28.0,128.0,122.0,161.0,156.0,72.0,94.0,128.0,128.0,6.0,100.0,-22.0,0.0,,,,,,
USC00272302,2025,2,TMAX,17.0,-39.0,-39.0,61.0,33.0,33.0,6.0,11.0,6.0,11.0,-6.0,-6.0,-6.0,33.0,-6.0,-28.0,-28.0,-28.0,-50.0,-17.0,,-6.0,28.0,44.0,67.0,106.0,89.0,44.0,,,
USC00272302,2025,3,TMAX,61.0,117.0,-39.0,-6.0,89.0,117.0,144.0,44.0,28.0,50.0,139.0,178.0,56.0,72.0,139.0,183.0,194.0,133.0,122.0,161.0,150.0,61.0,167.0,167.0,17.0,,,,,,
USC00272303,2025,2,TMAX,17.0,-33.0,-72.0,11.0,-11.0,-78.0,-17.0,-11.0,-17.0,-11.0,-28.0,-11.0,-28.0,11.0,-39.0,-28.0,-22.0,-44.0,-61.0,-28.0,6.0,-11.0,6.0,28.0,56.0,89.0,67.0,22.0,,,
USC00272303,2025,3,TMAX,22.0,89.0,-56.0,-6.0,33.0,33.0,117.0,39.0,0.0,22.0,100.0,156.0,61.0,56.0,122.0,150.0,122.0,83.0,117.0,167.0,78.0,72.0,128.0,28.0,0.0,,,,,,
USC00272800,2025,2,TMAX,28.0,,-61.0,44.0,28.0,-61.0,-11.0,17.0,6.0,6.0,-6.0,-6.0,0.0,28.0,-6.0,-17.0,6.0,-17.0,-44.0,-22.0,0.0,-11.0,22.0,50.0,67.0,122.0,94.0,39.0,,,
USC00272800,2025,3,TMAX,61.0,117.0,-39.0,-11.0,83.0,117.0,144.0,50.0,28.0,50.0,133.0,183.0,,61.0,133.0,172.0,200.0,139.0,122.0,150.0,100.0,,167.0,44.0,22.0,,,,,,
USC00272846,2025,2,TMAX,11.0,-111.0,-89.0,6.0,-67.0,-128.0,-11.0,-22.0,-56.0,-28.0,-72.0,-44.0,-28.0,-17.0,-94.0,-50.0,-67.0,-117.0,-133.0,-83.0,-44.0,-89.0,-28.0,-33.0,22.0,100.0,17.0,22.0,,,
USC00272846,2025,3,TMAX,6.0,28.0,-133.0,-78.0,33.0,33.0,89.0,-28.0,-56.0,-11.0,11.0,150.0,-22.0,44.0,133.0,189.0,189.0,61.0,100.0,156.0,167.0,22.0,111.0,-33.0,-28.0,,,,,,
USC00272999,2025,2,TMAX,-11.0,-128.0,-78.0,0.0,-83.0,-139.0,-33.0,-44.0,-56.0,-39.0,-67.0,-50.0,-50.0,-17.0,-94.0,-61.0,-78.0,-133.0,-144.0,-100.0,-56.0,-94.0,-39.0,-39.0,22.0,83.0,0.0,6.0,,,
USC00272999,2025,3,TMAX,-28.0,33.0,-150.0,-89.0,28.0,72.0,72.0,-50.0,-78.0,-33.0,6.0,139.0,-28.0,44.0,128.0,178.0,167.0,56.0,83.0,156.0,172.0,0.0,106.0,-39.0,-11.0,,,,,,
USC00273182,2025,2,TMAX,-17.0,-56.0,-67.0,17.0,-11.0,-78.0,-56.0,6.0,-11.0,-17.0,-28.0,-11.0,-33.0,6.0,,-39.0,-33.0,-44.0,-61.0,-44.0,-6.0,,0.0,28.0,50.0,94.0,72.0,0.0,,,
USC00273182,2025,3,TMAX,,,,,,,,33.0,0.0,22.0,106.0,150.0,28.0,56.0,117.0,156.0,156.0,89.0,111.0,161.0,89.0,39.0,144.0,28.0,-6.0,,,,,,
USC00273488,2025,2,TMAX,33.0,-67.0,,28.0,-39.0,-106.0,,-17.0,-33.0,-22.0,-39.0,-17.0,-22.0,17.0,-67.0,-22.0,-67.0,-83.0,-100.0,-61.0,-11.0,-61.0,-11.0,-17.0,33.0,100.0,50.0,44.0,,,
USC00273488,2025,3,TMAX,22.0,39.0,-100.0,-50.0,61.0,67.0,117.0,11.0,-39.0,11.0,67.0,167.0,22.0,50.0,150.0,183.0,194.0,89.0,122.0,156.0,156.0,33.0,128.0,6.0,11.0,,,,,,
USC00273535,2025,2,TMAX,,-150.0,-89.0,-22.0,-139.0,-78.0,-56.0,-144.0,-144.0,-122.0,,-133.0,,,-189.0,,,,-122.0,-122.0,-94.0,-167.0,-117.0,-117.0,-39.0,-11.0,-39.0,-39.0,,,
USC00273535,2025,3,TMAX,-39.0,,-222.0,-78.0,-6.0,50.0,39.0,-128.0,-133.0,-56.0,11.0,33.0,-56.0,-33.0,,89.0,89.0,44.0,,,,-33.0,11.0,-22.0,,,,,,,
USC00273626,2025,2,TMAX,,,,,,,,,,,,-6.0,0.0,33.0,,,,,,,,,,,,,,,,,
USC00273626,2025,3,TMAX,,,,,83.0,89.0,139.0,,,,,,,,,,,,,,,,,,,,,,,,
USC00273658,2025,2,TMAX,28.0,-61.0,-44.0,33.0,11.0,-72.0,0.0,-11.0,-17.0,-22.0,,-22.0,-22.0,17.0,-33.0,-44.0,-39.0,-56.0,-72.0,-44.0,,-33.0,0.0,28.0,50.0,94.0,72.0,50.0,,,
USC00273658,2025,3,TMAX,56.0,100.0,-61.0,-11.0,67.0,94.0,133.0,22.0,6.0,,117.0,161.0,44.0,50.0,128.0,172.0,,122.0,94.0,150.0,133.0,61.0,89.0,,,,,,,,
USC00273825,2025,2,TMAX,,,,,,,,,,,-6.0,-33.0,-6.0,11.0,,,,-67.0,-61.0,-39.0,-17.0,,,,,,,,,,
USC00273825,2025,3,TMAX,,,,,,,,,,,128.0,156.0,39.0,61.0,,,,,,,,,,,,,,,,,
USC00273850,2025,2,TMAX,,,33.0,28.0,-44.0,-67.0,,,,-17.0,-6.0,-6.0,28.0,,,,-22.0,-56.0,-33.0,,,11.0,17.0,61.0,78.0,72.0,50.0,,,,
USC00273850,2025,3,TMAX,,22.0,-22.0,33.0,83.0,111.0,78.0,,17.0,122.0,172.0,,,,150.0,,172.0,128.0,178.0,,117.0,,,,,,,,,,
USC00273856,2025,3,TMAX,,,,,,,,,-100.0,,,,,,,,100.0,,,,,,,,,,,,,,
USC00273860,2025,2,TMAX,-28.0,-94.0,,0.0,-89.0,-122.0,-44.0,-83.0,-117.0,-67.0,-122.0,,-89.0,-17.0,-122.0,-78.0,-61.0,-111.0,,,,,-89.0,-72.0,-33.0,-6.0,-6.0,,,,
USC00273860,2025,3,TMAX,,-39.0,-178.0,-128.0,22.0,28.0,50.0,-122.0,-122.0,-56.0,-22.0,100.0,,,111.0,100.0,89.0,50.0,89.0,122.0,,-11.0,6.0,-78.0,-28.0,,,,,,
USC00274218,2025,2,TMAX,-11.0,-17.0,-67.0,50.0,11.0,-56.0,-72.0,6.0,6.0,-6.0,-6.0,-11.0,-17.0,17.0,-17.0,-28.0,-33.0,-39.0,-50.0,-28.0,-6.0,-22.0,17.0,28.0,67.0,106.0,78.0,22.0,,,
USC00274218,2025,3,TMAX,39.0,106.0,-50.0,-11.0,,106.0,133.0,33.0,11.0,33.0,128.0,172.0,44.0,61.0,183.0,111.0,178.0,122.0,128.0,167.0,89.0,56.0,150.0,50.0,,,,,,,
USC00274234,2025,2,TMAX,28.0,-11.0,-56.0,61.0,39.0,-39.0,-22.0,22.0,11.0,0.0,-6.0,0.0,0.0,28.0,-6.0,-28.0,11.0,-17.0,-39.0,-11.0,-17.0,6.0,28.0,50.0,72.0,106.0,106.0,33.0,,,
USC00274234,2025,3,TMAX,67.0,117.0,-28.0,0.0,89.0,122.0,144.0,44.0,33.0,67.0,144.0,183.0,67.0,78.0,144.0,189.0,206.0,139.0,128.0,167.0,156.0,67.0,172.0,61.0,28.0,,,,,,
USC00274304,2025,2,TMAX,39.0,11.0,-28.0,44.0,28.0,-50.0,6.0,6.0,6.0,33.0,-6.0,-6.0,11.0,39.0,-22.0,-6.0,-17.0,-44.0,-56.0,-33.0,11.0,-22.0,6.0,39.0,61.0,111.0,78.0,50.0,,,
USC00274304,2025,3,TMAX,44.0,106.0,-50.0,-22.0,72.0,94.0,128.0,28.0,28.0,44.0,117.0,156.0,67.0,89.0,139.0,167.0,172.0,156.0,122.0,161.0,144.0,89.0,144.0,33.0,,,,,,,
USC00274329,2025,2,TMAX,11.0,-78.0,-67.0,11.0,-33.0,-111.0,-33.0,-22.0,-33.0,-28.0,-39.0,-33.0,-22.0,0.0,-61.0,-44.0,-17.0,-89.0,-106.0,-78.0,-33.0,-56.0,-33.0,-6.0,33.0,89.0,,11.0,,,
USC00274329,2025,3,TMAX,0.0,56.0,-106.0,-56.0,39.0,67.0,111.0,0.0,-33.0,-11.0,56.0,133.0,0.0,44.0,117.0,178.0,189.0,89.0,83.0,178.0,183.0,22.0,100.0,-11.0,-11.0,,,,,,
USC00274399,2025,2,TMAX,6.0,-28.0,-67.0,28.0,17.0,-61.0,-17.0,-6.0,-11.0,-11.0,-17.0,-11.0,-11.0,22.0,-22.0,-33.0,-17.0,-44.0,-61.0,-39.0,-22.0,-28.0,11.0,28.0,56.0,106.0,78.0,33.0,,,
USC00274399,2025,3,TMAX,44.0,100.0,-44.0,-6.0,78.0,100.0,111.0,33.0,17.0,33.0,139.0,167.0,50.0,78.0,150.0,144.0,172.0,111.0,139.0,189.0,156.0,67.0,144.0,44.0,11.0,,,,,,
USC00274480,2025,2,TMAX,-11.0,-17.0,-17.0,17.0,-6.0,-72.0,-22.0,-17.0,-22.0,-22.0,-28.0,-33.0,-39.0,-11.0,-33.0,-44.0,-44.0,-50.0,-61.0,-50.0,6.0,0.0,0.0,28.0,50.0,67.0,67.0,67.0,,,
USC00274480,2025,3,TMAX,,56.0,-61.0,-44.0,33.0,72.0,106.0,11.0,0.0,33.0,117.0,150.0,39.0,44.0,106.0,139.0,178.0,144.0,106.0,139.0,144.0,61.0,128.0,22.0,-11.0,,,,,,
USC00274734,2025,2,TMAX,0.0,-61.0,-78.0,11.0,-39.0,-94.0,,-6.0,-17.0,-11.0,-33.0,-11.0,-22.0,28.0,-44.0,-22.0,-22.0,-56.0,-78.0,-50.0,0.0,-56.0,6.0,-6.0,39.0,72.0,50.0,28.0,,,
USC00274734,2025,3,TMAX,22.0,67.0,-83.0,-33.0,33.0,56.0,100.0,22.0,-33.0,11.0,100.0,161.0,22.0,39.0,133.0,156.0,122.0,78.0,133.0,150.0,89.0,33.0,133.0,11.0,-6.0,,,,,,
USC00274810,2025,2,TMAX,22.0,-89.0,,33.0,-56.0,-100.0,-33.0,-22.0,,-22.0,-44.0,,0.0,-56.0,-72.0,-22.0,-33.0,-78.0,-89.0,-67.0,0.0,,-11.0,-39.0,-6.0,39.0,17.0,,,,
USC00274810,2025,3,TMAX,,33.0,-78.0,-50.0,6.0,,56.0,-89.0,-44.0,-6.0,44.0,89.0,,,100.0,117.0,78.0,50.0,78.0,117.0,44.0,0.0,83.0,6.0,-11.0,,,,,,
USC00275013,2025,2,TMAX,,,,39.0,11.0,-61.0,0.0,,,-11.0,-33.0,-17.0,-28.0,22.0,,,-28.0,-50.0,-67.0,-39.0,-11.0,,,,61.0,106.0,72.0,56.0,,,
USC00275013,2025,3,TMAX,,,,-17.0,67.0,78.0,,,,,128.0,,39.0,67.0,,,,111.0,122.0,183.0,139.0,,,,0.0,,,,,,
USC00275211,2025,2,TMAX,-17.0,-56.0,44.0,22.0,-56.0,-44.0,11.0,6.0,-6.0,-11.0,-6.0,-11.0,22.0,-17.0,-17.0,-33.0,-28.0,-44.0,-28.0,-39.0,-17.0,22.0,44.0,61.0,100.0,89.0,22.0,56.0,,,
USC00275211,2025,3,TMAX,56.0,106.0,-44.0,-17.0,78.0,,,44.0,56.0,133.0,172.0,50.0,44.0,122.0,172.0,194.0,,,144.0,89.0,56.0,161.0,44.0,17.0,,,,,,,
USC00275703,2025,2,TMAX,28.0,-17.0,-44.0,67.0,33.0,-50.0,6.0,17.0,11.0,0.0,0.0,6.0,-11.0,11.0,-11.0,-17.0,6.0,-33.0,-44.0,-6.0,-11.0,0.0,33.0,56.0,78.0,106.0,94.0,22.0,,,
USC00275703,2025,3,TMAX,56.0,111.0,-39.0,-11.0,89.0,117.0,144.0,44.0,22.0,61.0,144.0,183.0,61.0,83.0,156.0,194.0,194.0,128.0,111.0,167.0,161.0,67.0,167.0,56.0,11.0,,,,,,
USC00275868,2025,2,TMAX,,-50.0,,39.0,-6.0,-72.0,,,-17.0,-22.0,-33.0,-17.0,-22.0,,,-44.0,-39.0,,,-44.0,,,,17.0,,,,,,,
USC00275868,2025,3,TMAX,,,-61.0,-28.0,50.0,94.0,,,-6.0,22.0,111.0,161.0,28.0,,,156.0,167.0,,,,,83.0,139.0,28.0,,,,,,,
USC00275995,2025,2,TMAX,-17.0,-50.0,-72.0,11.0,17.0,-78.0,-6.0,6.0,0.0,-17.0,-33.0,6.0,-22.0,17.0,-44.0,-22.0,-44.0,-44.0,-78.0,6.0,17.0,-28.0,17.0,17.0,39.0,100.0,72.0,6.0,,,
USC00275995,2025,3,TMAX,11.0,67.0,-72.0,-22.0,50.0,28.0,128.0,22.0,-11.0,28.0,106.0,167.0,72.0,44.0,128.0,172.0,128.0,111.0,111.0,156.0,78.0,50.0,144.0,22.0,-11.0,,,,,,
USC00276365,2025,2,TMAX,6.0,-83.0,-83.0,0.0,-50.0,-117.0,-39.0,-33.0,-28.0,-22.0,-44.0,-28.0,-33.0,-11.0,-67.0,-56.0,-22.0,-89.0,-111.0,-83.0,-33.0,-67.0,-33.0,-6.0,33.0,83.0,28.0,6.0,,,
USC00276365,2025,3,TMAX,6.0,56.0,-106.0,-56.0,28.0,100.0,122.0,6.0,-56.0,-6.0,50.0,144.0,11.0,56.0,128.0,189.0,178.0,61.0,100.0,189.0,189.0,17.0,117.0,-6.0,-6.0,,,,,,
USC00276550,2025,2,TMAX,,,,33.0,17.0,-56.0,-33.0,,,,-17.0,-17.0,-17.0,22.0,-44.0,-22.0,-17.0,-39.0,-61.0,-39.0,-28.0,,,,61.0,100.0,83.0,22.0,,,
USC00276550,2025,3,TMAX,39.0,100.0,-50.0,-11.0,67.0,89.0,106.0,28.0,11.0,28.0,128.0,167.0,44.0,78.0,144.0,150.0,172.0,111.0,128.0,183.0,167.0,56.0,139.0,139.0,11.0,,,,,,
USC00276818,2025,2,TMAX,22.0,-61.0,-78.0,11.0,-44.0,-100.0,-17.0,-28.0,-28.0,,-78.0,-39.0,-44.0,6.0,-106.0,-50.0,-44.0,-117.0,,-56.0,-33.0,-61.0,-17.0,-11.0,44.0,72.0,39.0,33.0,,,
USC00276818,2025,3,TMAX,0.0,50.0,-94.0,-50.0,61.0,50.0,128.0,-22.0,-72.0,-6.0,50.0,122.0,0.0,6.0,100.0,133.0,144.0,100.0,94.0,128.0,128.0,17.0,106.0,-22.0,11.0,,,,,,
USC00276856,2025,2,TMAX,,-133.0,,,-78.0,-133.0,-22.0,,-61.0,-44.0,-78.0,,-50.0,-6.0,-94.0,-67.0,-67.0,-111.0,,-106.0,-67.0,,-39.0,-39.0,,,0.0,17.0,,,
USC00276856,2025,3,TMAX,-33.0,11.0,-144.0,-78.0,28.0,67.0,50.0,-39.0,-61.0,-28.0,-6.0,128.0,-33.0,50.0,,172.0,161.0,,78.0,167.0,183.0,11.0,106.0,106.0,-11.0,,,,,,
USC00277833,2025,2,TMAX,0.0,-39.0,-72.0,28.0,0.0,-72.0,-17.0,0.0,-6.0,-17.0,-28.0,-6.0,-33.0,17.0,-22.0,-39.0,-28.0,-39.0,-61.0,-44.0,0.0,-33.0,6.0,28.0,61.0,94.0,78.0,22.0,,,
USC00277833,2025,3,TMAX,44.0,83.0,-56.0,-33.0,61.0,78.0,133.0,33.0,11.0,39.0,111.0,161.0,33.0,50.0,122.0,167.0,156.0,106.0,106.0,156.0,83.0,39.0,150.0,22.0,-6.0,,,,,,
USC00278539,2025,2,TMAX,,,,28.0,17.0,17.0,-33.0,,,,-17.0,-11.0,-11.0,17.0,,,,,-39.0,-39.0,-33.0,,,,61.0,89.0,,33.0,,,
USC00278539,2025,3,TMAX,,,,-17.0,56.0,,,,,,117.0,167.0,,78.0,,,,106.0,122.0,189.0,128.0,,,,11.0,,,,,,
USC00278614,2025,2,TMAX,6.0,-39.0,-72.0,11.0,6.0,-67.0,-28.0,0.0,-11.0,-28.0,-28.0,0.0,-33.0,17.0,-39.0,-22.0,-22.0,-39.0,-67.0,-28.0,11.0,-11.0,-6.0,28.0,44.0,44.0,89.0,22.0,,,
USC00278614,2025,3,TMAX,39.0,61.0,-56.0,-17.0,44.0,50.0,133.0,28.0,6.0,22.0,100.0,156.0,61.0,44.0,128.0,161.0,128.0,78.0,106.0,156.0,78.0,61.0,133.0,28.0,-17.0,,,,,,
USC00278856,2025,2,TMAX,0.0,-39.0,-72.0,33.0,11.0,-56.0,0.0,6.0,0.0,-6.0,-11.0,-6.0,-11.0,33.0,-17.0,,-17.0,-44.0,-61.0,-33.0,-28.0,-22.0,17.0,22.0,56.0,100.0,72.0,39.0,,,
USC00278856,2025,3,TMAX,33.0,89.0,-56.0,-11.0,61.0,100.0,111.0,28.0,11.0,56.0,128.0,167.0,44.0,83.0,139.0,133.0,172.0,111.0,128.0,194.0,122.0,61.0,144.0,39.0,11.0,,,,,,
USC00278961,2025,2,TMAX,,-67.0,-67.0,11.0,-39.0,-89.0,-22.0,-33.0,-33.0,-28.0,-61.0,-39.0,,,-61.0,-44.0,-33.0,-78.0,-94.0,-33.0,6.0,-61.0,-11.0,-6.0,22.0,72.0,39.0,17.0,,,
USC00278961,2025,3,TMAX,6.0,72.0,-94.0,-50.0,22.0,83.0,106.0,6.0,-33.0,6.0,83.0,150.0,33.0,28.0,122.0,150.0,150.0,78.0,111.0,161.0,111.0,28.0,111.0,0.0,-11.0,,,,,,
USC00279091,2025,2,TMAX,,,,33.0,-6.0,-78.0,-22.0,,,,,,-17.0,,,-28.0,-39.0,-56.0,,,,,,,,,89.0,6.0,,,
USC00279091,2025,3,TMAX,17.0,67.0,-72.0,,,,,,,,106.0,167.0,,,,,,,128.0,,,,,,,,,,,,
USC00279278,2025,2,TMAX,28.0,-6.0,-50.0,50.0,39.0,-67.0,0.0,28.0,22.0,22.0,17.0,0.0,0.0,33.0,6.0,-11.0,6.0,-11.0,-22.0,-11.0,11.0,6.0,39.0,61.0,78.0,106.0,89.0,44.0,,,
USC00279278,2025,3,TMAX,67.0,106.0,-17.0,0.0,,106.0,139.0,56.0,39.0,67.0,139.0,183.0,72.0,61.0,139.0,178.0,194.0,139.0,117.0,150.0,111.0,72.0,172.0,50.0,22.0,,,,,,
USC00279970,2025,2,TMAX,6.0,-89.0,,0.0,-78.0,-100.0,,-67.0,-78.0,-39.0,-39.0,,-11.0,-6.0,-39.0,-6.0,-56.0,-106.0,-122.0,,-33.0,,-44.0,-33.0,22.0,111.0,-11.0,,,,
USC00279970,2025,3,TMAX,,67.0,-128.0,-67.0,44.0,,111.0,,-22.0,-6.0,17.0,100.0,,,100.0,122.0,111.0,39.0,83.0,89.0,44.0,17.0,44.0,-44.0,,,,,,,
USW00014710,2025,2,TMAX,11.0,-55.0,61.0,44.0,-38.0,-49.0,28.0,6.0,11.0,0.0,0.0,-10.0,39.0,6.0,-21.0,-10.0,-16.0,-32.0,-16.0,-5.0,0.0,28.0,50.0,67.0,106.0,94.0,44.0,67.0,,,
USW00014710,2025,3,TMAX,111.0,-32.0,0.0,89.0,122.0,156.0,61.0,39.0,72.0,150.0,194.0,117.0,72.0,144.0,200.0,211.0,178.0,139.0,167.0,139.0,78.0,183.0,61.0,33.0,,,,,,,
USW00014745,2025,2,TMAX,-5.0,-60.0,39.0,22.0,-60.0,-66.0,6.0,-5.0,-5.0,-16.0,-10.0,-21.0,22.0,-16.0,-27.0,-21.0,-21.0,-55.0,-32.0,-10.0,-27.0,17.0,33.0,56.0,94.0,78.0,17.0,50.0,,,
USW00014745,2025,3,TMAX,94.0,-49.0,-21.0,72.0,111.0,133.0,39.0,17.0,50.0,128.0,183.0,89.0,61.0,133.0,178.0,194.0,161.0,128.0,172.0,100.0,67.0,161.0,39.0,17.0,,,,,,,
USW00014755,2025,2,TMAX,-67.0,-172.0,-117.0,-39.0,-161.0,-117.0,-78.0,-144.0,-144.0,-139.0,-167.0,-167.0,-94.0,-39.0,,-89.0,-39.0,-144.0,-128.0,-106.0,-100.0,,,,-61.0,-22.0,-50.0,-39.0,,,
USW00014755,2025,3,TMAX,-89.0,-44.0,-206.0,-139.0,-17.0,,17.0,-150.0,-172.0,-89.0,-44.0,11.0,-94.0,-50.0,28.0,44.0,56.0,28.0,39.0,56.0,28.0,-72.0,-33.0,-78.0,-44.0,,,,,,
USW00054728,2025,2,TMAX,-21.0,-66.0,11.0,0.0,-116.0,-21.0,-16.0,-38.0,-38.0,-55.0,-27.0,-21.0,11.0,-49.0,-43.0,-10.0,-43.0,-105.0,-77.0,-38.0,-71.0,-27.0,-21.0,50.0,89.0,28.0,28.0,17.0,,,
USW00054728,2025,3,TMAX,67.0,-116.0,-60.0,33.0,100.0,106.0,-5.0,-43.0,-10.0,61.0,156.0,28.0,61.0,139.0,194.0,189.0,111.0,106.0,194.0,189.0,56.0,122.0,-6.0,,,,,,,,
USW00054770,2025,2,TMAX,0.0,-66.0,28.0,22.0,-60.0,-21.0,-5.0,-16.0,-16.0,-27.0,-21.0,-21.0,22.0,-27.0,-43.0,-27.0,-49.0,-66.0,-43.0,-10.0,-27.0,0.0,22.0,,,67.0,44.0,33.0,,,
USW00054770,2025,3,TMAX,94.0,-60.0,-21.0,56.0,94.0,111.0,17.0,6.0,28.0,122.0,150.0,56.0,61.0,139.0,161.0,172.0,150.0,122.0,167.0,144.0,,,,,,,,,,,
USW00054791,2025,2,TMAX,-10.0,-60.0,50.0,33.0,-66.0,-55.0,17.0,0.0,-5.0,-10.0,0.0,-32.0,11.0,-16.0,-10.0,-43.0,-21.0,-49.0,-21.0,0.0,-10.0,17.0,44.0,50.0,111.0,89.0,33.0,61.0,,,
USW00054791,2025,3,TMAX,100.0,-49.0,-10.0,67.0,83.0,144.0,44.0,28.0,50.0,133.0,183.0,83.0,56.0,128.0,144.0,183.0,167.0,117.0,156.0,83.0,61.0,167.0,39.0,,,,,,,,
USW00054794,2025,2,TMAX,-8.0,-62.0,36.0,33.0,-59.0,-51.0,17.0,-1.0,-1.0,-1.0,-9.0,-17.0,22.0,-6.0,-18.0,-36.0,-25.0,-42.0,-28.0,-3.0,-15.0,12.0,44.0,48.0,106.0,96.0,35.0,61.0,,,
USW00054794,2025,3,TMAX,95.0,-40.0,-15.0,72.0,90.0,137.0,49.0,25.0,50.0,128.0,174.0,90.0,46.0,108.0,122.0,198.0,172.0,113.0,123.0,73.0,56.0,161.0,46.0,,,,,,,,
USW00054795,2025,2,TMAX,-7.0,-62.0,38.0,34.0,-61.0,-52.0,13.0,2.0,-4.0,-4.0,-7.0,-11.0,24.0,-2.0,-18.0,4.0,-24.0,-43.0,-30.0,-4.0,-17.0,12.0,46.0,52.0,112.0,94.0,38.0,63.0,,,
USW00054795,2025,3,TMAX,110.0,-43.0,-19.0,76.0,80.0,139.0,44.0,29.0,49.0,126.0,178.0,85.0,49.0,107.0,132.0,204.0,174.0,114.0,122.0,82.0,61.0,167.0,42.0,,,,,,,,
USW00094700,2025,2,TMAX,-21.0,-71.0,22.0,0.0,-110.0,-21.0,-10.0,-32.0,-32.0,-55.0,-21.0,-21.0,6.0,-66.0,-38.0,-43.0,-49.0,-110.0,-66.0,-16.0,-66.0,-16.0,-21.0,50.0,106.0,44.0,39.0,22.0,,,
USW00094700,2025,3,TMAX,56.0,-105.0,-55.0,44.0,83.0,106.0,-5.0,-43.0,0.0,44.0,150.0,28.0,33.0,139.0,183.0,200.0,106.0,106.0,172.0,167.0,61.0,122.0,-11.0,,,,,,,,
USW00094765,2025,2,TMAX,-5.0,-60.0,39.0,17.0,-60.0,-49.0,17.0,0.0,0.0,-16.0,0.0,-10.0,28.0,-21.0,-38.0,-10.0,-38.0,-55.0,-27.0,-16.0,-32.0,11.0,22.0,61.0,78.0,72.0,28.0,39.0,,,
USW00094765,2025,3,TMAX,78.0,-60.0,-10.0,44.0,94.0,106.0,33.0,0.0,28.0,122.0,172.0,72.0,72.0,156.0,156.0,189.0,117.0,133.0,194.0,161.0,100.0,144.0,39.0,,,,,,,,
