DATE,ID,Season,WT04
1926-01-04,USC00272174,Winter,1.0
1926-01-21,USC00272174,Winter,1.0
1926-01-22,USC00272174,Winter,1.0
1926-02-22,USC00272174,Winter,1.0
1926-03-02,USC00272174,Spring,1.0
1927-01-15,USC00272174,Winter,1.0
1927-02-23,USC00272174,Winter,1.0
1927-12-13,USC00272174,Winter,1.0
1927-12-17,USC00272174,Winter,1.0
1928-01-20,USC00272174,Winter,1.0
1928-03-12,USC00272174,Spring,1.0
1928-03-13,USC00272174,Spring,1.0
1928-03-30,USC00272174,Spring,1.0
1928-04-25,USC00272174,Spring,1.0
1929-01-17,USC00272174,Winter,1.0
1929-02-26,USC00272174,Winter,1.0
1929-02-27,USC00272174,Winter,1.0
1929-03-25,USC00272174,Spring,1.0
1930-01-21,USC00272174,Winter,1.0
1931-03-06,USC00272174,Spring,1.0
1931-03-09,USC00272174,Spring,1.0
1932-02-26,USC00272174,Winter,1.0
1932-03-16,USC00272174,Spring,1.0
1932-12-23,USC00272174,Winter,1.0
1933-02-07,USC00272174,Winter,1.0
1933-02-08,USC00272174,Winter,1.0
1933-02-14,USC00272174,Winter,1.0
1933-02-15,USC00272174,Winter,1.0
1933-02-20,USC00272174,Winter,1.0
1933-04-12,USC00272174,Spring,1.0
1934-01-13,USC00272174,Winter,1.0
1935-01-21,USC00272174,Winter,1.0
1935-02-15,USC00272174,Winter,1.0
1935-02-23,USC00272174,Winter,1.0
1935-03-05,USC00272174,Spring,1.0
1935-04-02,USC00272174,Spring,1.0
1935-11-17,USC00272174,Fall,1.0
1935-11-18,USC00272174,Fall,1.0
1935-12-09,USC00272174,Winter,1.0
1936-02-04,USC00272174,Winter,1.0
1936-02-17,USC00272174,Winter,1.0
1936-03-05,USC00272174,Spring,1.0
1936-03-09,USC00272174,Spring,1.0
1936-04-07,USC00272174,Spring,1.0
1936-04-11,USC00272174,Spring,1.0
1936-12-10,USC00272174,Winter,1.0
1936-12-30,USC00272174,Winter,1.0
1937-01-03,USC00272174,Winter,1.0
1937-01-07,USC00272174,Winter,1.0
1937-01-21,USC00272174,Winter,1.0
1937-01-24,USC00272174,Winter,1.0
1937-01-25,USC00272174,Winter,1.0
1937-02-01,USC00272174,Winter,1.0
1937-02-09,USC00272174,Winter,1.0
1937-02-21,USC00272174,Winter,1.0
1937-03-08,USC00272174,Spring,1.0
1937-12-30,USC00272174,Winter,1.0
1938-01-02,USC00272174,Winter,1.0
1938-03-18,USC00272174,Spring,1.0
1938-04-09,USC00272174,Spring,1.0
1938-11-24,USC00272174,Fall,1.0
1939-01-24,USC00272174,Winter,1.0
1939-02-02,USC00272174,Winter,1.0
1939-02-03,USC00272174,Winter,1.0
1939-02-10,USC00272174,Winter,1.0
1939-02-11,USC00272174,Winter,1.0
1939-02-12,USC00272174,Winter,1.0
1939-02-20,USC00272174,Winter,1.0
1939-02-28,USC00272174,Winter,1.0
1939-03-28,USC00272174,Spring,1.0
1939-03-30,USC00272174,Spring,1.0
1939-12-20,USC00272174,Winter,1.0
1940-03-05,USC00272174,Spring,1.0
1940-04-13,USC00272174,Spring,1.0
1940-04-19,USC00272174,Spring,1.0
1941-03-03,USC00272174,Spring,1.0
1941-03-11,USC00272174,Spring,1.0
1941-12-02,USC00272174,Winter,1.0
1942-03-17,USC00272174,Spring,1.0
1942-04-11,USC00272174,Spring,1.0
1942-11-24,USC00272174,Fall,1.0
1942-12-23,USC00272174,Winter,1.0
1942-12-28,USC00272174,Winter,1.0
1942-12-29,USC00272174,Winter,1.0
1943-01-19,USC00272174,Winter,1.0
1943-02-06,USC00272174,Winter,1.0
1943-03-19,USC00272174,Spring,1.0
1943-12-26,USC00272174,Winter,1.0
1944-02-18,USC00272174,Winter,1.0
1944-02-27,USC00272174,Winter,1.0
1944-04-15,USC00272174,Spring,1.0
1944-04-24,USC00272174,Spring,1.0
1945-01-07,USC00272174,Winter,1.0
1945-01-16,USC00272174,Winter,1.0
1945-01-29,USC00272174,Winter,1.0
1945-06-03,USC00272174,Summer,1.0
1945-12-06,USC00272174,Winter,1.0
1946-01-21,USC00272174,Winter,1.0
1946-02-26,USC00272174,Winter,1.0
1946-02-27,USC00272174,Winter,1.0
1946-02-28,USC00272174,Winter,1.0
1946-04-08,USC00272174,Spring,1.0
1947-01-02,USC00272174,Winter,1.0
1947-11-22,USC00272174,Fall,1.0
1950-01-10,USC00272174,Winter,1.0
1950-01-11,USC00272174,Winter,1.0
1950-01-22,USC00272174,Winter,1.0
1950-11-21,USC00272174,Fall,1.0
1952-01-17,USC00272174,Winter,1.0
1952-03-05,USC00272174,Spring,1.0
1952-03-24,USC00272174,Spring,1.0
1952-10-28,USC00272174,Fall,1.0
1952-10-29,USC00272174,Fall,1.0
1952-12-22,USC00272174,Winter,1.0
1952-12-23,USC00272174,Winter,1.0
1953-01-10,USC00272174,Winter,1.0
1953-11-07,USC00272174,Fall,1.0
1953-12-14,USC00272174,Winter,1.0
1954-02-17,USC00272174,Winter,1.0
1954-03-13,USC00272174,Spring,1.0
1954-03-25,USC00272174,Spring,1.0
1954-03-28,USC00272174,Spring,1.0
1954-03-29,USC00272174,Spring,1.0
1954-04-16,USC00272174,Spring,1.0
1954-12-30,USC00272174,Winter,1.0
1955-01-06,USC00272174,Winter,1.0
1955-03-05,USC00272174,Spring,1.0
1955-03-06,USC00272174,Spring,1.0
1955-03-13,USC00272174,Spring,1.0
1955-03-22,USC00272174,Spring,1.0
1955-03-26,USC00272174,Spring,1.0
1955-12-04,USC00272174,Winter,1.0
1955-12-05,USC00272174,Winter,1.0
1955-12-24,USC00272174,Winter,1.0
1956-01-03,USC00272174,Winter,1.0
1956-01-13,USC00272174,Winter,1.0
1956-02-02,USC00272174,Winter,1.0
1956-02-07,USC00272174,Winter,1.0
1956-03-07,USC00272174,Spring,1.0
1956-03-08,USC00272174,Spring,1.0
1956-12-29,USC00272174,Winter,1.0
1958-02-28,USC00272174,Winter,1.0
1958-03-15,USC00272174,Spring,1.0
1959-02-10,USC00272174,Winter,1.0
1960-01-15,USC00272174,Winter,1.0
1960-02-14,USC00272174,Winter,1.0
1962-02-26,USC00272174,Winter,1.0
1963-01-27,USC00272174,Winter,1.0
1963-10-30,USC00272174,Fall,1.0
1964-12-04,USC00272174,Winter,1.0
1964-12-05,USC00272174,Winter,1.0
1964-12-17,USC00272174,Winter,1.0
1964-12-28,USC00272174,Winter,1.0
1965-01-24,USC00272174,Winter,1.0
1965-01-25,USC00272174,Winter,1.0
1965-02-10,USC00272174,Winter,1.0
1965-02-11,USC00272174,Winter,1.0
1965-02-25,USC00272174,Winter,1.0
1965-12-13,USC00272174,Winter,1.0
1966-01-30,USC00272174,Winter,1.0
1966-02-16,USC00272174,Winter,1.0
1966-04-09,USC00272174,Spring,1.0
1966-04-28,USC00272174,Spring,1.0
1967-01-07,USC00272174,Winter,1.0
1967-01-27,USC00272174,Winter,1.0
1967-01-28,USC00272174,Winter,1.0
1967-02-04,USC00272174,Winter,1.0
1967-02-05,USC00272174,Winter,1.0
1967-02-23,USC00272174,Winter,1.0
1967-03-06,USC00272174,Spring,1.0
1967-03-15,USC00272174,Spring,1.0
1967-04-06,USC00272174,Spring,1.0
1967-04-07,USC00272174,Spring,1.0
1967-04-16,USC00272174,Spring,1.0
1967-04-24,USC00272174,Spring,1.0
1967-05-07,USC00272174,Spring,1.0
1967-05-25,USC00272174,Spring,1.0
1968-03-14,USC00272174,Spring,1.0
1968-12-20,USC00272174,Winter,1.0
1969-01-30,USC00272174,Winter,1.0
1969-02-26,USC00272174,Winter,1.0
1969-10-21,USC00272174,Fall,1.0
1969-12-26,USC00272174,Winter,1.0
1971-02-05,USC00272174,Winter,1.0
1971-02-23,USC00272174,Winter,1.0
1971-11-25,USC00272174,Fall,1.0
1971-12-27,USC00272174,Winter,1.0
1971-12-28,USC00272174,Winter,1.0
1974-01-11,USC00272174,Winter,1.0
1975-12-22,USC00272174,Winter,1.0
1979-02-26,USC00272174,Winter,1.0
1979-02-27,USC00272174,Winter,1.0
1983-03-07,USC00272174,Spring,1.0
1983-03-09,USC00272174,Spring,1.0
1998-12-08,USC00272174,Winter,1.0
2002-01-31,USC00272174,Winter,1.0
2002-12-31,USC00272174,Winter,1.0
2005-01-12,USC00272174,Winter,1.0
2009-01-07,USC00272174,Winter,1.0
2022-12-16,USC00272174,Winter,1.0
2023-02-23,USC00272174,Winter,1.0
2023-02-28,USC00272174,Winter,1.0
2023-12-14,USC00272174,Winter,1.0
2024-01-26,USC00272174,Winter,1.0
2024-03-23,USC00272174,Spring,1.0
1964-01-01,USC00272800,Winter,1.0
1964-01-02,USC00272800,Winter,1.0
1964-01-07,USC00272800,Winter,1.0
1964-01-10,USC00272800,Winter,1.0
1964-03-10,USC00272800,Spring,1.0
1964-03-11,USC00272800,Spring,1.0
1964-03-27,USC00272800,Spring,1.0
1964-12-04,USC00272800,Winter,1.0
1964-12-05,USC00272800,Winter,1.0
1964-12-06,USC00272800,Winter,1.0
1965-01-24,USC00272800,Winter,1.0
1965-01-25,USC00272800,Winter,1.0
1965-02-10,USC00272800,Winter,1.0
1965-02-12,USC00272800,Winter,1.0
1965-02-25,USC00272800,Winter,1.0
1965-04-18,USC00272800,Spring,1.0
1966-12-29,USC00272800,Winter,1.0
1967-01-01,USC00272800,Winter,1.0
1967-01-07,USC00272800,Winter,1.0
1967-01-08,USC00272800,Winter,1.0
1967-01-27,USC00272800,Winter,1.0
1967-02-02,USC00272800,Winter,1.0
1967-02-03,USC00272800,Winter,1.0
1967-03-06,USC00272800,Spring,1.0
1967-03-07,USC00272800,Spring,1.0
1967-04-06,USC00272800,Spring,1.0
1967-04-07,USC00272800,Spring,1.0
1967-05-26,USC00272800,Spring,1.0
1967-11-18,USC00272800,Fall,1.0
1967-11-23,USC00272800,Fall,1.0
1967-12-11,USC00272800,Winter,1.0
1967-12-28,USC00272800,Winter,1.0
1967-12-29,USC00272800,Winter,1.0
1968-01-14,USC00272800,Winter,1.0
1968-03-13,USC00272800,Spring,1.0
1968-11-10,USC00272800,Fall,1.0
1968-11-12,USC00272800,Fall,1.0
1968-12-15,USC00272800,Winter,1.0
1968-12-20,USC00272800,Winter,1.0
1968-12-28,USC00272800,Winter,1.0
1968-12-29,USC00272800,Winter,1.0
1969-01-29,USC00272800,Winter,1.0
1969-01-30,USC00272800,Winter,1.0
1969-02-01,USC00272800,Winter,1.0
1969-02-03,USC00272800,Winter,1.0
1969-02-19,USC00272800,Winter,1.0
1969-12-08,USC00272800,Winter,1.0
1969-12-22,USC00272800,Winter,1.0
1969-12-26,USC00272800,Winter,1.0
1970-02-04,USC00272800,Winter,1.0
1970-03-05,USC00272800,Spring,1.0
1970-12-09,USC00272800,Winter,1.0
1970-12-14,USC00272800,Winter,1.0
1971-02-05,USC00272800,Winter,1.0
1971-02-08,USC00272800,Winter,1.0
1971-02-20,USC00272800,Winter,1.0
1971-02-23,USC00272800,Winter,1.0
1971-03-04,USC00272800,Spring,1.0
1971-11-25,USC00272800,Fall,1.0
1971-12-06,USC00272800,Winter,1.0
1971-12-15,USC00272800,Winter,1.0
1971-12-28,USC00272800,Winter,1.0
1971-12-30,USC00272800,Winter,1.0
1972-03-02,USC00272800,Spring,1.0
1972-03-03,USC00272800,Spring,1.0
1972-12-01,USC00272800,Winter,1.0
1972-12-08,USC00272800,Winter,1.0
1972-12-09,USC00272800,Winter,1.0
1973-01-20,USC00272800,Winter,1.0
1973-01-29,USC00272800,Winter,1.0
1973-12-09,USC00272800,Winter,1.0
1975-12-22,USC00272800,Winter,1.0
1975-12-26,USC00272800,Winter,1.0
1976-02-15,USC00272800,Winter,1.0
1976-02-18,USC00272800,Winter,1.0
1976-03-03,USC00272800,Spring,1.0
1977-02-25,USC00272800,Winter,1.0
1977-12-04,USC00272800,Winter,1.0
1978-01-08,USC00272800,Winter,1.0
1978-04-01,USC00272800,Spring,1.0
1979-02-24,USC00272800,Winter,1.0
1979-02-25,USC00272800,Winter,1.0
1979-02-26,USC00272800,Winter,1.0
1979-02-27,USC00272800,Winter,1.0
1982-01-24,USC00272800,Winter,1.0
1982-02-01,USC00272800,Winter,1.0
1982-02-03,USC00272800,Winter,1.0
1982-12-24,USC00272800,Winter,1.0
1983-12-12,USC00272800,Winter,1.0
1984-03-14,USC00272800,Spring,1.0
1984-12-28,USC00272800,Winter,1.0
1985-11-12,USC00272800,Fall,1.0
1985-11-23,USC00272800,Fall,1.0
1985-11-26,USC00272800,Fall,1.0
1986-01-03,USC00272800,Winter,1.0
1986-02-19,USC00272800,Winter,1.0
1987-01-19,USC00272800,Winter,1.0
1989-03-30,USC00272800,Spring,1.0
1990-09-30,USC00272800,Fall,1.0
1991-12-03,USC00272800,Winter,1.0
1991-12-04,USC00272800,Winter,1.0
1997-01-03,USC00272800,Winter,1.0
2007-01-19,USC00272800,Winter,1.0
2021-12-19,USC00272800,Winter,1.0
2023-01-20,USC00272800,Winter,1.0
2023-11-10,USC00272800,Fall,1.0
2024-01-27,USC00272800,Winter,1.0
2024-01-30,USC00272800,Winter,1.0
2024-03-23,USC00272800,Spring,1.0
2024-03-24,USC00272800,Spring,1.0
1949-11-13,USC00272999,Fall,1.0
1949-11-30,USC00272999,Fall,1.0
1950-03-23,USC00272999,Spring,1.0
1950-03-28,USC00272999,Spring,1.0
1950-04-03,USC00272999,Spring,1.0
1950-11-25,USC00272999,Fall,1.0
1952-02-04,USC00272999,Winter,1.0
1952-03-11,USC00272999,Spring,1.0
1952-03-21,USC00272999,Spring,1.0
1952-03-23,USC00272999,Spring,1.0
1954-01-04,USC00272999,Winter,1.0
1954-01-05,USC00272999,Winter,1.0
1954-05-05,USC00272999,Spring,1.0
1997-03-14,USC00272999,Spring,1.0
1998-02-18,USC00272999,Winter,1.0
2007-12-16,USC00272999,Winter,1.0
2008-02-19,USC00272999,Winter,1.0
2008-03-20,USC00272999,Spring,1.0
2023-01-05,USC00272999,Winter,1.0
2023-01-20,USC00272999,Winter,1.0
2023-02-17,USC00272999,Winter,1.0
2023-04-06,USC00272999,Spring,1.0
2023-10-30,USC00272999,Fall,1.0
2024-01-26,USC00272999,Winter,1.0
1974-01-19,USC00273626,Winter,1.0
1974-03-21,USC00273626,Spring,1.0
1975-01-21,USC00273626,Winter,1.0
1975-01-29,USC00273626,Winter,1.0
1975-03-15,USC00273626,Spring,1.0
1975-03-22,USC00273626,Spring,1.0
1975-12-22,USC00273626,Winter,1.0
1975-12-26,USC00273626,Winter,1.0
1975-12-31,USC00273626,Winter,1.0
1976-01-03,USC00273626,Winter,1.0
1976-02-17,USC00273626,Winter,1.0
1976-02-18,USC00273626,Winter,1.0
1976-02-29,USC00273626,Winter,1.0
1976-03-03,USC00273626,Spring,1.0
1976-03-17,USC00273626,Spring,1.0
1976-03-19,USC00273626,Spring,1.0
1977-01-10,USC00273626,Winter,1.0
1977-02-24,USC00273626,Winter,1.0
1977-12-09,USC00273626,Winter,1.0
1977-12-14,USC00273626,Winter,1.0
1977-12-21,USC00273626,Winter,1.0
1978-01-08,USC00273626,Winter,1.0
1978-01-14,USC00273626,Winter,1.0
1978-01-18,USC00273626,Winter,1.0
1978-01-20,USC00273626,Winter,1.0
1978-01-21,USC00273626,Winter,1.0
1978-12-09,USC00273626,Winter,1.0
1978-12-21,USC00273626,Winter,1.0
1979-01-03,USC00273626,Winter,1.0
1979-01-07,USC00273626,Winter,1.0
1979-01-13,USC00273626,Winter,1.0
1979-01-14,USC00273626,Winter,1.0
1979-01-21,USC00273626,Winter,1.0
1979-01-25,USC00273626,Winter,1.0
1979-01-30,USC00273626,Winter,1.0
1979-02-24,USC00273626,Winter,1.0
1979-02-26,USC00273626,Winter,1.0
1979-02-27,USC00273626,Winter,1.0
1979-04-02,USC00273626,Spring,1.0
1979-04-09,USC00273626,Spring,1.0
1979-04-14,USC00273626,Spring,1.0
1980-02-22,USC00273626,Winter,1.0
1980-03-14,USC00273626,Spring,1.0
1980-03-21,USC00273626,Spring,1.0
1980-11-28,USC00273626,Fall,1.0
1980-12-10,USC00273626,Winter,1.0
1980-12-29,USC00273626,Winter,1.0
1981-02-25,USC00273626,Winter,1.0
1981-02-26,USC00273626,Winter,1.0
1981-02-28,USC00273626,Winter,1.0
1981-03-06,USC00273626,Spring,1.0
1981-03-07,USC00273626,Spring,1.0
1981-12-06,USC00273626,Winter,1.0
1981-12-15,USC00273626,Winter,1.0
1981-12-16,USC00273626,Winter,1.0
1981-12-22,USC00273626,Winter,1.0
1981-12-23,USC00273626,Winter,1.0
1982-01-04,USC00273626,Winter,1.0
1982-01-23,USC00273626,Winter,1.0
1982-02-01,USC00273626,Winter,1.0
1982-02-03,USC00273626,Winter,1.0
1982-03-21,USC00273626,Spring,1.0
1982-12-20,USC00273626,Winter,1.0
1982-12-23,USC00273626,Winter,1.0
1982-12-24,USC00273626,Winter,1.0
1983-03-07,USC00273626,Spring,1.0
1983-03-08,USC00273626,Spring,1.0
1983-03-09,USC00273626,Spring,1.0
1983-03-13,USC00273626,Spring,1.0
1983-11-28,USC00273626,Fall,1.0
1983-12-04,USC00273626,Winter,1.0
1983-12-22,USC00273626,Winter,1.0
1984-01-10,USC00273626,Winter,1.0
1984-01-24,USC00273626,Winter,1.0
1984-02-06,USC00273626,Winter,1.0
1984-02-11,USC00273626,Winter,1.0
1984-02-18,USC00273626,Winter,1.0
1984-02-28,USC00273626,Winter,1.0
1984-03-05,USC00273626,Spring,1.0
1984-03-14,USC00273626,Spring,1.0
1984-03-17,USC00273626,Spring,1.0
1984-03-18,USC00273626,Spring,1.0
1984-03-19,USC00273626,Spring,1.0
1984-03-29,USC00273626,Spring,1.0
1984-03-30,USC00273626,Spring,1.0
1984-12-06,USC00273626,Winter,1.0
1984-12-22,USC00273626,Winter,1.0
1984-12-28,USC00273626,Winter,1.0
1985-01-01,USC00273626,Winter,1.0
1985-02-01,USC00273626,Winter,1.0
1985-02-02,USC00273626,Winter,1.0
1985-03-05,USC00273626,Spring,1.0
1985-03-08,USC00273626,Spring,1.0
1985-04-01,USC00273626,Spring,1.0
1985-11-12,USC00273626,Fall,1.0
1985-11-22,USC00273626,Fall,1.0
1985-11-23,USC00273626,Fall,1.0
1985-11-26,USC00273626,Fall,1.0
1985-12-11,USC00273626,Winter,1.0
1985-12-12,USC00273626,Winter,1.0
1985-12-13,USC00273626,Winter,1.0
1986-01-03,USC00273626,Winter,1.0
1986-01-05,USC00273626,Winter,1.0
1986-02-18,USC00273626,Winter,1.0
1986-02-19,USC00273626,Winter,1.0
1986-06-29,USC00273626,Summer,1.0
1986-12-09,USC00273626,Winter,1.0
1987-01-02,USC00273626,Winter,1.0
1987-01-10,USC00273626,Winter,1.0
1987-01-11,USC00273626,Winter,1.0
1987-01-18,USC00273626,Winter,1.0
1987-01-22,USC00273626,Winter,1.0
1987-03-01,USC00273626,Spring,1.0
1987-11-11,USC00273626,Fall,1.0
1987-11-12,USC00273626,Fall,1.0
1987-12-20,USC00273626,Winter,1.0
1988-01-20,USC00273626,Winter,1.0
1988-01-26,USC00273626,Winter,1.0
1988-02-12,USC00273626,Winter,1.0
1988-12-23,USC00273626,Winter,1.0
1989-01-12,USC00273626,Winter,1.0
1989-01-26,USC00273626,Winter,1.0
1989-01-30,USC00273626,Winter,1.0
1989-02-02,USC00273626,Winter,1.0
1989-02-03,USC00273626,Winter,1.0
1989-02-14,USC00273626,Winter,1.0
1989-03-05,USC00273626,Spring,1.0
1989-03-06,USC00273626,Spring,1.0
1989-03-25,USC00273626,Spring,1.0
1989-11-20,USC00273626,Fall,1.0
1989-11-26,USC00273626,Fall,1.0
1989-11-28,USC00273626,Fall,1.0
1989-12-02,USC00273626,Winter,1.0
1989-12-03,USC00273626,Winter,1.0
1989-12-07,USC00273626,Winter,1.0
1989-12-31,USC00273626,Winter,1.0
1990-01-29,USC00273626,Winter,1.0
1990-01-30,USC00273626,Winter,1.0
1990-02-02,USC00273626,Winter,1.0
1990-02-15,USC00273626,Winter,1.0
1990-02-16,USC00273626,Winter,1.0
1990-02-17,USC00273626,Winter,1.0
1990-03-12,USC00273626,Spring,1.0
1990-03-30,USC00273626,Spring,1.0
1990-03-31,USC00273626,Spring,1.0
1990-04-02,USC00273626,Spring,1.0
1990-11-19,USC00273626,Fall,1.0
1990-12-15,USC00273626,Winter,1.0
1990-12-16,USC00273626,Winter,1.0
1991-01-09,USC00273626,Winter,1.0
1991-01-10,USC00273626,Winter,1.0
1991-01-28,USC00273626,Winter,1.0
1991-02-14,USC00273626,Winter,1.0
1991-12-03,USC00273626,Winter,1.0
1991-12-21,USC00273626,Winter,1.0
1991-12-30,USC00273626,Winter,1.0
1992-01-23,USC00273626,Winter,1.0
1992-02-25,USC00273626,Winter,1.0
1992-04-11,USC00273626,Spring,1.0
1992-04-17,USC00273626,Spring,1.0
1993-02-13,USC00273626,Winter,1.0
1993-02-16,USC00273626,Winter,1.0
1993-03-05,USC00273626,Spring,1.0
1993-03-06,USC00273626,Spring,1.0
1993-03-09,USC00273626,Spring,1.0
1993-03-13,USC00273626,Spring,1.0
1993-04-01,USC00273626,Spring,1.0
1993-04-02,USC00273626,Spring,1.0
1994-01-04,USC00273626,Winter,1.0
1994-01-08,USC00273626,Winter,1.0
1994-01-17,USC00273626,Winter,1.0
1994-01-18,USC00273626,Winter,1.0
1994-01-28,USC00273626,Winter,1.0
1994-02-13,USC00273626,Winter,1.0
1994-02-24,USC00273626,Winter,1.0
1994-03-03,USC00273626,Spring,1.0
1994-03-04,USC00273626,Spring,1.0
1994-03-10,USC00273626,Spring,1.0
1994-11-28,USC00273626,Fall,1.0
1994-12-07,USC00273626,Winter,1.0
1994-12-11,USC00273626,Winter,1.0
1994-12-18,USC00273626,Winter,1.0
1995-01-01,USC00273626,Winter,1.0
1995-01-12,USC00273626,Winter,1.0
1995-01-13,USC00273626,Winter,1.0
1995-02-04,USC00273626,Winter,1.0
1995-02-28,USC00273626,Winter,1.0
1995-12-03,USC00273626,Winter,1.0
1995-12-09,USC00273626,Winter,1.0
1995-12-15,USC00273626,Winter,1.0
1995-12-16,USC00273626,Winter,1.0
1995-12-17,USC00273626,Winter,1.0
1996-01-08,USC00273626,Winter,1.0
1996-01-13,USC00273626,Winter,1.0
1996-01-16,USC00273626,Winter,1.0
1996-02-11,USC00273626,Winter,1.0
1996-03-03,USC00273626,Spring,1.0
1996-03-05,USC00273626,Spring,1.0
1996-03-07,USC00273626,Spring,1.0
1996-03-16,USC00273626,Spring,1.0
1996-04-07,USC00273626,Spring,1.0
1996-04-08,USC00273626,Spring,1.0
1996-11-27,USC00273626,Fall,1.0
1997-01-03,USC00273626,Winter,1.0
1997-01-25,USC00273626,Winter,1.0
1997-01-28,USC00273626,Winter,1.0
1997-03-14,USC00273626,Spring,1.0
1997-11-14,USC00273626,Fall,1.0
1997-11-15,USC00273626,Fall,1.0
1997-11-22,USC00273626,Fall,1.0
1997-11-30,USC00273626,Fall,1.0
1997-12-25,USC00273626,Winter,1.0
1998-01-23,USC00273626,Winter,1.0
1998-01-24,USC00273626,Winter,1.0
1998-01-30,USC00273626,Winter,1.0
1998-02-18,USC00273626,Winter,1.0
1998-02-24,USC00273626,Winter,1.0
1998-03-21,USC00273626,Spring,1.0
1998-03-22,USC00273626,Spring,1.0
1998-12-19,USC00273626,Winter,1.0
1998-12-30,USC00273626,Winter,1.0
1999-01-03,USC00273626,Winter,1.0
1999-01-09,USC00273626,Winter,1.0
1999-01-13,USC00273626,Winter,1.0
1999-02-28,USC00273626,Winter,1.0
1999-12-22,USC00273626,Winter,1.0
2000-01-25,USC00273626,Winter,1.0
2000-01-31,USC00273626,Winter,1.0
2000-02-11,USC00273626,Winter,1.0
2000-02-14,USC00273626,Winter,1.0
2000-02-25,USC00273626,Winter,1.0
2000-02-26,USC00273626,Winter,1.0
2000-03-11,USC00273626,Spring,1.0
2000-03-12,USC00273626,Spring,1.0
2000-03-17,USC00273626,Spring,1.0
2000-12-14,USC00273626,Winter,1.0
2000-12-20,USC00273626,Winter,1.0
2000-12-30,USC00273626,Winter,1.0
2001-01-30,USC00273626,Winter,1.0
2001-01-31,USC00273626,Winter,1.0
2001-02-09,USC00273626,Winter,1.0
2001-02-25,USC00273626,Winter,1.0
2001-03-06,USC00273626,Spring,1.0
2001-03-07,USC00273626,Spring,1.0
2001-03-13,USC00273626,Spring,1.0
2001-03-14,USC00273626,Spring,1.0
2001-03-23,USC00273626,Spring,1.0
2001-03-30,USC00273626,Spring,1.0
2001-05-12,USC00273626,Spring,1.0
2002-11-17,USC00273626,Fall,1.0
2002-11-18,USC00273626,Fall,1.0
2002-12-26,USC00273626,Winter,1.0
2002-12-31,USC00273626,Winter,1.0
2003-01-02,USC00273626,Winter,1.0
2003-01-03,USC00273626,Winter,1.0
2003-01-04,USC00273626,Winter,1.0
2003-01-06,USC00273626,Winter,1.0
2003-02-02,USC00273626,Winter,1.0
2003-02-22,USC00273626,Winter,1.0
2003-04-05,USC00273626,Spring,1.0
2003-11-11,USC00273626,Fall,1.0
2003-11-29,USC00273626,Fall,1.0
2003-12-15,USC00273626,Winter,1.0
2004-01-02,USC00273626,Winter,1.0
2004-01-04,USC00273626,Winter,1.0
2004-01-05,USC00273626,Winter,1.0
2004-01-06,USC00273626,Winter,1.0
2004-02-03,USC00273626,Winter,1.0
2004-02-04,USC00273626,Winter,1.0
2004-02-06,USC00273626,Winter,1.0
2004-02-07,USC00273626,Winter,1.0
2004-02-21,USC00273626,Winter,1.0
2004-03-20,USC00273626,Spring,1.0
2004-12-07,USC00273626,Winter,1.0
2005-01-06,USC00273626,Winter,1.0
2005-01-10,USC00273626,Winter,1.0
2005-01-12,USC00273626,Winter,1.0
2005-01-13,USC00273626,Winter,1.0
2005-01-14,USC00273626,Winter,1.0
2005-02-10,USC00273626,Winter,1.0
2005-02-15,USC00273626,Winter,1.0
2005-02-21,USC00273626,Winter,1.0
2005-03-08,USC00273626,Spring,1.0
2005-03-11,USC00273626,Spring,1.0
2005-03-12,USC00273626,Spring,1.0
2005-12-16,USC00273626,Winter,1.0
2006-01-15,USC00273626,Winter,1.0
2006-01-31,USC00273626,Winter,1.0
2006-12-08,USC00273626,Winter,1.0
2007-01-01,USC00273626,Winter,1.0
2007-01-14,USC00273626,Winter,1.0
2007-02-14,USC00273626,Winter,1.0
2007-02-15,USC00273626,Winter,1.0
2007-03-02,USC00273626,Spring,1.0
2007-03-17,USC00273626,Spring,1.0
2007-04-04,USC00273626,Spring,1.0
2007-04-05,USC00273626,Spring,1.0
2007-04-12,USC00273626,Spring,1.0
2007-04-13,USC00273626,Spring,1.0
2007-04-15,USC00273626,Spring,1.0
2007-12-03,USC00273626,Winter,1.0
2007-12-10,USC00273626,Winter,1.0
2007-12-12,USC00273626,Winter,1.0
2007-12-16,USC00273626,Winter,1.0
2007-12-27,USC00273626,Winter,1.0
2008-01-01,USC00273626,Winter,1.0
2008-01-06,USC00273626,Winter,1.0
2008-01-18,USC00273626,Winter,1.0
2008-02-01,USC00273626,Winter,1.0
2008-02-06,USC00273626,Winter,1.0
2008-02-07,USC00273626,Winter,1.0
2008-02-10,USC00273626,Winter,1.0
2008-02-13,USC00273626,Winter,1.0
2008-03-28,USC00273626,Spring,1.0
2008-12-17,USC00273626,Winter,1.0
2009-01-05,USC00273626,Winter,1.0
2009-01-07,USC00273626,Winter,1.0
2009-01-08,USC00273626,Winter,1.0
2009-01-28,USC00273626,Winter,1.0
2009-12-26,USC00273626,Winter,1.0
2010-01-18,USC00273626,Winter,1.0
2010-01-19,USC00273626,Winter,1.0
2010-11-26,USC00273626,Fall,1.0
2011-01-18,USC00273626,Winter,1.0
2011-02-02,USC00273626,Winter,1.0
2011-02-05,USC00273626,Winter,1.0
2011-02-25,USC00273626,Winter,1.0
2011-02-28,USC00273626,Winter,1.0
2011-04-01,USC00273626,Spring,1.0
2011-10-30,USC00273626,Fall,1.0
2011-12-21,USC00273626,Winter,1.0
2012-01-12,USC00273626,Winter,1.0
2012-03-28,USC00273626,Spring,1.0
2012-11-08,USC00273626,Fall,1.0
2012-12-17,USC00273626,Winter,1.0
2013-01-16,USC00273626,Winter,1.0
2013-02-11,USC00273626,Winter,1.0
2013-03-07,USC00273626,Spring,1.0
2013-04-12,USC00273626,Spring,1.0
2013-12-01,USC00273626,Winter,1.0
2013-12-15,USC00273626,Winter,1.0
2014-02-13,USC00273626,Winter,1.0
2014-02-14,USC00273626,Winter,1.0
2014-03-31,USC00273626,Spring,1.0
2015-12-29,USC00273626,Winter,1.0
2015-12-30,USC00273626,Winter,1.0
2017-03-15,USC00273626,Spring,1.0
2017-12-18,USC00273626,Winter,1.0
2018-02-08,USC00273626,Winter,1.0
2022-03-28,USC00273626,Spring,1.0
1926-03-31,USC00273850,Spring,1.0
1927-03-21,USC00273850,Spring,1.0
1928-04-22,USC00273850,Spring,1.0
1929-01-01,USC00273850,Winter,1.0
1929-02-26,USC00273850,Winter,1.0
1929-03-25,USC00273850,Spring,1.0
1929-12-17,USC00273850,Winter,1.0
1930-01-10,USC00273850,Winter,1.0
1930-03-09,USC00273850,Spring,1.0
1931-11-25,USC00273850,Fall,1.0
1931-12-09,USC00273850,Winter,1.0
1931-12-21,USC00273850,Winter,1.0
1932-01-23,USC00273850,Winter,1.0
1932-01-29,USC00273850,Winter,1.0
1932-03-22,USC00273850,Spring,1.0
1933-02-20,USC00273850,Winter,1.0
1933-03-13,USC00273850,Spring,1.0
1933-03-14,USC00273850,Spring,1.0
1933-03-15,USC00273850,Spring,1.0
1933-03-16,USC00273850,Spring,1.0
1933-03-20,USC00273850,Spring,1.0
1933-03-21,USC00273850,Spring,1.0
1933-04-11,USC00273850,Spring,1.0
1933-12-15,USC00273850,Winter,1.0
1933-12-20,USC00273850,Winter,1.0
1933-12-31,USC00273850,Winter,1.0
1934-03-28,USC00273850,Spring,1.0
1934-03-31,USC00273850,Spring,1.0
1934-12-26,USC00273850,Winter,1.0
1935-02-14,USC00273850,Winter,1.0
1935-02-15,USC00273850,Winter,1.0
1935-03-28,USC00273850,Spring,1.0
1935-04-01,USC00273850,Spring,1.0
1936-02-27,USC00273850,Winter,1.0
1936-04-02,USC00273850,Spring,1.0
1936-12-30,USC00273850,Winter,1.0
1937-01-13,USC00273850,Winter,1.0
1937-01-20,USC00273850,Winter,1.0
1937-01-21,USC00273850,Winter,1.0
1937-01-24,USC00273850,Winter,1.0
1937-01-25,USC00273850,Winter,1.0
1937-02-08,USC00273850,Winter,1.0
1937-11-13,USC00273850,Fall,1.0
1937-12-06,USC00273850,Winter,1.0
1937-12-07,USC00273850,Winter,1.0
1938-03-16,USC00273850,Spring,1.0
1938-12-03,USC00273850,Winter,1.0
1938-12-18,USC00273850,Winter,1.0
1939-01-05,USC00273850,Winter,1.0
1939-02-10,USC00273850,Winter,1.0
1939-02-28,USC00273850,Winter,1.0
1939-03-15,USC00273850,Spring,1.0
1939-03-30,USC00273850,Spring,1.0
1939-04-10,USC00273850,Spring,1.0
1939-04-24,USC00273850,Spring,1.0
1939-11-05,USC00273850,Fall,1.0
1939-12-17,USC00273850,Winter,1.0
1939-12-20,USC00273850,Winter,1.0
1940-02-06,USC00273850,Winter,1.0
1940-02-10,USC00273850,Winter,1.0
1940-03-19,USC00273850,Spring,1.0
1940-04-12,USC00273850,Spring,1.0
1940-04-25,USC00273850,Spring,1.0
1940-10-30,USC00273850,Fall,1.0
1940-11-23,USC00273850,Fall,1.0
1940-11-24,USC00273850,Fall,1.0
1940-12-07,USC00273850,Winter,1.0
1940-12-12,USC00273850,Winter,1.0
1940-12-16,USC00273850,Winter,1.0
1941-01-17,USC00273850,Winter,1.0
1941-02-07,USC00273850,Winter,1.0
1941-02-15,USC00273850,Winter,1.0
1941-03-08,USC00273850,Spring,1.0
1941-03-09,USC00273850,Spring,1.0
1941-11-29,USC00273850,Fall,1.0
1941-12-02,USC00273850,Winter,1.0
1942-02-16,USC00273850,Winter,1.0
1942-03-09,USC00273850,Spring,1.0
1942-03-21,USC00273850,Spring,1.0
1942-12-27,USC00273850,Winter,1.0
1942-12-28,USC00273850,Winter,1.0
1942-12-29,USC00273850,Winter,1.0
1943-01-18,USC00273850,Winter,1.0
1943-01-19,USC00273850,Winter,1.0
1943-02-10,USC00273850,Winter,1.0
1943-03-16,USC00273850,Spring,1.0
1943-03-19,USC00273850,Spring,1.0
1943-03-20,USC00273850,Spring,1.0
1944-01-25,USC00273850,Winter,1.0
1944-04-15,USC00273850,Spring,1.0
1944-11-16,USC00273850,Fall,1.0
1945-02-22,USC00273850,Winter,1.0
1945-03-21,USC00273850,Spring,1.0
1945-10-27,USC00273850,Fall,1.0
1945-11-11,USC00273850,Fall,1.0
1946-01-31,USC00273850,Winter,1.0
1946-02-06,USC00273850,Winter,1.0
1946-02-27,USC00273850,Winter,1.0
1946-04-02,USC00273850,Spring,1.0
1946-04-09,USC00273850,Spring,1.0
1946-12-29,USC00273850,Winter,1.0
1947-01-02,USC00273850,Winter,1.0
1947-01-03,USC00273850,Winter,1.0
1947-04-16,USC00273850,Spring,1.0
1947-11-22,USC00273850,Fall,1.0
1947-11-24,USC00273850,Fall,1.0
1948-02-13,USC00273850,Winter,1.0
1948-02-25,USC00273850,Winter,1.0
1948-03-19,USC00273850,Spring,1.0
1949-11-13,USC00273850,Fall,1.0
1950-01-06,USC00273850,Winter,1.0
1950-01-15,USC00273850,Winter,1.0
1950-01-24,USC00273850,Winter,1.0
1952-12-05,USC00273850,Winter,1.0
1952-12-23,USC00273850,Winter,1.0
1953-01-10,USC00273850,Winter,1.0
1953-05-02,USC00273850,Spring,1.0
1954-03-13,USC00273850,Spring,1.0
1954-03-25,USC00273850,Spring,1.0
1955-01-06,USC00273850,Winter,1.0
1955-03-01,USC00273850,Spring,1.0
1955-03-05,USC00273850,Spring,1.0
1955-03-21,USC00273850,Spring,1.0
1955-03-22,USC00273850,Spring,1.0
1955-12-04,USC00273850,Winter,1.0
1955-12-24,USC00273850,Winter,1.0
1956-01-08,USC00273850,Winter,1.0
1956-01-14,USC00273850,Winter,1.0
1956-03-07,USC00273850,Spring,1.0
1956-03-08,USC00273850,Spring,1.0
1956-04-15,USC00273850,Spring,1.0
1956-12-13,USC00273850,Winter,1.0
1957-02-27,USC00273850,Winter,1.0
1957-04-05,USC00273850,Spring,1.0
1957-04-09,USC00273850,Spring,1.0
1957-12-09,USC00273850,Winter,1.0
1958-11-26,USC00273850,Fall,1.0
1959-01-21,USC00273850,Winter,1.0
1959-02-09,USC00273850,Winter,1.0
1959-02-10,USC00273850,Winter,1.0
1960-01-15,USC00273850,Winter,1.0
1960-04-05,USC00273850,Spring,1.0
1961-02-17,USC00273850,Winter,1.0
1961-03-05,USC00273850,Spring,1.0
1961-03-06,USC00273850,Spring,1.0
1961-04-01,USC00273850,Spring,1.0
1961-04-16,USC00273850,Spring,1.0
1961-12-04,USC00273850,Winter,1.0
1962-01-07,USC00273850,Winter,1.0
1962-01-26,USC00273850,Winter,1.0
1963-02-02,USC00273850,Winter,1.0
1963-03-06,USC00273850,Spring,1.0
1963-03-12,USC00273850,Spring,1.0
1963-03-13,USC00273850,Spring,1.0
1963-03-17,USC00273850,Spring,1.0
1964-01-01,USC00273850,Winter,1.0
1964-01-09,USC00273850,Winter,1.0
1964-03-09,USC00273850,Spring,1.0
1964-03-10,USC00273850,Spring,1.0
1964-04-03,USC00273850,Spring,1.0
1964-11-11,USC00273850,Fall,1.0
1964-11-16,USC00273850,Fall,1.0
1964-11-19,USC00273850,Fall,1.0
1964-12-04,USC00273850,Winter,1.0
1964-12-27,USC00273850,Winter,1.0
1965-01-24,USC00273850,Winter,1.0
1965-02-10,USC00273850,Winter,1.0
1965-02-25,USC00273850,Winter,1.0
1965-04-07,USC00273850,Spring,1.0
1965-04-26,USC00273850,Spring,1.0
1965-11-26,USC00273850,Fall,1.0
1965-12-03,USC00273850,Winter,1.0
1965-12-25,USC00273850,Winter,1.0
1966-01-03,USC00273850,Winter,1.0
1966-04-10,USC00273850,Spring,1.0
1966-04-28,USC00273850,Spring,1.0
1966-05-09,USC00273850,Spring,1.0
1966-12-05,USC00273850,Winter,1.0
1967-01-27,USC00273850,Winter,1.0
1968-12-02,USC00273850,Winter,1.0
1968-12-28,USC00273850,Winter,1.0
1969-01-30,USC00273850,Winter,1.0
1969-12-08,USC00273850,Winter,1.0
1969-12-26,USC00273850,Winter,1.0
1969-12-27,USC00273850,Winter,1.0
1970-03-04,USC00273850,Spring,1.0
1970-04-02,USC00273850,Spring,1.0
1970-12-17,USC00273850,Winter,1.0
1971-01-04,USC00273850,Winter,1.0
1971-02-05,USC00273850,Winter,1.0
1971-02-13,USC00273850,Winter,1.0
1971-02-14,USC00273850,Winter,1.0
1971-02-20,USC00273850,Winter,1.0
1971-02-23,USC00273850,Winter,1.0
1971-03-04,USC00273850,Spring,1.0
1971-03-29,USC00273850,Spring,1.0
1971-11-30,USC00273850,Fall,1.0
1971-12-15,USC00273850,Winter,1.0
1971-12-28,USC00273850,Winter,1.0
1972-01-02,USC00273850,Winter,1.0
1972-03-02,USC00273850,Spring,1.0
1972-04-13,USC00273850,Spring,1.0
1972-11-04,USC00273850,Fall,1.0
1972-11-05,USC00273850,Fall,1.0
1972-11-14,USC00273850,Fall,1.0
1972-11-20,USC00273850,Fall,1.0
1972-12-08,USC00273850,Winter,1.0
1972-12-09,USC00273850,Winter,1.0
1972-12-31,USC00273850,Winter,1.0
1973-01-04,USC00273850,Winter,1.0
1973-01-22,USC00273850,Winter,1.0
1973-02-02,USC00273850,Winter,1.0
1973-12-17,USC00273850,Winter,1.0
1973-12-20,USC00273850,Winter,1.0
1973-12-21,USC00273850,Winter,1.0
1974-01-18,USC00273850,Winter,1.0
1974-01-21,USC00273850,Winter,1.0
1974-01-28,USC00273850,Winter,1.0
1974-02-22,USC00273850,Winter,1.0
1974-04-24,USC00273850,Spring,1.0
1978-01-07,USC00273850,Winter,1.0
1982-01-30,USC00273850,Winter,1.0
1983-11-28,USC00273850,Fall,1.0
1999-01-03,USC00273850,Winter,1.0
1999-01-21,USC00273850,Winter,1.0
2004-12-26,USC00273850,Winter,1.0
2016-11-11,USC00273850,Fall,1.0
2018-12-17,USC00273850,Winter,1.0
2019-04-08,USC00273850,Spring,1.0
2019-04-09,USC00273850,Spring,1.0
2021-02-03,USC00273850,Winter,1.0
2021-02-17,USC00273850,Winter,1.0
2022-03-28,USC00273850,Spring,1.0
2023-01-16,USC00273850,Winter,1.0
2023-02-08,USC00273850,Winter,1.0
2023-02-09,USC00273850,Winter,1.0
2023-05-17,USC00273850,Spring,1.0
1926-02-01,USC00274399,Winter,1.0
1926-03-02,USC00274399,Spring,1.0
1926-04-01,USC00274399,Spring,1.0
1926-04-06,USC00274399,Spring,1.0
1927-01-05,USC00274399,Winter,1.0
1927-01-11,USC00274399,Winter,1.0
1927-02-20,USC00274399,Winter,1.0
1927-12-16,USC00274399,Winter,1.0
1927-12-17,USC00274399,Winter,1.0
1928-03-30,USC00274399,Spring,1.0
1928-04-15,USC00274399,Spring,1.0
1929-02-26,USC00274399,Winter,1.0
1929-12-08,USC00274399,Winter,1.0
1929-12-27,USC00274399,Winter,1.0
1930-01-18,USC00274399,Winter,1.0
1930-03-17,USC00274399,Spring,1.0
1931-02-07,USC00274399,Winter,1.0
1931-04-29,USC00274399,Spring,1.0
1931-11-15,USC00274399,Fall,1.0
1931-12-04,USC00274399,Winter,1.0
1931-12-05,USC00274399,Winter,1.0
1931-12-09,USC00274399,Winter,1.0
1932-01-02,USC00274399,Winter,1.0
1932-03-22,USC00274399,Spring,1.0
1932-03-28,USC00274399,Spring,1.0
1932-04-11,USC00274399,Spring,1.0
1932-04-13,USC00274399,Spring,1.0
1932-12-12,USC00274399,Winter,1.0
1933-01-05,USC00274399,Winter,1.0
1933-01-19,USC00274399,Winter,1.0
1933-02-09,USC00274399,Winter,1.0
1933-03-02,USC00274399,Spring,1.0
1933-04-01,USC00274399,Spring,1.0
1933-04-12,USC00274399,Spring,1.0
1933-10-25,USC00274399,Fall,1.0
1933-10-27,USC00274399,Fall,1.0
1933-11-21,USC00274399,Fall,1.0
1933-12-03,USC00274399,Winter,1.0
1935-09-23,USC00274399,Fall,1.0
1935-09-24,USC00274399,Fall,1.0
1935-09-25,USC00274399,Fall,1.0
1935-11-17,USC00274399,Fall,1.0
1935-11-18,USC00274399,Fall,1.0
1936-02-04,USC00274399,Winter,1.0
1936-02-17,USC00274399,Winter,1.0
1936-02-18,USC00274399,Winter,1.0
1936-02-25,USC00274399,Winter,1.0
1936-04-02,USC00274399,Spring,1.0
1936-11-10,USC00274399,Fall,1.0
1936-11-15,USC00274399,Fall,1.0
1937-01-04,USC00274399,Winter,1.0
1937-02-08,USC00274399,Winter,1.0
1937-02-10,USC00274399,Winter,1.0
1937-03-02,USC00274399,Spring,1.0
1937-03-08,USC00274399,Spring,1.0
1937-03-09,USC00274399,Spring,1.0
1937-11-06,USC00274399,Fall,1.0
1937-12-17,USC00274399,Winter,1.0
1937-12-25,USC00274399,Winter,1.0
1938-02-03,USC00274399,Winter,1.0
1938-03-17,USC00274399,Spring,1.0
1938-03-18,USC00274399,Spring,1.0
1938-04-08,USC00274399,Spring,1.0
1939-01-03,USC00274399,Winter,1.0
1939-01-04,USC00274399,Winter,1.0
1939-01-22,USC00274399,Winter,1.0
1939-01-31,USC00274399,Winter,1.0
1939-02-10,USC00274399,Winter,1.0
1939-02-26,USC00274399,Winter,1.0
1939-03-15,USC00274399,Spring,1.0
1939-12-11,USC00274399,Winter,1.0
1940-01-14,USC00274399,Winter,1.0
1940-02-10,USC00274399,Winter,1.0
1940-02-11,USC00274399,Winter,1.0
1940-03-04,USC00274399,Spring,1.0
1940-03-15,USC00274399,Spring,1.0
1940-04-20,USC00274399,Spring,1.0
1940-04-22,USC00274399,Spring,1.0
1940-10-21,USC00274399,Fall,1.0
1940-12-12,USC00274399,Winter,1.0
1941-01-17,USC00274399,Winter,1.0
1941-03-01,USC00274399,Spring,1.0
1942-01-01,USC00274399,Winter,1.0
1942-01-31,USC00274399,Winter,1.0
1942-02-01,USC00274399,Winter,1.0
1942-03-03,USC00274399,Spring,1.0
1942-03-17,USC00274399,Spring,1.0
1942-03-21,USC00274399,Spring,1.0
1943-01-18,USC00274399,Winter,1.0
1943-01-19,USC00274399,Winter,1.0
1943-01-23,USC00274399,Winter,1.0
1943-03-06,USC00274399,Spring,1.0
1943-03-16,USC00274399,Spring,1.0
1943-04-19,USC00274399,Spring,1.0
1944-01-06,USC00274399,Winter,1.0
1944-02-27,USC00274399,Winter,1.0
1944-03-30,USC00274399,Spring,1.0
1944-12-12,USC00274399,Winter,1.0
1944-12-25,USC00274399,Winter,1.0
1945-01-22,USC00274399,Winter,1.0
1945-02-22,USC00274399,Winter,1.0
1945-11-11,USC00274399,Fall,1.0
1946-01-30,USC00274399,Winter,1.0
1946-02-26,USC00274399,Winter,1.0
1946-02-27,USC00274399,Winter,1.0
1946-10-01,USC00274399,Fall,1.0
1946-11-14,USC00274399,Fall,1.0
1946-12-18,USC00274399,Winter,1.0
1946-12-28,USC00274399,Winter,1.0
1946-12-29,USC00274399,Winter,1.0
1947-01-02,USC00274399,Winter,1.0
1947-01-03,USC00274399,Winter,1.0
1947-01-14,USC00274399,Winter,1.0
1947-01-15,USC00274399,Winter,1.0
1947-01-20,USC00274399,Winter,1.0
1947-12-02,USC00274399,Winter,1.0
1948-04-14,USC00274399,Spring,1.0
1948-12-29,USC00274399,Winter,1.0
1950-01-15,USC00274399,Winter,1.0
1950-01-16,USC00274399,Winter,1.0
1950-01-24,USC00274399,Winter,1.0
1950-01-31,USC00274399,Winter,1.0
1950-02-15,USC00274399,Winter,1.0
1950-11-11,USC00274399,Fall,1.0
1950-12-29,USC00274399,Winter,1.0
1951-02-14,USC00274399,Winter,1.0
1951-02-18,USC00274399,Winter,1.0
1951-03-04,USC00274399,Spring,1.0
1951-03-15,USC00274399,Spring,1.0
1951-03-16,USC00274399,Spring,1.0
1951-03-20,USC00274399,Spring,1.0
1951-03-22,USC00274399,Spring,1.0
1951-11-01,USC00274399,Fall,1.0
1952-12-23,USC00274399,Winter,1.0
1952-12-24,USC00274399,Winter,1.0
1953-01-10,USC00274399,Winter,1.0
1953-05-01,USC00274399,Spring,1.0
1953-05-02,USC00274399,Spring,1.0
1954-03-13,USC00274399,Spring,1.0
1954-03-14,USC00274399,Spring,1.0
1954-03-25,USC00274399,Spring,1.0
1954-03-30,USC00274399,Spring,1.0
1954-04-18,USC00274399,Spring,1.0
1954-04-28,USC00274399,Spring,1.0
1954-12-14,USC00274399,Winter,1.0
1954-12-30,USC00274399,Winter,1.0
1955-01-06,USC00274399,Winter,1.0
1955-03-05,USC00274399,Spring,1.0
1955-03-06,USC00274399,Spring,1.0
1955-03-07,USC00274399,Spring,1.0
1955-03-13,USC00274399,Spring,1.0
1955-03-22,USC00274399,Spring,1.0
1955-03-23,USC00274399,Spring,1.0
1955-03-26,USC00274399,Spring,1.0
1955-03-27,USC00274399,Spring,1.0
1955-04-03,USC00274399,Spring,1.0
1955-04-04,USC00274399,Spring,1.0
1962-02-24,USC00274399,Winter,1.0
1962-02-27,USC00274399,Winter,1.0
1963-01-12,USC00274399,Winter,1.0
1963-03-12,USC00274399,Spring,1.0
1963-03-16,USC00274399,Spring,1.0
1963-03-17,USC00274399,Spring,1.0
1963-05-02,USC00274399,Spring,1.0
1963-05-10,USC00274399,Spring,1.0
1964-02-01,USC00274399,Winter,1.0
1964-02-02,USC00274399,Winter,1.0
1964-02-07,USC00274399,Winter,1.0
1964-03-10,USC00274399,Spring,1.0
1964-03-11,USC00274399,Spring,1.0
1964-12-04,USC00274399,Winter,1.0
1964-12-05,USC00274399,Winter,1.0
1964-12-17,USC00274399,Winter,1.0
1965-02-10,USC00274399,Winter,1.0
1966-01-03,USC00274399,Winter,1.0
1966-02-15,USC00274399,Winter,1.0
1966-02-16,USC00274399,Winter,1.0
1966-02-17,USC00274399,Winter,1.0
1966-04-28,USC00274399,Spring,1.0
1966-04-29,USC00274399,Spring,1.0
1966-05-04,USC00274399,Spring,1.0
1966-12-06,USC00274399,Winter,1.0
1967-01-27,USC00274399,Winter,1.0
1967-02-02,USC00274399,Winter,1.0
1967-02-03,USC00274399,Winter,1.0
1967-03-05,USC00274399,Spring,1.0
1967-05-08,USC00274399,Spring,1.0
1967-05-26,USC00274399,Spring,1.0
1967-11-04,USC00274399,Fall,1.0
1967-12-03,USC00274399,Winter,1.0
1968-01-23,USC00274399,Winter,1.0
1968-01-24,USC00274399,Winter,1.0
1968-03-13,USC00274399,Spring,1.0
1968-12-29,USC00274399,Winter,1.0
1969-03-14,USC00274399,Spring,1.0
1969-03-20,USC00274399,Spring,1.0
1969-12-08,USC00274399,Winter,1.0
1969-12-09,USC00274399,Winter,1.0
1969-12-27,USC00274399,Winter,1.0
1969-12-28,USC00274399,Winter,1.0
1970-02-04,USC00274399,Winter,1.0
1970-03-05,USC00274399,Spring,1.0
1970-03-31,USC00274399,Spring,1.0
1971-01-04,USC00274399,Winter,1.0
1971-01-05,USC00274399,Winter,1.0
1971-02-05,USC00274399,Winter,1.0
1971-02-09,USC00274399,Winter,1.0
1971-02-21,USC00274399,Winter,1.0
1971-02-23,USC00274399,Winter,1.0
1971-02-24,USC00274399,Winter,1.0
1971-03-04,USC00274399,Spring,1.0
1971-03-05,USC00274399,Spring,1.0
1971-03-07,USC00274399,Spring,1.0
1971-03-08,USC00274399,Spring,1.0
1972-02-04,USC00274399,Winter,1.0
1972-03-04,USC00274399,Spring,1.0
1972-03-05,USC00274399,Spring,1.0
1972-04-10,USC00274399,Spring,1.0
1972-04-11,USC00274399,Spring,1.0
1972-11-15,USC00274399,Fall,1.0
1972-12-06,USC00274399,Winter,1.0
1972-12-22,USC00274399,Winter,1.0
1972-12-30,USC00274399,Winter,1.0
1972-12-31,USC00274399,Winter,1.0
1973-01-01,USC00274399,Winter,1.0
1973-02-02,USC00274399,Winter,1.0
1973-12-18,USC00274399,Winter,1.0
1973-12-20,USC00274399,Winter,1.0
1974-01-09,USC00274399,Winter,1.0
1974-01-10,USC00274399,Winter,1.0
1974-01-11,USC00274399,Winter,1.0
1974-03-04,USC00274399,Spring,1.0
1974-03-21,USC00274399,Spring,1.0
1975-12-26,USC00274399,Winter,1.0
1976-03-04,USC00274399,Spring,1.0
1976-03-13,USC00274399,Spring,1.0
1977-01-11,USC00274399,Winter,1.0
1978-12-09,USC00274399,Winter,1.0
1982-02-01,USC00274399,Winter,1.0
1983-03-12,USC00274399,Spring,1.0
1984-01-24,USC00274399,Winter,1.0
1984-02-28,USC00274399,Winter,1.0
1984-12-14,USC00274399,Winter,1.0
1984-12-15,USC00274399,Winter,1.0
1986-12-09,USC00274399,Winter,1.0
1987-03-01,USC00274399,Spring,1.0
1989-02-14,USC00274399,Winter,1.0
1989-02-15,USC00274399,Winter,1.0
1989-03-05,USC00274399,Spring,1.0
1989-03-06,USC00274399,Spring,1.0
1989-12-07,USC00274399,Winter,1.0
1990-12-29,USC00274399,Winter,1.0
1990-12-30,USC00274399,Winter,1.0
1991-03-22,USC00274399,Spring,1.0
1991-03-23,USC00274399,Spring,1.0
1991-11-11,USC00274399,Fall,1.0
1991-12-03,USC00274399,Winter,1.0
1994-01-28,USC00274399,Winter,1.0
1998-12-22,USC00274399,Winter,1.0
2000-03-11,USC00274399,Spring,1.0
2001-02-25,USC00274399,Winter,1.0
2001-10-07,USC00274399,Fall,1.0
2001-12-17,USC00274399,Winter,1.0
2002-01-31,USC00274399,Winter,1.0
2002-03-26,USC00274399,Spring,1.0
2002-04-22,USC00274399,Spring,1.0
2002-04-28,USC00274399,Spring,1.0
2002-11-17,USC00274399,Fall,1.0
2002-11-18,USC00274399,Fall,1.0
2003-02-22,USC00274399,Winter,1.0
2003-04-03,USC00274399,Spring,1.0
2003-04-04,USC00274399,Spring,1.0
2003-04-05,USC00274399,Spring,1.0
2003-12-14,USC00274399,Winter,1.0
2003-12-15,USC00274399,Winter,1.0
2003-12-17,USC00274399,Winter,1.0
2004-01-04,USC00274399,Winter,1.0
2004-01-05,USC00274399,Winter,1.0
2004-03-04,USC00274399,Spring,1.0
2004-03-20,USC00274399,Spring,1.0
2004-04-02,USC00274399,Spring,1.0
2004-12-07,USC00274399,Winter,1.0
2005-01-02,USC00274399,Winter,1.0
2005-01-06,USC00274399,Winter,1.0
2005-01-12,USC00274399,Winter,1.0
2005-02-21,USC00274399,Winter,1.0
2005-10-25,USC00274399,Fall,1.0
2005-11-15,USC00274399,Fall,1.0
2005-12-16,USC00274399,Winter,1.0
2006-01-15,USC00274399,Winter,1.0
2006-03-09,USC00274399,Spring,1.0
2006-12-22,USC00274399,Winter,1.0
2006-12-24,USC00274399,Winter,1.0
2006-12-25,USC00274399,Winter,1.0
2007-01-14,USC00274399,Winter,1.0
2007-01-15,USC00274399,Winter,1.0
2007-02-14,USC00274399,Winter,1.0
2007-03-02,USC00274399,Spring,1.0
2007-03-17,USC00274399,Spring,1.0
2007-04-04,USC00274399,Spring,1.0
2007-04-12,USC00274399,Spring,1.0
2007-04-15,USC00274399,Spring,1.0
2007-11-16,USC00274399,Fall,1.0
2007-12-10,USC00274399,Winter,1.0
2007-12-16,USC00274399,Winter,1.0
2007-12-27,USC00274399,Winter,1.0
2008-01-18,USC00274399,Winter,1.0
2008-02-01,USC00274399,Winter,1.0
2008-02-05,USC00274399,Winter,1.0
2008-02-13,USC00274399,Winter,1.0
2008-02-17,USC00274399,Winter,1.0
2008-03-19,USC00274399,Spring,1.0
2008-04-04,USC00274399,Spring,1.0
2008-12-11,USC00274399,Winter,1.0
2008-12-17,USC00274399,Winter,1.0
2008-12-27,USC00274399,Winter,1.0
2009-01-07,USC00274399,Winter,1.0
2009-01-28,USC00274399,Winter,1.0
2009-02-26,USC00274399,Winter,1.0
2009-03-11,USC00274399,Spring,1.0
2009-04-04,USC00274399,Spring,1.0
2009-12-13,USC00274399,Winter,1.0
2010-03-11,USC00274399,Spring,1.0
2010-04-16,USC00274399,Spring,1.0
2010-11-08,USC00274399,Fall,1.0
2010-12-12,USC00274399,Winter,1.0
2011-01-18,USC00274399,Winter,1.0
2011-02-02,USC00274399,Winter,1.0
2011-02-05,USC00274399,Winter,1.0
2011-02-28,USC00274399,Winter,1.0
2011-03-05,USC00274399,Spring,1.0
2011-03-07,USC00274399,Spring,1.0
2011-03-10,USC00274399,Spring,1.0
2011-03-16,USC00274399,Spring,1.0
2011-12-23,USC00274399,Winter,1.0
2012-02-24,USC00274399,Winter,1.0
2012-03-03,USC00274399,Spring,1.0
2012-03-28,USC00274399,Spring,1.0
2012-11-09,USC00274399,Fall,1.0
2012-12-17,USC00274399,Winter,1.0
2012-12-28,USC00274399,Winter,1.0
2013-01-29,USC00274399,Winter,1.0
2013-02-12,USC00274399,Winter,1.0
2013-02-24,USC00274399,Winter,1.0
2013-03-07,USC00274399,Spring,1.0
2013-03-20,USC00274399,Spring,1.0
2013-04-13,USC00274399,Spring,1.0
2013-12-10,USC00274399,Winter,1.0
2014-03-28,USC00274399,Spring,1.0
2014-03-29,USC00274399,Spring,1.0
2014-12-03,USC00274399,Winter,1.0
2014-12-06,USC00274399,Winter,1.0
2014-12-10,USC00274399,Winter,1.0
2014-12-22,USC00274399,Winter,1.0
2015-01-04,USC00274399,Winter,1.0
2015-01-31,USC00274399,Winter,1.0
2015-03-26,USC00274399,Spring,1.0
2015-03-31,USC00274399,Spring,1.0
2015-04-09,USC00274399,Spring,1.0
2015-04-21,USC00274399,Spring,1.0
2015-12-29,USC00274399,Winter,1.0
2015-12-30,USC00274399,Winter,1.0
2015-12-31,USC00274399,Winter,1.0
2016-02-16,USC00274399,Winter,1.0
2016-03-15,USC00274399,Spring,1.0
2016-04-27,USC00274399,Spring,1.0
2016-12-25,USC00274399,Winter,1.0
2017-01-18,USC00274399,Winter,1.0
2017-01-24,USC00274399,Winter,1.0
2017-01-25,USC00274399,Winter,1.0
2017-02-08,USC00274399,Winter,1.0
2017-03-26,USC00274399,Spring,1.0
2017-04-01,USC00274399,Spring,1.0
2017-04-02,USC00274399,Spring,1.0
2017-12-23,USC00274399,Winter,1.0
2018-02-26,USC00274399,Winter,1.0
2018-03-02,USC00274399,Spring,1.0
2018-03-03,USC00274399,Spring,1.0
2018-04-15,USC00274399,Spring,1.0
2018-04-16,USC00274399,Spring,1.0
2018-11-16,USC00274399,Fall,1.0
2018-12-02,USC00274399,Winter,1.0
2018-12-17,USC00274399,Winter,1.0
2018-12-28,USC00274399,Winter,1.0
2019-01-01,USC00274399,Winter,1.0
2019-01-20,USC00274399,Winter,1.0
2019-01-21,USC00274399,Winter,1.0
2019-02-13,USC00274399,Winter,1.0
2019-02-21,USC00274399,Winter,1.0
2019-02-24,USC00274399,Winter,1.0
2019-02-25,USC00274399,Winter,1.0
2019-04-10,USC00274399,Spring,1.0
2019-12-31,USC00274399,Winter,1.0
2020-02-06,USC00274399,Winter,1.0
2020-02-07,USC00274399,Winter,1.0
2020-02-19,USC00274399,Winter,1.0
2021-01-03,USC00274399,Winter,1.0
2021-02-16,USC00274399,Winter,1.0
2021-12-19,USC00274399,Winter,1.0
2022-01-10,USC00274399,Winter,1.0
2022-02-05,USC00274399,Winter,1.0
2022-03-24,USC00274399,Spring,1.0
2023-01-20,USC00274399,Winter,1.0
2023-01-23,USC00274399,Winter,1.0
2023-01-24,USC00274399,Winter,1.0
2023-02-08,USC00274399,Winter,1.0
2023-02-23,USC00274399,Winter,1.0
2023-02-24,USC00274399,Winter,1.0
2023-05-02,USC00274399,Spring,1.0
2023-11-09,USC00274399,Fall,1.0
2023-12-24,USC00274399,Winter,1.0
2024-01-10,USC00274399,Winter,1.0
2024-01-27,USC00274399,Winter,1.0
2024-03-23,USC00274399,Spring,1.0
2024-04-04,USC00274399,Spring,1.0
2024-04-05,USC00274399,Spring,1.0
1943-12-06,USC00275211,Winter,1.0
1946-12-29,USC00275211,Winter,1.0
1950-01-11,USC00275211,Winter,1.0
1950-01-18,USC00275211,Winter,1.0
1950-01-24,USC00275211,Winter,1.0
1950-02-02,USC00275211,Winter,1.0
1951-01-29,USC00275211,Winter,1.0
1951-02-27,USC00275211,Winter,1.0
2019-01-20,USC00275211,Winter,1.0
2019-12-30,USC00275211,Winter,1.0
2024-03-23,USC00275211,Spring,1.0
2024-03-24,USC00275211,Spring,1.0
1942-12-30,USC00275868,Winter,1.0
1943-01-19,USC00275868,Winter,1.0
1943-03-16,USC00275868,Spring,1.0
1947-01-20,USC00275868,Winter,1.0
1965-02-11,USC00275868,Winter,1.0
1965-02-12,USC00275868,Winter,1.0
1965-02-13,USC00275868,Winter,1.0
1969-12-27,USC00275868,Winter,1.0
1970-02-04,USC00275868,Winter,1.0
1970-03-05,USC00275868,Spring,1.0
1970-03-23,USC00275868,Spring,1.0
1970-04-02,USC00275868,Spring,1.0
1971-01-14,USC00275868,Winter,1.0
1971-01-27,USC00275868,Winter,1.0
1971-02-06,USC00275868,Winter,1.0
1971-02-09,USC00275868,Winter,1.0
1971-02-20,USC00275868,Winter,1.0
1971-02-21,USC00275868,Winter,1.0
1971-02-23,USC00275868,Winter,1.0
1971-03-08,USC00275868,Spring,1.0
1971-04-07,USC00275868,Spring,1.0
1971-04-17,USC00275868,Spring,1.0
1971-12-06,USC00275868,Winter,1.0
1971-12-15,USC00275868,Winter,1.0
1971-12-28,USC00275868,Winter,1.0
1972-01-03,USC00275868,Winter,1.0
1972-02-13,USC00275868,Winter,1.0
1972-03-04,USC00275868,Spring,1.0
1972-12-04,USC00275868,Winter,1.0
1972-12-05,USC00275868,Winter,1.0
1972-12-31,USC00275868,Winter,1.0
1973-01-04,USC00275868,Winter,1.0
1973-02-02,USC00275868,Winter,1.0
1973-02-03,USC00275868,Winter,1.0
1973-04-02,USC00275868,Spring,1.0
1973-12-17,USC00275868,Winter,1.0
1973-12-18,USC00275868,Winter,1.0
1974-02-19,USC00275868,Winter,1.0
1974-02-22,USC00275868,Winter,1.0
1974-03-03,USC00275868,Spring,1.0
1974-03-10,USC00275868,Spring,1.0
1974-03-21,USC00275868,Spring,1.0
1974-11-13,USC00275868,Fall,1.0
1975-01-26,USC00275868,Winter,1.0
1975-04-03,USC00275868,Spring,1.0
1975-12-14,USC00275868,Winter,1.0
1975-12-15,USC00275868,Winter,1.0
1976-02-15,USC00275868,Winter,1.0
1976-03-13,USC00275868,Spring,1.0
1976-06-30,USC00275868,Summer,1.0
1976-07-01,USC00275868,Summer,1.0
1977-01-25,USC00275868,Winter,1.0
1977-01-26,USC00275868,Winter,1.0
1977-02-04,USC00275868,Winter,1.0
1977-02-13,USC00275868,Winter,1.0
1977-02-24,USC00275868,Winter,1.0
1977-02-25,USC00275868,Winter,1.0
1977-12-06,USC00275868,Winter,1.0
1977-12-15,USC00275868,Winter,1.0
1978-01-10,USC00275868,Winter,1.0
1978-01-14,USC00275868,Winter,1.0
1978-11-21,USC00275868,Fall,1.0
1978-11-30,USC00275868,Fall,1.0
1979-02-25,USC00275868,Winter,1.0
1979-02-26,USC00275868,Winter,1.0
1979-04-02,USC00275868,Spring,1.0
1980-03-08,USC00275868,Spring,1.0
1980-03-14,USC00275868,Spring,1.0
1980-03-21,USC00275868,Spring,1.0
1980-04-04,USC00275868,Spring,1.0
1980-04-22,USC00275868,Spring,1.0
1980-11-10,USC00275868,Fall,1.0
1980-11-29,USC00275868,Fall,1.0
1981-11-26,USC00275868,Fall,1.0
1981-11-27,USC00275868,Fall,1.0
1981-11-29,USC00275868,Fall,1.0
1981-12-02,USC00275868,Winter,1.0
1981-12-06,USC00275868,Winter,1.0
1981-12-23,USC00275868,Winter,1.0
1982-01-04,USC00275868,Winter,1.0
1982-02-01,USC00275868,Winter,1.0
1982-02-03,USC00275868,Winter,1.0
1982-03-07,USC00275868,Spring,1.0
1982-03-22,USC00275868,Spring,1.0
1982-11-29,USC00275868,Fall,1.0
1982-12-24,USC00275868,Winter,1.0
1983-01-23,USC00275868,Winter,1.0
1983-03-07,USC00275868,Spring,1.0
1983-03-08,USC00275868,Spring,1.0
1983-03-09,USC00275868,Spring,1.0
1983-03-22,USC00275868,Spring,1.0
1983-03-28,USC00275868,Spring,1.0
1983-04-03,USC00275868,Spring,1.0
1983-04-17,USC00275868,Spring,1.0
1983-04-19,USC00275868,Spring,1.0
1983-11-12,USC00275868,Fall,1.0
1983-11-25,USC00275868,Fall,1.0
1983-12-06,USC00275868,Winter,1.0
1984-12-03,USC00275868,Winter,1.0
1984-12-15,USC00275868,Winter,1.0
1984-12-28,USC00275868,Winter,1.0
1985-01-01,USC00275868,Winter,1.0
1985-02-12,USC00275868,Winter,1.0
1985-03-04,USC00275868,Spring,1.0
1985-11-22,USC00275868,Fall,1.0
1985-11-26,USC00275868,Fall,1.0
1985-11-27,USC00275868,Fall,1.0
1986-02-02,USC00275868,Winter,1.0
1986-02-18,USC00275868,Winter,1.0
1986-03-06,USC00275868,Spring,1.0
1986-03-13,USC00275868,Spring,1.0
1986-03-15,USC00275868,Spring,1.0
1986-12-09,USC00275868,Winter,1.0
1987-10-11,USC00275868,Fall,1.0
1988-02-19,USC00275868,Winter,1.0
1988-04-16,USC00275868,Spring,1.0
1988-12-24,USC00275868,Winter,1.0
1989-01-07,USC00275868,Winter,1.0
1989-01-12,USC00275868,Winter,1.0
1989-01-20,USC00275868,Winter,1.0
1989-01-26,USC00275868,Winter,1.0
1989-02-02,USC00275868,Winter,1.0
1989-02-14,USC00275868,Winter,1.0
1989-02-15,USC00275868,Winter,1.0
1989-03-04,USC00275868,Spring,1.0
1989-03-24,USC00275868,Spring,1.0
1989-03-30,USC00275868,Spring,1.0
1989-03-31,USC00275868,Spring,1.0
1989-11-21,USC00275868,Fall,1.0
1989-12-31,USC00275868,Winter,1.0
1990-01-29,USC00275868,Winter,1.0
1990-02-02,USC00275868,Winter,1.0
1990-03-20,USC00275868,Spring,1.0
1990-11-23,USC00275868,Fall,1.0
1990-12-15,USC00275868,Winter,1.0
1990-12-16,USC00275868,Winter,1.0
1990-12-31,USC00275868,Winter,1.0
1991-01-12,USC00275868,Winter,1.0
1991-01-17,USC00275868,Winter,1.0
1991-01-31,USC00275868,Winter,1.0
1991-02-14,USC00275868,Winter,1.0
1991-03-04,USC00275868,Spring,1.0
1991-03-24,USC00275868,Spring,1.0
1991-11-12,USC00275868,Fall,1.0
1991-12-03,USC00275868,Winter,1.0
1991-12-23,USC00275868,Winter,1.0
1992-01-23,USC00275868,Winter,1.0
1992-02-15,USC00275868,Winter,1.0
1992-02-25,USC00275868,Winter,1.0
1992-02-28,USC00275868,Winter,1.0
1992-04-11,USC00275868,Spring,1.0
1992-04-12,USC00275868,Spring,1.0
1992-04-17,USC00275868,Spring,1.0
1992-11-03,USC00275868,Fall,1.0
1992-11-05,USC00275868,Fall,1.0
1992-11-25,USC00275868,Fall,1.0
1993-01-22,USC00275868,Winter,1.0
1993-02-13,USC00275868,Winter,1.0
1993-03-09,USC00275868,Spring,1.0
1993-12-04,USC00275868,Winter,1.0
1993-12-21,USC00275868,Winter,1.0
1994-02-24,USC00275868,Winter,1.0
1994-03-08,USC00275868,Spring,1.0
1994-03-22,USC00275868,Spring,1.0
1994-04-07,USC00275868,Spring,1.0
1994-11-28,USC00275868,Fall,1.0
1995-02-24,USC00275868,Winter,1.0
1995-02-28,USC00275868,Winter,1.0
1995-03-22,USC00275868,Spring,1.0
1996-02-08,USC00275868,Winter,1.0
1996-02-11,USC00275868,Winter,1.0
1996-04-13,USC00275868,Spring,1.0
1996-04-14,USC00275868,Spring,1.0
1997-02-14,USC00275868,Winter,1.0
1997-03-14,USC00275868,Spring,1.0
1997-04-12,USC00275868,Spring,1.0
1998-03-19,USC00275868,Spring,1.0
1998-03-21,USC00275868,Spring,1.0
1998-12-21,USC00275868,Winter,1.0
1999-01-13,USC00275868,Winter,1.0
1999-02-18,USC00275868,Winter,1.0
2000-03-17,USC00275868,Spring,1.0
2000-11-26,USC00275868,Fall,1.0
2000-12-14,USC00275868,Winter,1.0
2000-12-16,USC00275868,Winter,1.0
2000-12-30,USC00275868,Winter,1.0
2001-01-30,USC00275868,Winter,1.0
2001-02-26,USC00275868,Winter,1.0
2001-03-09,USC00275868,Spring,1.0
2001-03-13,USC00275868,Spring,1.0
2001-03-30,USC00275868,Spring,1.0
2001-12-17,USC00275868,Winter,1.0
2002-01-09,USC00275868,Winter,1.0
2002-01-11,USC00275868,Winter,1.0
2002-01-31,USC00275868,Winter,1.0
2002-03-21,USC00275868,Spring,1.0
2002-04-22,USC00275868,Spring,1.0
2002-11-06,USC00275868,Fall,1.0
2002-11-17,USC00275868,Fall,1.0
2003-02-24,USC00275868,Winter,1.0
2003-11-05,USC00275868,Fall,1.0
2003-11-06,USC00275868,Fall,1.0
2004-07-07,USC00275868,Summer,1.0
2004-12-07,USC00275868,Winter,1.0
2005-01-12,USC00275868,Winter,1.0
2005-03-28,USC00275868,Spring,1.0
2005-11-15,USC00275868,Fall,1.0
2005-12-16,USC00275868,Winter,1.0
2005-12-23,USC00275868,Winter,1.0
2006-01-21,USC00275868,Winter,1.0
2006-12-11,USC00275868,Winter,1.0
2007-01-01,USC00275868,Winter,1.0
2007-01-15,USC00275868,Winter,1.0
2007-03-02,USC00275868,Spring,1.0
2007-04-04,USC00275868,Spring,1.0
2007-04-12,USC00275868,Spring,1.0
2007-04-15,USC00275868,Spring,1.0
2007-12-11,USC00275868,Winter,1.0
2007-12-16,USC00275868,Winter,1.0
2008-01-18,USC00275868,Winter,1.0
2008-02-01,USC00275868,Winter,1.0
2008-02-05,USC00275868,Winter,1.0
2008-02-13,USC00275868,Winter,1.0
2008-03-04,USC00275868,Spring,1.0
2008-03-05,USC00275868,Spring,1.0
2009-01-05,USC00275868,Winter,1.0
2009-01-07,USC00275868,Winter,1.0
2009-12-13,USC00275868,Winter,1.0
2010-11-26,USC00275868,Fall,1.0
2011-01-19,USC00275868,Winter,1.0
2011-02-28,USC00275868,Winter,1.0
2011-03-06,USC00275868,Spring,1.0
2011-03-07,USC00275868,Spring,1.0
2011-04-23,USC00275868,Spring,1.0
2012-01-13,USC00275868,Winter,1.0
2012-02-24,USC00275868,Winter,1.0
2012-11-09,USC00275868,Fall,1.0
2012-12-17,USC00275868,Winter,1.0
2013-02-24,USC00275868,Winter,1.0
2013-02-27,USC00275868,Winter,1.0
2013-04-12,USC00275868,Spring,1.0
2013-06-18,USC00275868,Summer,1.0
2014-01-11,USC00275868,Winter,1.0
2014-03-13,USC00275868,Spring,1.0
2014-11-17,USC00275868,Fall,1.0
2015-01-04,USC00275868,Winter,1.0
2015-03-15,USC00275868,Spring,1.0
2015-03-16,USC00275868,Spring,1.0
2017-01-24,USC00275868,Winter,1.0
2017-02-02,USC00275868,Winter,1.0
2017-03-25,USC00275868,Spring,1.0
2018-02-26,USC00275868,Winter,1.0
2018-03-08,USC00275868,Spring,1.0
2018-04-16,USC00275868,Spring,1.0
2018-10-28,USC00275868,Fall,1.0
2018-12-28,USC00275868,Winter,1.0
2019-01-20,USC00275868,Winter,1.0
2019-02-13,USC00275868,Winter,1.0
2019-04-06,USC00275868,Spring,1.0
2019-12-31,USC00275868,Winter,1.0
2021-01-02,USC00275868,Winter,1.0
2021-02-16,USC00275868,Winter,1.0
2021-11-19,USC00275868,Fall,1.0
2022-12-14,USC00275868,Winter,1.0
2023-01-13,USC00275868,Winter,1.0
2023-02-26,USC00275868,Winter,1.0
2024-01-10,USC00275868,Winter,1.0
2024-01-26,USC00275868,Winter,1.0
2024-03-23,USC00275868,Spring,1.0
2024-04-04,USC00275868,Spring,1.0
2024-11-28,USC00275868,Fall,1.0
1978-03-27,USC00275995,Spring,1.0
1978-04-01,USC00275995,Spring,1.0
1979-02-27,USC00275995,Winter,1.0
1982-02-01,USC00275995,Winter,1.0
1982-02-04,USC00275995,Winter,1.0
1982-04-04,USC00275995,Spring,1.0
1990-01-10,USC00275995,Winter,1.0
1990-04-06,USC00275995,Spring,1.0
2003-12-13,USC00275995,Winter,1.0
2003-12-14,USC00275995,Winter,1.0
2003-12-19,USC00275995,Winter,1.0
2003-12-20,USC00275995,Winter,1.0
2003-12-21,USC00275995,Winter,1.0
2003-12-22,USC00275995,Winter,1.0
2003-12-23,USC00275995,Winter,1.0
2003-12-24,USC00275995,Winter,1.0
2007-11-26,USC00275995,Fall,1.0
2007-12-29,USC00275995,Winter,1.0
2008-01-11,USC00275995,Winter,1.0
2008-02-02,USC00275995,Winter,1.0
2008-02-13,USC00275995,Winter,1.0
2008-02-18,USC00275995,Winter,1.0
2008-03-04,USC00275995,Spring,1.0
2008-03-05,USC00275995,Spring,1.0
2009-03-07,USC00275995,Spring,1.0
2009-03-09,USC00275995,Spring,1.0
2009-03-11,USC00275995,Spring,1.0
2009-12-10,USC00275995,Winter,1.0
2012-01-18,USC00275995,Winter,1.0
2012-01-24,USC00275995,Winter,1.0
2012-01-28,USC00275995,Winter,1.0
2013-03-01,USC00275995,Spring,1.0
2013-03-07,USC00275995,Spring,1.0
2013-04-12,USC00275995,Spring,1.0
2015-12-29,USC00275995,Winter,1.0
2016-11-29,USC00275995,Fall,1.0
2017-05-23,USC00275995,Spring,1.0
2017-11-16,USC00275995,Fall,1.0
2018-11-25,USC00275995,Fall,1.0
2020-03-30,USC00275995,Spring,1.0
2020-10-26,USC00275995,Fall,1.0
2020-12-31,USC00275995,Winter,1.0
2021-02-16,USC00275995,Winter,1.0
2021-02-17,USC00275995,Winter,1.0
2021-12-03,USC00275995,Winter,1.0
2021-12-16,USC00275995,Winter,1.0
2021-12-22,USC00275995,Winter,1.0
2021-12-23,USC00275995,Winter,1.0
2022-01-10,USC00275995,Winter,1.0
2022-01-18,USC00275995,Winter,1.0
2022-02-08,USC00275995,Winter,1.0
2022-03-24,USC00275995,Spring,1.0
2022-03-25,USC00275995,Spring,1.0
2022-11-17,USC00275995,Fall,1.0
2023-01-05,USC00275995,Winter,1.0
2023-01-17,USC00275995,Winter,1.0
2023-01-26,USC00275995,Winter,1.0
2023-02-10,USC00275995,Winter,1.0
2023-02-18,USC00275995,Winter,1.0
2023-03-18,USC00275995,Spring,1.0
2023-04-06,USC00275995,Spring,1.0
2023-11-10,USC00275995,Fall,1.0
2024-01-13,USC00275995,Winter,1.0
2024-01-14,USC00275995,Winter,1.0
2024-01-25,USC00275995,Winter,1.0
2024-01-26,USC00275995,Winter,1.0
2024-01-27,USC00275995,Winter,1.0
2024-02-18,USC00275995,Winter,1.0
2024-03-10,USC00275995,Spring,1.0
2024-03-11,USC00275995,Spring,1.0
2024-11-27,USC00275995,Fall,1.0
1949-11-16,USC00276818,Fall,1.0
1949-11-25,USC00276818,Fall,1.0
1950-01-03,USC00276818,Winter,1.0
1950-01-06,USC00276818,Winter,1.0
1950-01-11,USC00276818,Winter,1.0
1950-01-13,USC00276818,Winter,1.0
1950-01-25,USC00276818,Winter,1.0
1950-01-29,USC00276818,Winter,1.0
1950-09-24,USC00276818,Fall,1.0
1950-10-23,USC00276818,Fall,1.0
1950-11-25,USC00276818,Fall,1.0
1950-12-12,USC00276818,Winter,1.0
1951-01-15,USC00276818,Winter,1.0
1951-02-02,USC00276818,Winter,1.0
1951-03-30,USC00276818,Spring,1.0
1951-03-31,USC00276818,Spring,1.0
1951-04-01,USC00276818,Spring,1.0
1951-05-11,USC00276818,Spring,1.0
1952-01-18,USC00276818,Winter,1.0
1952-02-04,USC00276818,Winter,1.0
1952-03-23,USC00276818,Spring,1.0
1952-03-25,USC00276818,Spring,1.0
1952-04-13,USC00276818,Spring,1.0
1952-04-20,USC00276818,Spring,1.0
1952-10-28,USC00276818,Fall,1.0
1952-12-23,USC00276818,Winter,1.0
1953-03-04,USC00276818,Spring,1.0
1953-12-07,USC00276818,Winter,1.0
1954-12-14,USC00276818,Winter,1.0
1954-12-30,USC00276818,Winter,1.0
1955-02-10,USC00276818,Winter,1.0
1955-03-22,USC00276818,Spring,1.0
1955-05-16,USC00276818,Spring,1.0
1955-11-16,USC00276818,Fall,1.0
1955-12-04,USC00276818,Winter,1.0
1956-01-14,USC00276818,Winter,1.0
1956-01-15,USC00276818,Winter,1.0
1956-03-07,USC00276818,Spring,1.0
1956-03-08,USC00276818,Spring,1.0
1956-03-09,USC00276818,Spring,1.0
1956-03-11,USC00276818,Spring,1.0
1956-05-17,USC00276818,Spring,1.0
1956-12-13,USC00276818,Winter,1.0
1956-12-24,USC00276818,Winter,1.0
1957-03-09,USC00276818,Spring,1.0
1957-04-05,USC00276818,Spring,1.0
1957-04-07,USC00276818,Spring,1.0
1957-10-02,USC00276818,Fall,1.0
1957-10-03,USC00276818,Fall,1.0
1957-12-16,USC00276818,Winter,1.0
1957-12-26,USC00276818,Winter,1.0
1958-05-03,USC00276818,Spring,1.0
1959-01-16,USC00276818,Winter,1.0
1959-01-21,USC00276818,Winter,1.0
1959-03-16,USC00276818,Spring,1.0
1959-05-16,USC00276818,Spring,1.0
1959-09-15,USC00276818,Fall,1.0
1959-11-07,USC00276818,Fall,1.0
1959-11-16,USC00276818,Fall,1.0
1959-12-13,USC00276818,Winter,1.0
1960-02-10,USC00276818,Winter,1.0
1960-02-11,USC00276818,Winter,1.0
1960-02-14,USC00276818,Winter,1.0
1960-04-05,USC00276818,Spring,1.0
1961-04-01,USC00276818,Spring,1.0
1961-04-16,USC00276818,Spring,1.0
1961-11-01,USC00276818,Fall,1.0
1961-12-13,USC00276818,Winter,1.0
1962-01-07,USC00276818,Winter,1.0
1962-11-03,USC00276818,Fall,1.0
1962-11-04,USC00276818,Fall,1.0
1962-12-06,USC00276818,Winter,1.0
1963-01-13,USC00276818,Winter,1.0
1963-01-20,USC00276818,Winter,1.0
1963-03-17,USC00276818,Spring,1.0
1963-11-12,USC00276818,Fall,1.0
1963-11-28,USC00276818,Fall,1.0
1964-03-26,USC00276818,Spring,1.0
1965-02-11,USC00276818,Winter,1.0
1965-02-12,USC00276818,Winter,1.0
1965-02-26,USC00276818,Winter,1.0
1965-03-27,USC00276818,Spring,1.0
1965-04-13,USC00276818,Spring,1.0
1965-10-04,USC00276818,Fall,1.0
1965-11-16,USC00276818,Fall,1.0
1965-11-17,USC00276818,Fall,1.0
1965-11-18,USC00276818,Fall,1.0
1965-12-15,USC00276818,Winter,1.0
1965-12-25,USC00276818,Winter,1.0
1965-12-26,USC00276818,Winter,1.0
1966-02-14,USC00276818,Winter,1.0
1966-03-01,USC00276818,Spring,1.0
1966-03-05,USC00276818,Spring,1.0
1966-04-29,USC00276818,Spring,1.0
1966-05-08,USC00276818,Spring,1.0
1966-09-25,USC00276818,Fall,1.0
1966-10-29,USC00276818,Fall,1.0
1967-01-07,USC00276818,Winter,1.0
1967-01-28,USC00276818,Winter,1.0
1967-04-15,USC00276818,Spring,1.0
1967-04-16,USC00276818,Spring,1.0
1967-04-17,USC00276818,Spring,1.0
1967-04-18,USC00276818,Spring,1.0
1967-04-19,USC00276818,Spring,1.0
1967-05-21,USC00276818,Spring,1.0
1967-10-20,USC00276818,Fall,1.0
1967-12-04,USC00276818,Winter,1.0
1968-01-15,USC00276818,Winter,1.0
1968-03-22,USC00276818,Spring,1.0
1968-03-23,USC00276818,Spring,1.0
1968-04-01,USC00276818,Spring,1.0
1968-04-02,USC00276818,Spring,1.0
1968-04-06,USC00276818,Spring,1.0
1968-11-29,USC00276818,Fall,1.0
1968-11-30,USC00276818,Fall,1.0
1968-12-05,USC00276818,Winter,1.0
1968-12-29,USC00276818,Winter,1.0
1969-01-19,USC00276818,Winter,1.0
1969-02-01,USC00276818,Winter,1.0
1969-02-02,USC00276818,Winter,1.0
1969-02-20,USC00276818,Winter,1.0
1969-11-20,USC00276818,Fall,1.0
1969-11-23,USC00276818,Fall,1.0
1970-02-11,USC00276818,Winter,1.0
1970-04-03,USC00276818,Spring,1.0
1970-04-21,USC00276818,Spring,1.0
1970-11-06,USC00276818,Fall,1.0
1971-10-13,USC00276818,Fall,1.0
1971-11-19,USC00276818,Fall,1.0
1972-03-02,USC00276818,Spring,1.0
1974-09-30,USC00276818,Fall,1.0
1974-10-01,USC00276818,Fall,1.0
1974-12-03,USC00276818,Winter,1.0
1975-01-29,USC00276818,Winter,1.0
1975-02-18,USC00276818,Winter,1.0
1975-02-24,USC00276818,Winter,1.0
1975-02-25,USC00276818,Winter,1.0
1975-02-26,USC00276818,Winter,1.0
1975-12-27,USC00276818,Winter,1.0
1976-01-14,USC00276818,Winter,1.0
1976-01-28,USC00276818,Winter,1.0
1976-01-29,USC00276818,Winter,1.0
1976-02-02,USC00276818,Winter,1.0
1977-12-01,USC00276818,Winter,1.0
1978-01-09,USC00276818,Winter,1.0
1978-01-10,USC00276818,Winter,1.0
1978-01-15,USC00276818,Winter,1.0
1978-01-26,USC00276818,Winter,1.0
1978-04-05,USC00276818,Spring,1.0
1978-04-12,USC00276818,Spring,1.0
1979-01-22,USC00276818,Winter,1.0
1979-02-27,USC00276818,Winter,1.0
1979-12-11,USC00276818,Winter,1.0
1979-12-12,USC00276818,Winter,1.0
1980-01-12,USC00276818,Winter,1.0
1980-03-09,USC00276818,Spring,1.0
1980-03-18,USC00276818,Spring,1.0
1980-03-19,USC00276818,Spring,1.0
1980-03-22,USC00276818,Spring,1.0
1980-04-15,USC00276818,Spring,1.0
1980-11-29,USC00276818,Fall,1.0
1981-12-02,USC00276818,Winter,1.0
1983-03-08,USC00276818,Spring,1.0
1983-03-10,USC00276818,Spring,1.0
1983-03-11,USC00276818,Spring,1.0
1983-04-03,USC00276818,Spring,1.0
1983-04-17,USC00276818,Spring,1.0
1983-05-10,USC00276818,Spring,1.0
1983-05-12,USC00276818,Spring,1.0
1984-04-05,USC00276818,Spring,1.0
1984-04-06,USC00276818,Spring,1.0
1996-01-20,USC00276818,Winter,1.0
1996-01-25,USC00276818,Winter,1.0
1996-01-27,USC00276818,Winter,1.0
1996-01-28,USC00276818,Winter,1.0
1996-03-20,USC00276818,Spring,1.0
1996-04-16,USC00276818,Spring,1.0
1997-01-05,USC00276818,Winter,1.0
1997-01-25,USC00276818,Winter,1.0
1997-02-21,USC00276818,Winter,1.0
1997-10-27,USC00276818,Fall,1.0
1997-10-28,USC00276818,Fall,1.0
1998-03-09,USC00276818,Spring,1.0
1998-09-28,USC00276818,Fall,1.0
2002-03-30,USC00276818,Spring,1.0
2004-12-11,USC00276818,Winter,1.0
2018-11-10,USC00276818,Fall,1.0
2019-02-13,USC00276818,Winter,1.0
2021-02-16,USC00276818,Winter,1.0
2021-03-01,USC00276818,Spring,1.0
2021-03-29,USC00276818,Spring,1.0
2022-03-24,USC00276818,Spring,1.0
2022-11-26,USC00276818,Fall,1.0
2023-01-05,USC00276818,Winter,1.0
2023-04-06,USC00276818,Spring,1.0
1948-01-02,USW00014745,Winter,1.0
1948-02-13,USW00014745,Winter,1.0
1948-03-07,USW00014745,Spring,1.0
1948-03-19,USW00014745,Spring,1.0
1948-04-11,USW00014745,Spring,1.0
1948-04-14,USW00014745,Spring,1.0
1948-12-16,USW00014745,Winter,1.0
1948-12-29,USW00014745,Winter,1.0
1949-01-18,USW00014745,Winter,1.0
1949-01-22,USW00014745,Winter,1.0
1949-01-31,USW00014745,Winter,1.0
1949-02-07,USW00014745,Winter,1.0
1949-02-20,USW00014745,Winter,1.0
1949-02-22,USW00014745,Winter,1.0
1949-02-23,USW00014745,Winter,1.0
1949-03-10,USW00014745,Spring,1.0
1949-03-11,USW00014745,Spring,1.0
1949-04-06,USW00014745,Spring,1.0
1949-04-19,USW00014745,Spring,1.0
1950-01-07,USW00014745,Winter,1.0
1950-01-10,USW00014745,Winter,1.0
1950-01-15,USW00014745,Winter,1.0
1950-01-18,USW00014745,Winter,1.0
1950-01-24,USW00014745,Winter,1.0
1950-01-25,USW00014745,Winter,1.0
1950-01-29,USW00014745,Winter,1.0
1950-02-01,USW00014745,Winter,1.0
1950-02-09,USW00014745,Winter,1.0
1950-02-15,USW00014745,Winter,1.0
1950-02-23,USW00014745,Winter,1.0
1950-03-08,USW00014745,Spring,1.0
1950-03-13,USW00014745,Spring,1.0
1950-03-23,USW00014745,Spring,1.0
1950-03-24,USW00014745,Spring,1.0
1950-03-27,USW00014745,Spring,1.0
1950-11-21,USW00014745,Fall,1.0
1950-12-29,USW00014745,Winter,1.0
1951-01-31,USW00014745,Winter,1.0
1951-02-01,USW00014745,Winter,1.0
1951-02-14,USW00014745,Winter,1.0
1951-02-17,USW00014745,Winter,1.0
1951-02-18,USW00014745,Winter,1.0
1951-03-04,USW00014745,Spring,1.0
1951-03-15,USW00014745,Spring,1.0
1951-03-20,USW00014745,Spring,1.0
1951-11-01,USW00014745,Fall,1.0
1951-11-02,USW00014745,Fall,1.0
1951-11-26,USW00014745,Fall,1.0
1951-12-18,USW00014745,Winter,1.0
1951-12-21,USW00014745,Winter,1.0
1952-01-17,USW00014745,Winter,1.0
1952-01-20,USW00014745,Winter,1.0
1952-01-22,USW00014745,Winter,1.0
1952-01-26,USW00014745,Winter,1.0
1952-02-04,USW00014745,Winter,1.0
1952-02-07,USW00014745,Winter,1.0
1952-02-11,USW00014745,Winter,1.0
1952-03-05,USW00014745,Spring,1.0
1952-03-11,USW00014745,Spring,1.0
1952-10-28,USW00014745,Fall,1.0
1952-12-22,USW00014745,Winter,1.0
1952-12-23,USW00014745,Winter,1.0
1953-01-10,USW00014745,Winter,1.0
1953-01-18,USW00014745,Winter,1.0
1953-02-01,USW00014745,Winter,1.0
1953-05-02,USW00014745,Spring,1.0
1953-11-07,USW00014745,Fall,1.0
1953-12-14,USW00014745,Winter,1.0
1954-01-09,USW00014745,Winter,1.0
1954-01-27,USW00014745,Winter,1.0
1954-02-17,USW00014745,Winter,1.0
1954-03-13,USW00014745,Spring,1.0
1954-03-14,USW00014745,Spring,1.0
1954-03-20,USW00014745,Spring,1.0
1954-03-25,USW00014745,Spring,1.0
1954-03-30,USW00014745,Spring,1.0
1954-04-16,USW00014745,Spring,1.0
1954-04-28,USW00014745,Spring,1.0
1954-12-09,USW00014745,Winter,1.0
1954-12-29,USW00014745,Winter,1.0
1954-12-30,USW00014745,Winter,1.0
1955-01-06,USW00014745,Winter,1.0
1955-02-17,USW00014745,Winter,1.0
1955-03-01,USW00014745,Spring,1.0
1955-03-05,USW00014745,Spring,1.0
1955-03-06,USW00014745,Spring,1.0
1955-03-22,USW00014745,Spring,1.0
1955-03-26,USW00014745,Spring,1.0
1955-12-04,USW00014745,Winter,1.0
1956-01-03,USW00014745,Winter,1.0
1956-01-08,USW00014745,Winter,1.0
1956-01-13,USW00014745,Winter,1.0
1956-01-14,USW00014745,Winter,1.0
1956-01-16,USW00014745,Winter,1.0
1956-01-29,USW00014745,Winter,1.0
1956-01-30,USW00014745,Winter,1.0
1956-02-02,USW00014745,Winter,1.0
1956-02-06,USW00014745,Winter,1.0
1956-02-07,USW00014745,Winter,1.0
1956-02-10,USW00014745,Winter,1.0
1956-02-11,USW00014745,Winter,1.0
1956-02-12,USW00014745,Winter,1.0
1956-02-18,USW00014745,Winter,1.0
1956-02-25,USW00014745,Winter,1.0
1956-03-04,USW00014745,Spring,1.0
1956-03-07,USW00014745,Spring,1.0
1956-03-08,USW00014745,Spring,1.0
1956-03-11,USW00014745,Spring,1.0
1956-03-14,USW00014745,Spring,1.0
1956-03-16,USW00014745,Spring,1.0
1956-11-26,USW00014745,Fall,1.0
1956-12-03,USW00014745,Winter,1.0
1956-12-09,USW00014745,Winter,1.0
1956-12-15,USW00014745,Winter,1.0
1956-12-23,USW00014745,Winter,1.0
1956-12-29,USW00014745,Winter,1.0
1957-01-07,USW00014745,Winter,1.0
1957-01-10,USW00014745,Winter,1.0
1957-02-09,USW00014745,Winter,1.0
1957-03-08,USW00014745,Spring,1.0
1957-12-09,USW00014745,Winter,1.0
1957-12-29,USW00014745,Winter,1.0
1958-01-14,USW00014745,Winter,1.0
1958-01-15,USW00014745,Winter,1.0
1958-01-16,USW00014745,Winter,1.0
1958-01-27,USW00014745,Winter,1.0
1958-02-28,USW00014745,Winter,1.0
1958-04-28,USW00014745,Spring,1.0
1958-10-26,USW00014745,Fall,1.0
1958-11-03,USW00014745,Fall,1.0
1958-11-28,USW00014745,Fall,1.0
1958-12-04,USW00014745,Winter,1.0
1959-01-02,USW00014745,Winter,1.0
1959-01-21,USW00014745,Winter,1.0
1959-02-13,USW00014745,Winter,1.0
1959-02-14,USW00014745,Winter,1.0
1959-02-15,USW00014745,Winter,1.0
1959-02-18,USW00014745,Winter,1.0
1959-03-06,USW00014745,Spring,1.0
1959-03-15,USW00014745,Spring,1.0
1959-04-20,USW00014745,Spring,1.0
1959-11-07,USW00014745,Fall,1.0
1959-12-07,USW00014745,Winter,1.0
1959-12-12,USW00014745,Winter,1.0
1959-12-28,USW00014745,Winter,1.0
1959-12-29,USW00014745,Winter,1.0
1960-01-15,USW00014745,Winter,1.0
1960-01-28,USW00014745,Winter,1.0
1960-02-06,USW00014745,Winter,1.0
1960-02-09,USW00014745,Winter,1.0
1960-02-14,USW00014745,Winter,1.0
1960-02-19,USW00014745,Winter,1.0
1960-02-26,USW00014745,Winter,1.0
1960-04-09,USW00014745,Spring,1.0
1960-12-16,USW00014745,Winter,1.0
1960-12-21,USW00014745,Winter,1.0
1961-01-01,USW00014745,Winter,1.0
1961-01-16,USW00014745,Winter,1.0
1961-02-14,USW00014745,Winter,1.0
1961-03-05,USW00014745,Spring,1.0
1961-03-06,USW00014745,Spring,1.0
1961-03-07,USW00014745,Spring,1.0
1961-03-09,USW00014745,Spring,1.0
1961-03-14,USW00014745,Spring,1.0
1961-03-24,USW00014745,Spring,1.0
1961-04-01,USW00014745,Spring,1.0
1961-04-08,USW00014745,Spring,1.0
1961-04-10,USW00014745,Spring,1.0
1961-04-13,USW00014745,Spring,1.0
1961-04-16,USW00014745,Spring,1.0
1961-12-10,USW00014745,Winter,1.0
1961-12-12,USW00014745,Winter,1.0
1961-12-18,USW00014745,Winter,1.0
1961-12-19,USW00014745,Winter,1.0
1961-12-24,USW00014745,Winter,1.0
1962-01-06,USW00014745,Winter,1.0
1962-01-07,USW00014745,Winter,1.0
1962-02-22,USW00014745,Winter,1.0
1962-02-24,USW00014745,Winter,1.0
1962-02-26,USW00014745,Winter,1.0
1962-02-28,USW00014745,Winter,1.0
1962-03-12,USW00014745,Spring,1.0
1962-04-13,USW00014745,Spring,1.0
1962-11-03,USW00014745,Fall,1.0
1962-12-09,USW00014745,Winter,1.0
1962-12-22,USW00014745,Winter,1.0
1963-01-12,USW00014745,Winter,1.0
1963-01-13,USW00014745,Winter,1.0
1963-01-27,USW00014745,Winter,1.0
1963-02-02,USW00014745,Winter,1.0
1963-02-12,USW00014745,Winter,1.0
1963-03-06,USW00014745,Spring,1.0
1963-03-12,USW00014745,Spring,1.0
1963-03-17,USW00014745,Spring,1.0
1963-03-20,USW00014745,Spring,1.0
1963-05-10,USW00014745,Spring,1.0
1963-05-11,USW00014745,Spring,1.0
1963-07-26,USW00014745,Summer,1.0
1963-12-03,USW00014745,Winter,1.0
1964-01-01,USW00014745,Winter,1.0
1964-01-09,USW00014745,Winter,1.0
1964-02-05,USW00014745,Winter,1.0
1964-03-10,USW00014745,Spring,1.0
1964-03-26,USW00014745,Spring,1.0
1964-11-16,USW00014745,Fall,1.0
1964-11-19,USW00014745,Fall,1.0
1964-12-04,USW00014745,Winter,1.0
1964-12-05,USW00014745,Winter,1.0
1964-12-11,USW00014745,Winter,1.0
1964-12-17,USW00014745,Winter,1.0
1964-12-27,USW00014745,Winter,1.0
1964-12-28,USW00014745,Winter,1.0
1965-01-08,USW00014745,Winter,1.0
1965-01-24,USW00014745,Winter,1.0
1965-01-26,USW00014745,Winter,1.0
1965-01-27,USW00014745,Winter,1.0
1965-02-10,USW00014745,Winter,1.0
1965-02-12,USW00014745,Winter,1.0
1965-02-25,USW00014745,Winter,1.0
1965-03-10,USW00014745,Spring,1.0
1965-03-26,USW00014745,Spring,1.0
1965-04-26,USW00014745,Spring,1.0
1965-11-16,USW00014745,Fall,1.0
1965-11-17,USW00014745,Fall,1.0
1965-12-13,USW00014745,Winter,1.0
1965-12-23,USW00014745,Winter,1.0
1965-12-24,USW00014745,Winter,1.0
1966-01-02,USW00014745,Winter,1.0
1966-01-03,USW00014745,Winter,1.0
1966-01-30,USW00014745,Winter,1.0
1966-02-13,USW00014745,Winter,1.0
1966-02-16,USW00014745,Winter,1.0
1966-02-25,USW00014745,Winter,1.0
1966-04-28,USW00014745,Spring,1.0
1966-05-09,USW00014745,Spring,1.0
1966-11-08,USW00014745,Fall,1.0
1966-12-05,USW00014745,Winter,1.0
1966-12-06,USW00014745,Winter,1.0
1966-12-14,USW00014745,Winter,1.0
1966-12-24,USW00014745,Winter,1.0
1966-12-25,USW00014745,Winter,1.0
1966-12-29,USW00014745,Winter,1.0
1967-01-07,USW00014745,Winter,1.0
1967-01-26,USW00014745,Winter,1.0
1967-01-27,USW00014745,Winter,1.0
1967-01-28,USW00014745,Winter,1.0
1967-02-02,USW00014745,Winter,1.0
1967-02-20,USW00014745,Winter,1.0
1967-03-03,USW00014745,Spring,1.0
1967-03-05,USW00014745,Spring,1.0
1967-03-06,USW00014745,Spring,1.0
1967-03-13,USW00014745,Spring,1.0
1967-04-06,USW00014745,Spring,1.0
1967-04-07,USW00014745,Spring,1.0
1967-04-16,USW00014745,Spring,1.0
1967-04-17,USW00014745,Spring,1.0
1967-04-18,USW00014745,Spring,1.0
1967-04-19,USW00014745,Spring,1.0
1967-05-07,USW00014745,Spring,1.0
1967-05-26,USW00014745,Spring,1.0
1967-11-17,USW00014745,Fall,1.0
1967-11-18,USW00014745,Fall,1.0
1967-11-22,USW00014745,Fall,1.0
1967-12-03,USW00014745,Winter,1.0
1967-12-04,USW00014745,Winter,1.0
1967-12-08,USW00014745,Winter,1.0
1967-12-11,USW00014745,Winter,1.0
1967-12-29,USW00014745,Winter,1.0
1968-01-14,USW00014745,Winter,1.0
1968-01-29,USW00014745,Winter,1.0
1968-01-30,USW00014745,Winter,1.0
1968-03-12,USW00014745,Spring,1.0
1968-03-13,USW00014745,Spring,1.0
1968-11-10,USW00014745,Fall,1.0
1968-11-15,USW00014745,Fall,1.0
1968-12-01,USW00014745,Winter,1.0
1968-12-15,USW00014745,Winter,1.0
1968-12-20,USW00014745,Winter,1.0
1968-12-23,USW00014745,Winter,1.0
1968-12-28,USW00014745,Winter,1.0
1968-12-29,USW00014745,Winter,1.0
1969-01-30,USW00014745,Winter,1.0
1969-02-03,USW00014745,Winter,1.0
1969-02-10,USW00014745,Winter,1.0
1969-02-19,USW00014745,Winter,1.0
1969-04-19,USW00014745,Spring,1.0
1969-12-08,USW00014745,Winter,1.0
1969-12-22,USW00014745,Winter,1.0
1969-12-26,USW00014745,Winter,1.0
1970-01-28,USW00014745,Winter,1.0
1970-01-29,USW00014745,Winter,1.0
1970-02-04,USW00014745,Winter,1.0
1970-03-04,USW00014745,Spring,1.0
1970-04-02,USW00014745,Spring,1.0
1970-04-20,USW00014745,Spring,1.0
1970-11-15,USW00014745,Fall,1.0
1970-11-26,USW00014745,Fall,1.0
1971-01-04,USW00014745,Winter,1.0
1971-01-14,USW00014745,Winter,1.0
1971-02-05,USW00014745,Winter,1.0
1971-02-08,USW00014745,Winter,1.0
1971-02-20,USW00014745,Winter,1.0
1971-02-21,USW00014745,Winter,1.0
1971-02-23,USW00014745,Winter,1.0
1971-03-04,USW00014745,Spring,1.0
1971-03-07,USW00014745,Spring,1.0
1971-03-19,USW00014745,Spring,1.0
1971-03-20,USW00014745,Spring,1.0
1971-12-06,USW00014745,Winter,1.0
1971-12-15,USW00014745,Winter,1.0
1971-12-27,USW00014745,Winter,1.0
1972-01-02,USW00014745,Winter,1.0
1972-01-04,USW00014745,Winter,1.0
1972-02-03,USW00014745,Winter,1.0
1972-03-03,USW00014745,Spring,1.0
1972-04-13,USW00014745,Spring,1.0
1972-04-20,USW00014745,Spring,1.0
1972-11-05,USW00014745,Fall,1.0
1972-12-01,USW00014745,Winter,1.0
1972-12-04,USW00014745,Winter,1.0
1972-12-08,USW00014745,Winter,1.0
1972-12-10,USW00014745,Winter,1.0
1972-12-12,USW00014745,Winter,1.0
1972-12-16,USW00014745,Winter,1.0
1972-12-22,USW00014745,Winter,1.0
1972-12-26,USW00014745,Winter,1.0
1972-12-30,USW00014745,Winter,1.0
1972-12-31,USW00014745,Winter,1.0
1973-01-04,USW00014745,Winter,1.0
1973-02-15,USW00014745,Winter,1.0
1973-03-02,USW00014745,Spring,1.0
1973-03-03,USW00014745,Spring,1.0
1973-03-06,USW00014745,Spring,1.0
1973-04-04,USW00014745,Spring,1.0
1973-04-05,USW00014745,Spring,1.0
1973-04-10,USW00014745,Spring,1.0
1973-12-09,USW00014745,Winter,1.0
1973-12-16,USW00014745,Winter,1.0
1973-12-17,USW00014745,Winter,1.0
1973-12-28,USW00014745,Winter,1.0
1973-12-31,USW00014745,Winter,1.0
1974-01-10,USW00014745,Winter,1.0
1974-01-11,USW00014745,Winter,1.0
1974-01-15,USW00014745,Winter,1.0
1974-01-18,USW00014745,Winter,1.0
1974-01-19,USW00014745,Winter,1.0
1974-02-19,USW00014745,Winter,1.0
1974-03-21,USW00014745,Spring,1.0
1974-04-09,USW00014745,Spring,1.0
1974-12-02,USW00014745,Winter,1.0
1974-12-16,USW00014745,Winter,1.0
1974-12-17,USW00014745,Winter,1.0
1975-01-12,USW00014745,Winter,1.0
1975-01-13,USW00014745,Winter,1.0
1975-01-18,USW00014745,Winter,1.0
1975-01-21,USW00014745,Winter,1.0
1975-01-25,USW00014745,Winter,1.0
1975-01-29,USW00014745,Winter,1.0
1975-03-12,USW00014745,Spring,1.0
1975-03-30,USW00014745,Spring,1.0
1975-12-13,USW00014745,Winter,1.0
1975-12-14,USW00014745,Winter,1.0
1975-12-26,USW00014745,Winter,1.0
1976-01-03,USW00014745,Winter,1.0
1976-01-13,USW00014745,Winter,1.0
1976-02-17,USW00014745,Winter,1.0
1976-02-18,USW00014745,Winter,1.0
1976-02-19,USW00014745,Winter,1.0
1976-02-29,USW00014745,Winter,1.0
1976-03-03,USW00014745,Spring,1.0
1976-03-12,USW00014745,Spring,1.0
1976-03-13,USW00014745,Spring,1.0
1976-03-19,USW00014745,Spring,1.0
1976-04-25,USW00014745,Spring,1.0
1976-11-29,USW00014745,Fall,1.0
1976-12-07,USW00014745,Winter,1.0
1977-01-10,USW00014745,Winter,1.0
1977-04-02,USW00014745,Spring,1.0
1977-04-04,USW00014745,Spring,1.0
1977-04-05,USW00014745,Spring,1.0
1977-12-06,USW00014745,Winter,1.0
1977-12-14,USW00014745,Winter,1.0
1977-12-21,USW00014745,Winter,1.0
1978-01-14,USW00014745,Winter,1.0
1978-01-18,USW00014745,Winter,1.0
1978-03-26,USW00014745,Spring,1.0
1978-11-24,USW00014745,Fall,1.0
1978-11-28,USW00014745,Fall,1.0
1978-12-09,USW00014745,Winter,1.0
1978-12-21,USW00014745,Winter,1.0
1978-12-25,USW00014745,Winter,1.0
1979-01-07,USW00014745,Winter,1.0
1979-01-13,USW00014745,Winter,1.0
1979-01-14,USW00014745,Winter,1.0
1979-01-21,USW00014745,Winter,1.0
1979-02-23,USW00014745,Winter,1.0
1979-02-26,USW00014745,Winter,1.0
1979-03-10,USW00014745,Spring,1.0
1979-04-02,USW00014745,Spring,1.0
1979-04-04,USW00014745,Spring,1.0
1979-04-09,USW00014745,Spring,1.0
1980-03-08,USW00014745,Spring,1.0
1980-03-14,USW00014745,Spring,1.0
1980-04-04,USW00014745,Spring,1.0
1980-11-28,USW00014745,Fall,1.0
1980-12-07,USW00014745,Winter,1.0
1980-12-28,USW00014745,Winter,1.0
1981-02-01,USW00014745,Winter,1.0
1981-02-08,USW00014745,Winter,1.0
1981-02-25,USW00014745,Winter,1.0
1981-02-28,USW00014745,Winter,1.0
1981-11-26,USW00014745,Fall,1.0
1981-11-27,USW00014745,Fall,1.0
1981-12-15,USW00014745,Winter,1.0
1981-12-16,USW00014745,Winter,1.0
1981-12-23,USW00014745,Winter,1.0
1982-01-01,USW00014745,Winter,1.0
1982-01-04,USW00014745,Winter,1.0
1982-01-23,USW00014745,Winter,1.0
1982-01-31,USW00014745,Winter,1.0
1982-02-01,USW00014745,Winter,1.0
1982-02-02,USW00014745,Winter,1.0
1982-02-03,USW00014745,Winter,1.0
1982-03-06,USW00014745,Spring,1.0
1982-03-21,USW00014745,Spring,1.0
1982-04-03,USW00014745,Spring,1.0
1983-02-23,USW00014745,Winter,1.0
1983-03-07,USW00014745,Spring,1.0
1983-03-08,USW00014745,Spring,1.0
1983-03-09,USW00014745,Spring,1.0
1983-03-10,USW00014745,Spring,1.0
1983-03-28,USW00014745,Spring,1.0
1983-04-03,USW00014745,Spring,1.0
1983-04-10,USW00014745,Spring,1.0
1983-04-21,USW00014745,Spring,1.0
1983-05-11,USW00014745,Spring,1.0
1983-11-25,USW00014745,Fall,1.0
1983-11-28,USW00014745,Fall,1.0
1983-12-10,USW00014745,Winter,1.0
1983-12-22,USW00014745,Winter,1.0
1983-12-28,USW00014745,Winter,1.0
1984-01-24,USW00014745,Winter,1.0
1984-02-18,USW00014745,Winter,1.0
1984-02-25,USW00014745,Winter,1.0
1984-02-28,USW00014745,Winter,1.0
1984-02-29,USW00014745,Winter,1.0
1984-03-05,USW00014745,Spring,1.0
1984-03-14,USW00014745,Spring,1.0
1984-03-18,USW00014745,Spring,1.0
1984-03-19,USW00014745,Spring,1.0
1984-03-30,USW00014745,Spring,1.0
1984-04-15,USW00014745,Spring,1.0
1984-12-03,USW00014745,Winter,1.0
1984-12-15,USW00014745,Winter,1.0
1984-12-22,USW00014745,Winter,1.0
1984-12-28,USW00014745,Winter,1.0
1985-01-01,USW00014745,Winter,1.0
1985-03-04,USW00014745,Spring,1.0
1985-03-05,USW00014745,Spring,1.0
1985-03-31,USW00014745,Spring,1.0
1985-04-01,USW00014745,Spring,1.0
1985-11-16,USW00014745,Fall,1.0
1985-11-22,USW00014745,Fall,1.0
1985-11-26,USW00014745,Fall,1.0
1985-12-02,USW00014745,Winter,1.0
1985-12-12,USW00014745,Winter,1.0
1985-12-13,USW00014745,Winter,1.0
1985-12-14,USW00014745,Winter,1.0
1985-12-25,USW00014745,Winter,1.0
1986-01-03,USW00014745,Winter,1.0
1986-01-25,USW00014745,Winter,1.0
1986-01-26,USW00014745,Winter,1.0
1986-02-05,USW00014745,Winter,1.0
1986-02-18,USW00014745,Winter,1.0
1986-02-21,USW00014745,Winter,1.0
1986-03-13,USW00014745,Spring,1.0
1986-03-15,USW00014745,Spring,1.0
1986-04-06,USW00014745,Spring,1.0
1986-04-23,USW00014745,Spring,1.0
1986-11-05,USW00014745,Fall,1.0
1986-11-06,USW00014745,Fall,1.0
1986-11-21,USW00014745,Fall,1.0
1986-12-02,USW00014745,Winter,1.0
1986-12-09,USW00014745,Winter,1.0
1986-12-25,USW00014745,Winter,1.0
1987-01-02,USW00014745,Winter,1.0
1987-01-10,USW00014745,Winter,1.0
1987-01-11,USW00014745,Winter,1.0
1987-01-18,USW00014745,Winter,1.0
1987-01-23,USW00014745,Winter,1.0
1987-03-01,USW00014745,Spring,1.0
1987-11-10,USW00014745,Fall,1.0
1987-11-11,USW00014745,Fall,1.0
1987-11-26,USW00014745,Fall,1.0
1987-12-15,USW00014745,Winter,1.0
1987-12-20,USW00014745,Winter,1.0
1988-01-13,USW00014745,Winter,1.0
1988-01-20,USW00014745,Winter,1.0
1988-02-12,USW00014745,Winter,1.0
1988-02-13,USW00014745,Winter,1.0
1988-02-20,USW00014745,Winter,1.0
1988-03-04,USW00014745,Spring,1.0
1988-03-13,USW00014745,Spring,1.0
1988-11-20,USW00014745,Fall,1.0
1988-12-20,USW00014745,Winter,1.0
1988-12-23,USW00014745,Winter,1.0
1988-12-24,USW00014745,Winter,1.0
1988-12-27,USW00014745,Winter,1.0
1989-01-12,USW00014745,Winter,1.0
1989-01-14,USW00014745,Winter,1.0
1989-01-15,USW00014745,Winter,1.0
1989-01-26,USW00014745,Winter,1.0
1989-01-30,USW00014745,Winter,1.0
1989-02-02,USW00014745,Winter,1.0
1989-02-03,USW00014745,Winter,1.0
1989-02-14,USW00014745,Winter,1.0
1989-02-15,USW00014745,Winter,1.0
1989-02-21,USW00014745,Winter,1.0
1989-03-04,USW00014745,Spring,1.0
1989-03-25,USW00014745,Spring,1.0
1989-03-30,USW00014745,Spring,1.0
1989-03-31,USW00014745,Spring,1.0
1989-11-28,USW00014745,Fall,1.0
1989-12-06,USW00014745,Winter,1.0
1990-01-24,USW00014745,Winter,1.0
1990-01-29,USW00014745,Winter,1.0
1990-01-30,USW00014745,Winter,1.0
1990-02-15,USW00014745,Winter,1.0
1990-02-16,USW00014745,Winter,1.0
1990-03-30,USW00014745,Spring,1.0
1990-12-04,USW00014745,Winter,1.0
1990-12-15,USW00014745,Winter,1.0
1990-12-16,USW00014745,Winter,1.0
1991-01-09,USW00014745,Winter,1.0
1991-01-12,USW00014745,Winter,1.0
1991-02-07,USW00014745,Winter,1.0
1991-02-14,USW00014745,Winter,1.0
1991-02-19,USW00014745,Winter,1.0
1991-03-04,USW00014745,Spring,1.0
1991-03-23,USW00014745,Spring,1.0
1991-03-24,USW00014745,Spring,1.0
1991-11-11,USW00014745,Fall,1.0
1991-12-03,USW00014745,Winter,1.0
1991-12-04,USW00014745,Winter,1.0
1991-12-23,USW00014745,Winter,1.0
1992-01-13,USW00014745,Winter,1.0
1992-02-25,USW00014745,Winter,1.0
1992-02-26,USW00014745,Winter,1.0
1992-03-07,USW00014745,Spring,1.0
1992-04-11,USW00014745,Spring,1.0
1992-04-12,USW00014745,Spring,1.0
1992-04-16,USW00014745,Spring,1.0
1992-04-17,USW00014745,Spring,1.0
1992-12-23,USW00014745,Winter,1.0
1992-12-28,USW00014745,Winter,1.0
1993-01-03,USW00014745,Winter,1.0
1993-02-12,USW00014745,Winter,1.0
1993-02-13,USW00014745,Winter,1.0
1993-02-16,USW00014745,Winter,1.0
1993-02-17,USW00014745,Winter,1.0
1993-03-13,USW00014745,Spring,1.0
1993-04-01,USW00014745,Spring,1.0
1994-01-04,USW00014745,Winter,1.0
1994-01-17,USW00014745,Winter,1.0
1994-01-18,USW00014745,Winter,1.0
1994-01-19,USW00014745,Winter,1.0
1994-01-20,USW00014745,Winter,1.0
1994-01-28,USW00014745,Winter,1.0
1994-02-24,USW00014745,Winter,1.0
1994-03-03,USW00014745,Spring,1.0
1994-03-09,USW00014745,Spring,1.0
1994-03-10,USW00014745,Spring,1.0
1994-03-22,USW00014745,Spring,1.0
1994-03-27,USW00014745,Spring,1.0
1994-11-28,USW00014745,Fall,1.0
1994-12-07,USW00014745,Winter,1.0
1994-12-09,USW00014745,Winter,1.0
1994-12-10,USW00014745,Winter,1.0
1994-12-11,USW00014745,Winter,1.0
1994-12-17,USW00014745,Winter,1.0
1994-12-31,USW00014745,Winter,1.0
1995-01-01,USW00014745,Winter,1.0
1995-01-07,USW00014745,Winter,1.0
1995-01-12,USW00014745,Winter,1.0
1995-02-15,USW00014745,Winter,1.0
1995-02-27,USW00014745,Winter,1.0
1995-02-28,USW00014745,Winter,1.0
1995-04-09,USW00014745,Spring,1.0
1995-11-14,USW00014745,Fall,1.0
1995-12-03,USW00014745,Winter,1.0
1995-12-09,USW00014745,Winter,1.0
1996-01-13,USW00014745,Winter,1.0
1996-02-17,USW00014745,Winter,1.0
1997-01-28,USW00014745,Winter,1.0
1997-02-14,USW00014745,Winter,1.0
1997-03-14,USW00014745,Spring,1.0
1997-03-25,USW00014745,Spring,1.0
1997-11-04,USW00014745,Fall,1.0
1997-11-30,USW00014745,Fall,1.0
1997-12-01,USW00014745,Winter,1.0
1997-12-25,USW00014745,Winter,1.0
1997-12-29,USW00014745,Winter,1.0
1998-01-13,USW00014745,Winter,1.0
1998-01-23,USW00014745,Winter,1.0
1998-02-18,USW00014745,Winter,1.0
1998-02-25,USW00014745,Winter,1.0
1998-03-08,USW00014745,Spring,1.0
1998-03-19,USW00014745,Spring,1.0
1998-03-21,USW00014745,Spring,1.0
1998-12-17,USW00014745,Winter,1.0
1999-01-03,USW00014745,Winter,1.0
2000-02-11,USW00014745,Winter,1.0
2017-01-23,USW00014745,Winter,1.0
2017-01-24,USW00014745,Winter,1.0
2018-03-28,USW00014745,Spring,1.0
2018-04-15,USW00014745,Spring,1.0
2019-12-27,USW00014745,Winter,1.0
2019-12-30,USW00014745,Winter,1.0
2019-12-31,USW00014745,Winter,1.0
