DATE,Station_ID,Predicted_TMIN,Actual_TMIN,Lower_Bound_TMIN,Upper_Bound_TMIN,Cold_Event_Probability
2025-01-01,USC00430193,-2.2649865,-2.2,-2.6449865,-1.8849865000000001,0.0
2025-01-02,USC00430193,-7.173978,-7.2,-7.553978,-6.793978,0.0
2025-01-03,USC00430193,-9.749469,-10.0,-10.129469,-9.369468999999999,0.0
2025-01-04,USC00430193,-16.818995,-17.2,-17.198995,-16.438995000000002,0.0
2025-01-05,USC00430193,-21.45711,-22.2,-21.83711,-21.07711,0.0
2025-01-06,USC00430193,-21.249226,-20.6,-21.629226,-20.869226,0.0
2025-01-07,USC00430193,-17.893484,-17.2,-18.273484,-17.513484000000002,0.0
2025-01-08,USC00430193,-18.695118,-18.3,-19.075118,-18.315118000000002,0.0
2025-01-09,USC00430193,-17.99264,-17.8,-18.37264,-17.612640000000003,0.0
2025-01-10,USC00430193,-18.1902,-17.8,-18.5702,-17.810200000000002,0.0
2025-01-11,USC00430193,-17.448715,-17.2,-17.828715,-17.068715,0.0
2025-01-12,USC00430193,-13.132284,-11.7,-13.512284000000001,-12.752284,0.0
2025-01-13,USC00430193,-15.719796,-15.0,-16.099796,-15.339796,0.0
2025-01-14,USC00430193,-14.920104,-14.4,-15.300104000000001,-14.540104,0.0
2025-01-15,USC00430193,-15.10383,-15.0,-15.483830000000001,-14.72383,0.0
2025-01-16,USC00430193,-18.130697,-17.8,-18.510697,-17.750697000000002,0.0
2025-01-17,USC00430193,-15.551512,-15.0,-15.931512000000001,-15.171512,0.0
2025-01-18,USC00430193,-16.04013,-15.0,-16.42013,-15.66013,0.0
2025-01-19,USC00430193,-17.39488,-16.1,-17.77488,-17.01488,0.0
2025-01-20,USC00430193,-19.015917,-18.3,-19.395917,-18.635917000000003,0.0
2025-01-21,USC00430193,-18.777916,-18.3,-19.157916,-18.397916000000002,0.0
2025-01-22,USC00430193,-28.34659,-29.4,-28.726589999999998,-27.96659,50.24482200000001
2025-01-23,USC00430193,-23.85037,-23.9,-24.23037,-23.470370000000003,5.282622000000039
2025-01-24,USC00430193,-19.353682,-18.9,-19.733681999999998,-18.973682,0.0
2025-01-25,USC00430193,-27.77226,-27.2,-28.15226,-27.39226,44.501522000000016
2025-01-26,USC00430193,-19.648685,-19.4,-20.028685,-19.268685,0.0
2025-01-27,USC00430193,-11.6865425,-11.1,-12.0665425,-11.306542499999999,0.0
2025-01-28,USC00430193,-21.139496,-20.6,-21.519496,-20.759496000000002,0.0
2025-01-29,USC00430193,-21.484411,-20.6,-21.864411,-21.104411000000002,0.0
2025-01-30,USC00430193,-23.0906,-22.8,-23.470599999999997,-22.7106,0.0
2025-01-31,USC00430193,-19.827433,-20.0,-20.207432999999998,-19.447433,0.0
2025-02-01,USC00430193,-24.289589,-24.4,-24.669589,-23.909589,9.674812000000017
2025-02-02,USC00430193,-35.3868,-33.9,-35.7668,-35.0068,100.0
2025-02-03,USC00430193,-20.513603,-20.6,-20.893603,-20.133603,0.0
2025-02-04,USC00430193,-23.35306,-22.8,-23.73306,-22.97306,0.3095220000000154
2025-02-05,USC00430193,-20.428696,-20.0,-20.808695999999998,-20.048696,0.0
2025-02-06,USC00430193,-22.000559,-21.7,-22.380558999999998,-21.620559,0.0
2025-02-07,USC00430193,-21.935873,-21.1,-22.315873,-21.555873000000002,0.0
2025-02-08,USC00430193,-20.2631,-20.0,-20.6431,-19.883100000000002,0.0
2025-02-09,USC00430193,-18.99369,-18.3,-19.37369,-18.613690000000002,0.0
2025-02-10,USC00430193,-17.445206,-16.7,-17.825205999999998,-17.065206,0.0
2025-02-11,USC00430193,-18.388922,-17.8,-18.768922,-18.008922000000002,0.0
2025-02-12,USC00430193,-23.446396,-22.8,-23.826396,-23.066396,1.242882000000023
2025-02-13,USC00430193,-8.052761,-7.8,-8.432761000000001,-7.672761,0.0
2025-02-14,USC00430193,-16.06907,-15.0,-16.44907,-15.68907,0.0
2025-02-15,USC00430193,-24.424658,-23.9,-24.804658,-24.044658000000002,11.025502000000031
2025-02-16,USC00430193,-25.050186,-23.9,-25.430186,-24.670186,17.280782000000023
2025-02-17,USC00430193,-21.661692,-21.1,-22.041691999999998,-21.281692,0.0
2025-02-18,USC00430193,-19.289776,-19.4,-19.669776,-18.909776,0.0
2025-02-19,USC00430193,-20.781206,-20.6,-21.161206,-20.401206000000002,0.0
2025-02-20,USC00430193,-19.668438,-18.9,-20.048437999999997,-19.288438,0.0
2025-02-21,USC00430193,-21.0377,-20.6,-21.4177,-20.657700000000002,0.0
2025-02-22,USC00430193,-19.641148,-18.9,-20.021148,-19.261148000000002,0.0
2025-02-23,USC00430193,-20.285982,-20.0,-20.665982,-19.905982,0.0
2025-02-24,USC00430193,-12.549997,-11.1,-12.929997,-12.169996999999999,0.0
2025-02-25,USC00430193,-12.0994005,-11.1,-12.4794005,-11.719400499999999,0.0
2025-02-26,USC00430193,-12.900068,-12.2,-13.280068,-12.520067999999998,0.0
2025-02-27,USC00430193,-11.850666,-11.7,-12.230666000000001,-11.470666,0.0
2025-02-28,USC00430193,-10.8095,-10.6,-11.1895,-10.429499999999999,0.0
2025-01-01,USC00434120,-1.5824417,-1.7,-1.9624416999999998,-1.2024417,0.0
2025-01-02,USC00434120,-3.7416296,-3.9,-4.1216296,-3.3616296,0.0
2025-01-03,USC00434120,-8.26445,-8.3,-8.64445,-7.88445,0.0
2025-01-04,USC00434120,-14.426488,-15.0,-14.806488000000002,-14.046488,0.0
2025-01-05,USC00434120,-14.580912,-15.0,-14.960912,-14.200911999999999,0.0
2025-01-06,USC00434120,-19.948923,-20.0,-20.328923,-19.568923,0.0
2025-01-07,USC00434120,-18.772991,-18.3,-19.152991,-18.392991000000002,0.0
2025-01-08,USC00434120,-17.11507,-16.1,-17.49507,-16.73507,0.0
2025-01-09,USC00434120,-17.380236,-16.7,-17.760236,-17.000236,0.0
2025-01-10,USC00434120,-15.346213,-14.4,-15.726213000000001,-14.966213,0.0
2025-01-11,USC00434120,-18.634853,-18.3,-19.014853,-18.254853,0.0
2025-01-12,USC00434120,-12.590789,-12.2,-12.970789,-12.210788999999998,0.0
2025-01-13,USC00434120,-14.5223255,-13.9,-14.902325500000002,-14.1423255,0.0
2025-01-14,USC00434120,-10.804721,-10.6,-11.184721000000001,-10.424721,0.0
2025-01-15,USC00434120,-11.983777,-12.2,-12.363777,-11.603777,0.0
2025-01-16,USC00434120,-19.947758,-20.0,-20.327758,-19.567758,0.0
2025-01-17,USC00434120,-15.777458,-15.6,-16.157458,-15.397457999999999,0.0
2025-01-18,USC00434120,-13.9099045,-13.3,-14.2899045,-13.529904499999999,0.0
2025-01-19,USC00434120,-7.9162087,-7.8,-8.296208700000001,-7.5362087,0.0
2025-01-20,USC00434120,-16.205704,-16.1,-16.585704,-15.825704,0.0
2025-01-21,USC00434120,-28.705404,-28.9,-29.085404,-28.325404000000002,53.83296200000004
2025-01-22,USC00434120,-30.428171,-30.6,-30.808170999999998,-30.048171,71.06063200000001
2025-01-23,USC00434120,-29.132097,-29.4,-29.512097,-28.752097000000003,58.09989200000004
2025-01-24,USC00434120,-19.43787,-18.9,-19.81787,-19.05787,0.0
2025-01-25,USC00434120,-28.782578,-28.9,-29.162578,-28.402578000000002,54.604702000000024
2025-01-26,USC00434120,-24.642284,-24.4,-25.022284,-24.262284,13.201762000000022
2025-01-27,USC00434120,-14.520466,-13.9,-14.900466000000002,-14.140466,0.0
2025-01-28,USC00434120,-11.0029125,-10.6,-11.382912500000002,-10.6229125,0.0
2025-01-29,USC00434120,-23.587664,-22.8,-23.967664,-23.207664,2.6555620000000246
2025-01-30,USC00434120,-20.53917,-20.6,-20.919169999999998,-20.15917,0.0
2025-01-31,USC00434120,-16.01988,-16.1,-16.39988,-15.63988,0.0
2025-02-01,USC00434120,-16.627796,-15.6,-17.007796,-16.247796,0.0
2025-02-02,USC00434120,-32.99715,-32.8,-33.37715,-32.617149999999995,96.750422
2025-02-03,USC00434120,-24.599632,-23.3,-24.979632,-24.219632,12.77524200000002
2025-02-04,USC00434120,-8.708325,-8.3,-9.088325000000001,-8.328325,0.0
2025-02-05,USC00434120,-19.238373,-18.9,-19.618373,-18.858373,0.0
2025-02-06,USC00434120,-27.75552,-27.2,-28.13552,-27.37552,44.33412200000003
2025-02-07,USC00434120,-22.406504,-21.7,-22.786504,-22.026504000000003,0.0
2025-02-08,USC00434120,-16.276909,-15.6,-16.656909,-15.896908999999999,0.0
2025-02-09,USC00434120,-14.712807,-13.9,-15.092807,-14.332806999999999,0.0
2025-02-10,USC00434120,-14.930386,-13.9,-15.310386000000001,-14.550386,0.0
2025-02-11,USC00434120,-19.224,-18.9,-19.604,-18.844,0.0
2025-02-12,USC00434120,-19.618633,-19.4,-19.998632999999998,-19.238633,0.0
2025-02-13,USC00434120,-17.380472,-16.7,-17.760472,-17.000472000000002,0.0
2025-02-14,USC00434120,-14.295029,-13.9,-14.675029,-13.915028999999999,0.0
2025-02-15,USC00434120,-25.987396,-25.6,-26.367396,-25.607396,26.652882000000027
2025-02-16,USC00434120,-25.659618,-25.6,-26.039617999999997,-25.279618,23.375102000000005
2025-02-17,USC00434120,-16.276115,-15.6,-16.656115,-15.896115,0.0
2025-02-18,USC00434120,-18.276121,-17.8,-18.656121,-17.896121,0.0
2025-02-19,USC00434120,-21.233747,-20.0,-21.613747,-20.853747000000002,0.0
2025-02-20,USC00434120,-29.401121,-28.9,-29.781121,-29.021121,60.79013200000002
2025-02-21,USC00434120,-18.799395,-17.2,-19.179395,-18.419395,0.0
2025-02-22,USC00434120,-13.640159,-12.8,-14.020159000000001,-13.260159,0.0
2025-02-23,USC00434120,-12.161843,-11.1,-12.541843,-11.781842999999999,0.0
2025-02-24,USC00434120,-9.111418,-8.3,-9.491418000000001,-8.731418,0.0
2025-02-25,USC00434120,-5.8815827,-6.1,-6.2615827,-5.5015827,0.0
2025-02-26,USC00434120,-2.5394716,-2.2,-2.9194716,-2.1594716000000003,0.0
2025-02-27,USC00434120,-11.269421,-11.1,-11.649421,-10.889420999999999,0.0
2025-02-28,USC00434120,-5.968304,-6.1,-6.348304,-5.588304,0.0
2025-01-01,USC00434290,-0.83280987,-0.6,-1.21280987,-0.45280986999999995,0.0
2025-01-02,USC00434290,-3.9902225,-3.9,-4.3702225,-3.6102225,0.0
2025-01-03,USC00434290,-7.1926813,-7.2,-7.5726813,-6.8126813,0.0
2025-01-04,USC00434290,-13.234094,-13.9,-13.614094000000001,-12.854094,0.0
2025-01-05,USC00434290,-14.205268,-14.4,-14.585268000000001,-13.825268,0.0
2025-01-06,USC00434290,-17.585894,-17.2,-17.965894,-17.205894,0.0
2025-01-07,USC00434290,-18.140749,-17.8,-18.520749,-17.760749,0.0
2025-01-08,USC00434290,-16.592411,-16.1,-16.972410999999997,-16.212411,0.0
2025-01-09,USC00434290,-17.594658,-16.7,-17.974657999999998,-17.214658,0.0
2025-01-10,USC00434290,-15.810898,-15.0,-16.190898,-15.430898,0.0
2025-01-11,USC00434290,-11.798113,-11.7,-12.178113000000002,-11.418113,0.0
2025-01-12,USC00434290,-10.7130165,-10.6,-11.093016500000001,-10.3330165,0.0
2025-01-13,USC00434290,-10.076896,-10.0,-10.456896,-9.696895999999999,0.0
2025-01-14,USC00434290,-9.522075,-9.4,-9.902075,-9.142074999999998,0.0
2025-01-15,USC00434290,-11.551312,-11.7,-11.931312,-11.171311999999999,0.0
2025-01-16,USC00434290,-15.017946,-15.0,-15.397946000000001,-14.637946,0.0
2025-01-17,USC00434290,-13.177876,-13.3,-13.557876,-12.797875999999999,0.0
2025-01-18,USC00434290,-11.3078985,-11.1,-11.687898500000001,-10.9278985,0.0
2025-01-19,USC00434290,-8.231882,-8.3,-8.611882000000001,-7.851882000000001,0.0
2025-01-20,USC00434290,-15.484714,-15.6,-15.864714000000001,-15.104714,0.0
2025-01-21,USC00434290,-23.534063,-23.9,-23.914063,-23.154063,2.11955200000002
2025-01-22,USC00434290,-23.118744,-22.8,-23.498744,-22.738744,0.0
2025-01-23,USC00434290,-23.249886,-22.8,-23.629886,-22.869886,0.0
2025-01-24,USC00434290,-13.878531,-12.8,-14.258531000000001,-13.498531,0.0
2025-01-25,USC00434290,-22.12679,-21.7,-22.50679,-21.74679,0.0
2025-01-26,USC00434290,-21.047207,-21.1,-21.427207,-20.667207,0.0
2025-01-27,USC00434290,-7.273328,-6.1,-7.653328,-6.893328,0.0
2025-01-28,USC00434290,-8.429104,-8.3,-8.809104000000001,-8.049104,0.0
2025-01-29,USC00434290,-17.449736,-17.2,-17.829736,-17.069736000000002,0.0
2025-01-30,USC00434290,-19.446404,-19.4,-19.826404,-19.066404000000002,0.0
2025-01-31,USC00434290,-19.756544,-20.0,-20.136544,-19.376544000000003,0.0
2025-02-01,USC00434290,-16.03434,-15.0,-16.41434,-15.65434,0.0
2025-02-02,USC00434290,-27.34294,-26.7,-27.722939999999998,-26.96294,40.20832200000001
2025-02-03,USC00434290,-27.093723,-26.7,-27.473723,-26.713723,37.71615200000003
2025-02-04,USC00434290,-9.277668,-8.3,-9.657668000000001,-8.897668,0.0
2025-02-05,USC00434290,-18.937386,-18.3,-19.317386,-18.557386,0.0
2025-02-06,USC00434290,-22.647303,-22.2,-23.027303,-22.267303000000002,0.0
2025-02-07,USC00434290,-16.230608,-15.0,-16.610608,-15.850608,0.0
2025-02-08,USC00434290,-11.387548,-10.0,-11.767548000000001,-11.007548,0.0
2025-02-09,USC00434290,-10.377355,-9.4,-10.757355,-9.997354999999999,0.0
2025-02-10,USC00434290,-9.429416,-9.4,-9.809416,-9.049415999999999,0.0
2025-02-11,USC00434290,-17.93857,-17.8,-18.318569999999998,-17.55857,0.0
2025-02-12,USC00434290,-15.720441,-15.0,-16.100441,-15.340440999999998,0.0
2025-02-13,USC00434290,-14.842581,-14.4,-15.222581,-14.462580999999998,0.0
2025-02-14,USC00434290,-13.867714,-13.3,-14.247714,-13.487713999999999,0.0
2025-02-15,USC00434290,-17.422487,-17.2,-17.802487,-17.042487,0.0
2025-02-16,USC00434290,-17.152182,-16.7,-17.532182,-16.772182,0.0
2025-02-17,USC00434290,-15.472275,-15.0,-15.852275,-15.092274999999999,0.0
2025-02-18,USC00434290,-17.51522,-16.7,-17.89522,-17.13522,0.0
2025-02-19,USC00434290,-19.659945,-19.4,-20.039945,-19.279945,0.0
2025-02-20,USC00434290,-20.955385,-21.1,-21.335385,-20.575385,0.0
2025-02-21,USC00434290,-19.975655,-20.6,-20.355655,-19.595655,0.0
2025-02-22,USC00434290,-14.312553,-13.3,-14.692553,-13.932552999999999,0.0
2025-02-23,USC00434290,-14.010012,-13.3,-14.390012,-13.630011999999999,0.0
2025-02-24,USC00434290,-6.221931,-6.1,-6.6019309999999995,-5.841931,0.0
2025-02-25,USC00434290,-6.0803266,-5.6,-6.4603266,-5.7003266,0.0
2025-02-26,USC00434290,0.61265576,0.6,0.23265576,0.99265576,0.0
2025-02-27,USC00434290,-8.846449,-8.9,-9.226449,-8.466448999999999,0.0
2025-02-28,USC00434290,-6.3500104,-6.7,-6.7300104,-5.9700104000000005,0.0
2025-01-01,USC00435490,1.2927996,1.7,0.9127995999999999,1.6727995999999998,0.0
2025-01-02,USC00435490,-2.3680139,-2.2,-2.7480138999999997,-1.9880139,0.0
2025-01-03,USC00435490,-5.3247595,-5.0,-5.7047595,-4.9447595,0.0
2025-01-04,USC00435490,-10.898942,-11.1,-11.278942,-10.518942,0.0
2025-01-05,USC00435490,-11.259818,-11.1,-11.639818,-10.879817999999998,0.0
2025-01-06,USC00435490,-16.78098,-17.2,-17.16098,-16.40098,0.0
2025-01-07,USC00435490,-17.514378,-17.8,-17.894378,-17.134378,0.0
2025-01-08,USC00435490,-14.182846,-13.9,-14.562846,-13.802845999999999,0.0
2025-01-09,USC00435490,-14.006197,-13.9,-14.386197000000001,-13.626197,0.0
2025-01-10,USC00435490,-13.392783,-13.3,-13.772783,-13.012782999999999,0.0
2025-01-11,USC00435490,-12.715028,-12.8,-13.095028000000001,-12.335028,0.0
2025-01-12,USC00435490,-9.361734,-8.9,-9.741734000000001,-8.981734,0.0
2025-01-13,USC00435490,-12.0975065,-11.7,-12.4775065,-11.717506499999999,0.0
2025-01-14,USC00435490,-8.0431185,-7.8,-8.423118500000001,-7.6631185,0.0
2025-01-15,USC00435490,-10.447657,-10.6,-10.827657,-10.067656999999999,0.0
2025-01-16,USC00435490,-18.850136,-18.9,-19.230135999999998,-18.470136,0.0
2025-01-17,USC00435490,-11.571834,-11.7,-11.951834000000002,-11.191834,0.0
2025-01-18,USC00435490,-10.143552,-10.0,-10.523552,-9.763551999999999,0.0
2025-01-19,USC00435490,-4.5544653,-4.4,-4.9344653,-4.1744653000000005,0.0
2025-01-20,USC00435490,-14.212659,-13.9,-14.592659000000001,-13.832659,0.0
2025-01-21,USC00435490,-22.80552,-23.3,-23.18552,-22.425520000000002,0.0
2025-01-22,USC00435490,-22.893606,-22.8,-23.273605999999997,-22.513606,0.0
2025-01-23,USC00435490,-23.72258,-23.3,-24.10258,-23.34258,4.004722000000029
2025-01-24,USC00435490,-14.08621,-13.3,-14.46621,-13.706209999999999,0.0
2025-01-25,USC00435490,-22.240067,-21.7,-22.620067,-21.860067,0.0
2025-01-26,USC00435490,-21.15042,-20.6,-21.53042,-20.77042,0.0
2025-01-27,USC00435490,-7.355539,-6.7,-7.735539,-6.975539,0.0
2025-01-28,USC00435490,-6.723356,-6.7,-7.103356,-6.343356,0.0
2025-01-29,USC00435490,-17.005394,-16.7,-17.385393999999998,-16.625394,0.0
2025-01-30,USC00435490,-20.722515,-20.0,-21.102515,-20.342515000000002,0.0
2025-01-31,USC00435490,-22.018234,-21.7,-22.398234,-21.638234,0.0
2025-02-01,USC00435490,-13.549987,-12.8,-13.929987,-13.169986999999999,0.0
2025-02-02,USC00435490,-28.404093,-27.8,-28.784093,-28.024093,50.81985200000002
2025-02-03,USC00435490,-27.064478,-26.7,-27.444478,-26.684478000000002,37.423702000000034
2025-02-04,USC00435490,-6.9927616,-6.1,-7.3727616,-6.6127616,0.0
2025-02-05,USC00435490,-19.311707,-18.3,-19.691706999999997,-18.931707,0.0
2025-02-06,USC00435490,-23.897978,-23.3,-24.277977999999997,-23.517978,5.758702000000007
2025-02-07,USC00435490,-21.076529,-20.6,-21.456529,-20.696529,0.0
2025-02-08,USC00435490,-11.525017,-10.0,-11.905017,-11.145017,0.0
2025-02-09,USC00435490,-10.20826,-10.0,-10.58826,-9.828259999999998,0.0
2025-02-10,USC00435490,-8.264748,-8.3,-8.644748000000002,-7.884748000000001,0.0
2025-02-11,USC00435490,-18.140179,-17.2,-18.520179,-17.760179,0.0
2025-02-12,USC00435490,-14.429251,-13.9,-14.809251000000001,-14.049251,0.0
2025-02-13,USC00435490,-14.342007,-13.9,-14.722007000000001,-13.962007,0.0
2025-02-14,USC00435490,-12.50592,-12.2,-12.88592,-12.125919999999999,0.0
2025-02-15,USC00435490,-19.80594,-19.4,-20.18594,-19.42594,0.0
2025-02-16,USC00435490,-19.259045,-19.4,-19.639045,-18.879045,0.0
2025-02-17,USC00435490,-13.184788,-12.2,-13.564788,-12.804787999999999,0.0
2025-02-18,USC00435490,-15.000443,-14.4,-15.380443000000001,-14.620443,0.0
2025-02-19,USC00435490,-22.829773,-22.8,-23.209773,-22.449773,0.0
2025-02-20,USC00435490,-24.695604,-24.4,-25.075604,-24.315604,13.734962000000017
2025-02-21,USC00435490,-24.870892,-24.4,-25.250892,-24.490892000000002,15.487842000000034
2025-02-22,USC00435490,-18.974283,-18.3,-19.354283,-18.594283,0.0
2025-02-23,USC00435490,-19.831867,-19.4,-20.211866999999998,-19.451867,0.0
2025-02-24,USC00435490,-6.1908965,-5.0,-6.5708965,-5.8108965,0.0
2025-02-25,USC00435490,-5.410571,-5.0,-5.790571,-5.030571,0.0
2025-02-26,USC00435490,0.4290241,0.6,0.049024100000000015,0.8090241,0.0
2025-02-27,USC00435490,-7.890439,-7.8,-8.270439,-7.510439,0.0
2025-02-28,USC00435490,-2.5827448,-2.2,-2.9627448,-2.2027448,0.0
2025-01-01,USC00438169,-1.3014138,-1.1,-1.6814138,-0.9214138,0.0
2025-01-02,USC00438169,-3.9032376,-3.9,-4.2832376000000005,-3.5232376000000003,0.0
2025-01-03,USC00438169,-7.6873794,-7.8,-8.0673794,-7.3073794,0.0
2025-01-04,USC00438169,-13.366321,-13.9,-13.746321,-12.986320999999998,0.0
2025-01-05,USC00438169,-14.713824,-15.0,-15.093824000000001,-14.333824,0.0
2025-01-06,USC00438169,-21.316404,-21.7,-21.696403999999998,-20.936404,0.0
2025-01-07,USC00438169,-21.409864,-21.1,-21.789863999999998,-21.029864,0.0
2025-01-08,USC00438169,-16.35947,-16.1,-16.73947,-15.979470000000001,0.0
2025-01-09,USC00438169,-18.163584,-17.2,-18.543584,-17.783584,0.0
2025-01-10,USC00438169,-15.327082,-14.4,-15.707082000000002,-14.947082,0.0
2025-01-11,USC00438169,-14.905535,-14.4,-15.285535000000001,-14.525535,0.0
2025-01-12,USC00438169,-10.875036,-10.6,-11.255036,-10.495035999999999,0.0
2025-01-13,USC00438169,-11.403681,-11.1,-11.783681000000001,-11.023681,0.0
2025-01-14,USC00438169,-9.564246,-9.4,-9.944246000000001,-9.184246,0.0
2025-01-15,USC00438169,-11.990379,-12.2,-12.370379000000002,-11.610379,0.0
2025-01-16,USC00438169,-17.863567,-17.8,-18.243567,-17.483567,0.0
2025-01-17,USC00438169,-13.975789,-13.9,-14.355789000000001,-13.595789,0.0
2025-01-18,USC00438169,-12.017735,-11.7,-12.397735,-11.637735,0.0
2025-01-19,USC00438169,-5.3733206,-5.6,-5.7533205999999995,-4.9933206,0.0
2025-01-20,USC00438169,-16.753792,-16.7,-17.133792,-16.373792,0.0
2025-01-21,USC00438169,-22.701103,-23.3,-23.081103,-22.321103,0.0
2025-01-22,USC00438169,-24.944365,-25.0,-25.324365,-24.564365000000002,16.222572000000035
2025-01-23,USC00438169,-24.018703,-23.9,-24.398702999999998,-23.638703,6.965952000000009
2025-01-24,USC00438169,-16.07999,-15.0,-16.459989999999998,-15.699989999999998,0.0
2025-01-25,USC00438169,-22.008759,-22.2,-22.388759,-21.628759000000002,0.0
2025-01-26,USC00438169,-21.401018,-21.1,-21.781018,-21.021018,0.0
2025-01-27,USC00438169,-10.630175,-9.4,-11.010175,-10.250174999999999,0.0
2025-01-28,USC00438169,-9.221838,-8.3,-9.601838,-8.841838,0.0
2025-01-29,USC00438169,-20.68625,-20.6,-21.06625,-20.306250000000002,0.0
2025-01-30,USC00438169,-23.212872,-22.8,-23.592872,-22.832872000000002,0.0
2025-01-31,USC00438169,-22.730778,-22.8,-23.110778,-22.350778000000002,0.0
2025-02-01,USC00438169,-14.127275,-13.3,-14.507275,-13.747274999999998,0.0
2025-02-02,USC00438169,-26.606571,-26.7,-26.986570999999998,-26.226571,32.84463200000001
2025-02-03,USC00438169,-25.829826,-25.6,-26.209826,-25.449826,25.077182000000033
2025-02-04,USC00438169,-11.870153,-11.1,-12.250153000000001,-11.490153,0.0
2025-02-05,USC00438169,-20.689358,-20.6,-21.069357999999998,-20.309358,0.0
2025-02-06,USC00438169,-22.74591,-22.2,-23.125909999999998,-22.36591,0.0
2025-02-07,USC00438169,-18.950024,-18.9,-19.330023999999998,-18.570024,0.0
2025-02-08,USC00438169,-15.60496,-14.4,-15.984960000000001,-15.22496,0.0
2025-02-09,USC00438169,-14.493341,-13.3,-14.873341,-14.113340999999998,0.0
2025-02-10,USC00438169,-12.746993,-11.7,-13.126993,-12.366992999999999,0.0
2025-02-11,USC00438169,-20.705929,-20.6,-21.085929,-20.325929000000002,0.0
2025-02-12,USC00438169,-17.987532,-17.8,-18.367532,-17.607532000000003,0.0
2025-02-13,USC00438169,-15.568122,-15.0,-15.948122000000001,-15.188122,0.0
2025-02-14,USC00438169,-15.171367,-13.9,-15.551367,-14.791367,0.0
2025-02-15,USC00438169,-19.82971,-20.0,-20.209709999999998,-19.44971,0.0
2025-02-16,USC00438169,-17.53805,-17.2,-17.918049999999997,-17.15805,0.0
2025-02-17,USC00438169,-15.4626875,-15.0,-15.8426875,-15.082687499999999,0.0
2025-02-18,USC00438169,-17.490313,-16.7,-17.870313,-17.110313,0.0
2025-02-19,USC00438169,-22.556253,-22.8,-22.936253,-22.176253000000003,0.0
2025-02-20,USC00438169,-22.299059,-22.2,-22.679059,-21.919059,0.0
2025-02-21,USC00438169,-15.005275,-14.4,-15.385275,-14.625274999999998,0.0
2025-02-22,USC00438169,-15.093031,-14.4,-15.473031,-14.713030999999999,0.0
2025-02-23,USC00438169,-12.646134,-11.7,-13.026134,-12.266134,0.0
2025-02-24,USC00438169,-7.511025,-7.2,-7.891025,-7.131025,0.0
2025-02-25,USC00438169,-5.593849,-5.6,-5.9738489999999995,-5.213849,0.0
2025-02-26,USC00438169,-2.3272774,-2.2,-2.7072773999999997,-1.9472774,0.0
2025-02-27,USC00438169,-9.279929,-9.4,-9.659929,-8.899928999999998,0.0
2025-02-28,USC00438169,-4.904438,-5.0,-5.284438,-4.524438,0.0
2025-01-01,USC00439988,0.2957819,0.6,-0.08421810000000002,0.6757819,0.0
2025-01-02,USC00439988,-3.1663876,-3.3,-3.5463876,-2.7863876000000003,0.0
2025-01-03,USC00439988,-6.425567,-6.1,-6.805567,-6.045567,0.0
2025-01-04,USC00439988,-11.957213,-12.2,-12.337213,-11.577212999999999,0.0
2025-01-05,USC00439988,-12.105291,-12.2,-12.485291,-11.725290999999999,0.0
2025-01-06,USC00439988,-17.828373,-17.8,-18.208372999999998,-17.448373,0.0
2025-01-07,USC00439988,-17.726515,-17.8,-18.106514999999998,-17.346515,0.0
2025-01-08,USC00439988,-14.172509,-14.4,-14.552509,-13.792508999999999,0.0
2025-01-09,USC00439988,-14.374336,-14.4,-14.754336,-13.994335999999999,0.0
2025-01-10,USC00439988,-12.76072,-12.8,-13.14072,-12.380719999999998,0.0
2025-01-11,USC00439988,-10.174437,-10.0,-10.554437,-9.794436999999999,0.0
2025-01-12,USC00439988,-9.855692,-9.4,-10.235692,-9.475691999999999,0.0
2025-01-13,USC00439988,-9.536294,-9.4,-9.916294,-9.156293999999999,0.0
2025-01-14,USC00439988,-9.697141,-9.4,-10.077141000000001,-9.317141,0.0
2025-01-15,USC00439988,-11.161987,-11.1,-11.541987,-10.781986999999999,0.0
2025-01-16,USC00439988,-14.261133,-14.4,-14.641133,-13.881132999999998,0.0
2025-01-17,USC00439988,-13.79926,-13.3,-14.179260000000001,-13.41926,0.0
2025-01-18,USC00439988,-11.504299,-11.1,-11.884299,-11.124298999999999,0.0
2025-01-19,USC00439988,-3.4672112,-3.3,-3.8472112,-3.0872112,0.0
2025-01-20,USC00439988,-16.516567,-16.1,-16.896566999999997,-16.136567,0.0
2025-01-21,USC00439988,-19.93634,-20.0,-20.31634,-19.556340000000002,0.0
2025-01-22,USC00439988,-20.657286,-21.1,-21.037285999999998,-20.277286,0.0
2025-01-23,USC00439988,-21.47406,-21.1,-21.85406,-21.094060000000002,0.0
2025-01-24,USC00439988,-14.571208,-13.3,-14.951208000000001,-14.191208,0.0
2025-01-25,USC00439988,-20.329592,-20.0,-20.709592,-19.949592000000003,0.0
2025-01-26,USC00439988,-19.69949,-19.4,-20.07949,-19.319490000000002,0.0
2025-01-27,USC00439988,-8.854483,-8.3,-9.234483,-8.474483,0.0
2025-01-28,USC00439988,-7.505896,-7.8,-7.885896,-7.125896,0.0
2025-01-29,USC00439988,-13.910864,-13.9,-14.290864000000001,-13.530864,0.0
2025-01-30,USC00439988,-18.332087,-18.3,-18.712087,-17.952087000000002,0.0
2025-01-31,USC00439988,-18.694912,-18.3,-19.074911999999998,-18.314912,0.0
2025-02-01,USC00439988,-12.542589,-11.7,-12.922589,-12.162588999999999,0.0
2025-02-02,USC00439988,-23.844542,-24.4,-24.224542,-23.464542,5.2243420000000285
2025-02-03,USC00439988,-24.774874,-25.0,-25.154874,-24.394874,14.527662000000028
2025-02-04,USC00439988,-9.072908,-7.8,-9.452908,-8.692908,0.0
2025-02-05,USC00439988,-17.453083,-16.7,-17.833083,-17.073083,0.0
2025-02-06,USC00439988,-19.720078,-19.4,-20.100078,-19.340078000000002,0.0
2025-02-07,USC00439988,-15.7944145,-15.0,-16.1744145,-15.4144145,0.0
2025-02-08,USC00439988,-10.602758,-9.4,-10.982758,-10.222757999999999,0.0
2025-02-09,USC00439988,-9.316892,-9.4,-9.696892,-8.936891999999999,0.0
2025-02-10,USC00439988,-8.883249,-8.9,-9.263249,-8.503248999999999,0.0
2025-02-11,USC00439988,-15.508868,-15.6,-15.888868,-15.128867999999999,0.0
2025-02-12,USC00439988,-15.828137,-15.6,-16.208137,-15.448137,0.0
2025-02-13,USC00439988,-13.220787,-12.8,-13.600787,-12.840786999999999,0.0
2025-02-14,USC00439988,-11.478372,-11.7,-11.858372000000001,-11.098372,0.0
2025-02-15,USC00439988,-13.916533,-13.9,-14.296533,-13.536532999999999,0.0
2025-02-16,USC00439988,-13.887898,-13.9,-14.267898,-13.507897999999999,0.0
2025-02-17,USC00439988,-14.135154,-13.9,-14.515154,-13.755154,0.0
2025-02-18,USC00439988,-15.686435,-15.6,-16.066435,-15.306434999999999,0.0
2025-02-19,USC00439988,-19.081161,-19.4,-19.461161,-18.701161000000003,0.0
2025-02-20,USC00439988,-19.017443,-18.9,-19.397443,-18.637443,0.0
2025-02-21,USC00439988,-17.899181,-17.8,-18.279180999999998,-17.519181,0.0
2025-02-22,USC00439988,-13.417017,-12.2,-13.797017,-13.037016999999999,0.0
2025-02-23,USC00439988,-12.786939,-11.7,-13.166939000000001,-12.406939,0.0
2025-02-24,USC00439988,-6.081662,-5.6,-6.461662,-5.701662,0.0
2025-02-25,USC00439988,-5.5676064,-5.0,-5.9476064,-5.1876064,0.0
2025-02-26,USC00439988,1.0944276,1.1,0.7144275999999999,1.4744275999999998,0.0
2025-02-27,USC00439988,-4.4868255,-4.4,-4.8668255,-4.1068255,0.0
2025-02-28,USC00439988,-3.0678103,-2.8,-3.4478103,-2.6878103,0.0
