DATE,ID,SNWD
2025-02-01,US1NHBK0001,203.0
2025-02-02,US1NHBK0001,203.0
2025-02-03,US1NHBK0001,241.0
2025-02-04,US1NHBK0001,216.0
2025-02-05,US1NHBK0001,203.0
2025-02-06,US1NHBK0001,203.0
2025-02-07,US1NHBK0001,279.0
2025-02-08,US1NHBK0001,267.0
2025-02-09,US1NHBK0001,457.0
2025-02-10,US1NHBK0001,445.0
2025-02-11,US1NHBK0001,432.0
2025-02-12,US1NHBK0001,406.0
2025-02-13,US1NHBK0001,419.0
2025-02-14,US1NHBK0001,381.0
2025-02-15,US1NHBK0001,381.0
2025-02-16,US1NHBK0001,457.0
2025-02-17,US1NHBK0001,533.0
2025-02-18,US1NHBK0001,533.0
2025-02-19,US1NHBK0001,508.0
2025-02-20,US1NHBK0001,483.0
2025-02-21,US1NHBK0001,432.0
2025-02-22,US1NHBK0001,432.0
2025-02-23,US1NHBK0001,406.0
2025-02-24,US1NHBK0001,381.0
2025-02-26,US1NHBK0001,343.0
2025-02-27,US1NHBK0001,318.0
2025-02-28,US1NHBK0001,394.0
2025-03-01,US1NHBK0001,394.0
2025-03-02,US1NHBK0001,381.0
2025-03-03,US1NHBK0001,368.0
2025-03-04,US1NHBK0001,356.0
2025-03-05,US1NHBK0001,330.0
2025-03-06,US1NHBK0001,305.0
2025-03-07,US1NHBK0001,279.0
2025-03-09,US1NHBK0001,267.0
2025-03-10,US1NHBK0001,229.0
2025-03-11,US1NHBK0001,203.0
2025-03-12,US1NHBK0001,178.0
2025-03-13,US1NHBK0001,152.0
2025-03-14,US1NHBK0001,127.0
2025-03-15,US1NHBK0001,127.0
2025-03-16,US1NHBK0001,76.0
2025-03-25,US1NHBK0001,89.0
2025-02-01,US1NHBK0002,178.0
2025-02-02,US1NHBK0002,165.0
2025-02-03,US1NHBK0002,203.0
2025-02-04,US1NHBK0002,165.0
2025-02-05,US1NHBK0002,165.0
2025-02-06,US1NHBK0002,165.0
2025-02-07,US1NHBK0002,254.0
2025-02-08,US1NHBK0002,241.0
2025-02-09,US1NHBK0002,457.0
2025-02-10,US1NHBK0002,381.0
2025-02-11,US1NHBK0002,381.0
2025-02-12,US1NHBK0002,356.0
2025-02-13,US1NHBK0002,343.0
2025-02-14,US1NHBK0002,330.0
2025-02-15,US1NHBK0002,330.0
2025-02-16,US1NHBK0002,419.0
2025-02-17,US1NHBK0002,457.0
2025-02-18,US1NHBK0002,445.0
2025-02-19,US1NHBK0002,445.0
2025-02-20,US1NHBK0002,432.0
2025-02-22,US1NHBK0002,432.0
2025-02-23,US1NHBK0002,419.0
2025-02-24,US1NHBK0002,406.0
2025-02-25,US1NHBK0002,381.0
2025-02-26,US1NHBK0002,356.0
2025-02-27,US1NHBK0002,330.0
2025-02-28,US1NHBK0002,381.0
2025-03-01,US1NHBK0002,381.0
2025-03-02,US1NHBK0002,356.0
2025-03-03,US1NHBK0002,356.0
2025-03-04,US1NHBK0002,356.0
2025-03-05,US1NHBK0002,343.0
2025-03-06,US1NHBK0002,254.0
2025-03-07,US1NHBK0002,203.0
2025-03-08,US1NHBK0002,191.0
2025-03-09,US1NHBK0002,191.0
2025-03-10,US1NHBK0002,191.0
2025-03-11,US1NHBK0002,165.0
2025-03-12,US1NHBK0002,114.0
2025-03-13,US1NHBK0002,102.0
2025-03-14,US1NHBK0002,89.0
2025-03-15,US1NHBK0002,51.0
2025-03-16,US1NHBK0002,0.0
2025-03-17,US1NHBK0002,0.0
2025-03-18,US1NHBK0002,0.0
2025-03-19,US1NHBK0002,0.0
2025-03-21,US1NHBK0002,0.0
2025-03-22,US1NHBK0002,0.0
2025-03-23,US1NHBK0002,0.0
2025-03-24,US1NHBK0002,0.0
2025-03-25,US1NHBK0002,76.0
2025-02-01,US1NHBK0009,178.0
2025-02-03,US1NHBK0009,203.0
2025-02-04,US1NHBK0009,191.0
2025-02-05,US1NHBK0009,178.0
2025-02-07,US1NHBK0009,267.0
2025-02-09,US1NHBK0009,445.0
2025-02-10,US1NHBK0009,406.0
2025-02-11,US1NHBK0009,381.0
2025-02-13,US1NHBK0009,318.0
2025-02-14,US1NHBK0009,330.0
2025-02-15,US1NHBK0009,318.0
2025-02-16,US1NHBK0009,419.0
2025-02-17,US1NHBK0009,445.0
2025-02-20,US1NHBK0009,381.0
2025-02-21,US1NHBK0009,368.0
2025-02-26,US1NHBK0009,343.0
2025-02-27,US1NHBK0009,305.0
2025-02-28,US1NHBK0009,394.0
2025-03-01,US1NHBK0009,406.0
2025-03-03,US1NHBK0009,356.0
2025-03-04,US1NHBK0009,343.0
2025-03-05,US1NHBK0009,343.0
2025-03-06,US1NHBK0009,305.0
2025-03-07,US1NHBK0009,241.0
2025-03-08,US1NHBK0009,241.0
2025-03-09,US1NHBK0009,229.0
2025-03-10,US1NHBK0009,229.0
2025-03-11,US1NHBK0009,203.0
2025-03-12,US1NHBK0009,140.0
2025-03-13,US1NHBK0009,127.0
2025-03-14,US1NHBK0009,102.0
2025-03-15,US1NHBK0009,76.0
2025-03-16,US1NHBK0009,38.0
2025-03-17,US1NHBK0009,0.0
2025-03-19,US1NHBK0009,0.0
2025-03-20,US1NHBK0009,0.0
2025-03-21,US1NHBK0009,0.0
2025-03-22,US1NHBK0009,0.0
2025-03-23,US1NHBK0009,0.0
2025-03-24,US1NHBK0009,0.0
2025-03-25,US1NHBK0009,140.0
2025-03-18,US1NHBK0018,0.0
2025-02-01,US1NHBK0026,216.0
2025-02-02,US1NHBK0026,203.0
2025-02-03,US1NHBK0026,241.0
2025-02-04,US1NHBK0026,254.0
2025-02-05,US1NHBK0026,241.0
2025-02-06,US1NHBK0026,241.0
2025-02-07,US1NHBK0026,330.0
2025-02-08,US1NHBK0026,318.0
2025-02-09,US1NHBK0026,508.0
2025-02-10,US1NHBK0026,495.0
2025-02-11,US1NHBK0026,483.0
2025-02-12,US1NHBK0026,483.0
2025-02-13,US1NHBK0026,483.0
2025-02-14,US1NHBK0026,432.0
2025-02-15,US1NHBK0026,406.0
2025-02-16,US1NHBK0026,457.0
2025-02-17,US1NHBK0026,521.0
2025-02-18,US1NHBK0026,483.0
2025-02-19,US1NHBK0026,470.0
2025-02-20,US1NHBK0026,457.0
2025-02-21,US1NHBK0026,445.0
2025-02-22,US1NHBK0026,432.0
2025-02-23,US1NHBK0026,419.0
2025-02-24,US1NHBK0026,419.0
2025-02-25,US1NHBK0026,406.0
2025-02-26,US1NHBK0026,356.0
2025-02-27,US1NHBK0026,330.0
2025-02-28,US1NHBK0026,381.0
2025-03-16,US1NHBK0026,38.0
2025-02-01,US1NHBK0034,152.0
2025-02-03,US1NHBK0034,178.0
2025-02-07,US1NHBK0034,229.0
2025-02-09,US1NHBK0034,406.0
2025-02-10,US1NHBK0034,406.0
2025-02-16,US1NHBK0034,330.0
2025-02-17,US1NHBK0034,406.0
2025-02-24,US1NHBK0034,343.0
2025-02-28,US1NHBK0034,318.0
2025-03-01,US1NHBK0034,343.0
2025-03-03,US1NHBK0034,305.0
2025-03-06,US1NHBK0034,229.0
2025-03-10,US1NHBK0034,140.0
2025-03-12,US1NHBK0034,0.0
2025-03-13,US1NHBK0034,0.0
2025-03-14,US1NHBK0034,0.0
2025-03-15,US1NHBK0034,0.0
2025-03-16,US1NHBK0034,0.0
2025-03-17,US1NHBK0034,0.0
2025-03-18,US1NHBK0034,0.0
2025-03-19,US1NHBK0034,0.0
2025-03-20,US1NHBK0034,0.0
2025-03-21,US1NHBK0034,0.0
2025-03-22,US1NHBK0034,0.0
2025-03-23,US1NHBK0034,0.0
2025-03-24,US1NHBK0034,0.0
2025-03-25,US1NHBK0034,89.0
2025-02-09,US1NHCH0020,343.0
2025-02-18,US1NHCH0027,368.0
2025-03-01,US1NHCH0027,292.0
2025-03-10,US1NHCH0027,165.0
2025-03-11,US1NHCH0027,127.0
2025-03-12,US1NHCH0027,102.0
2025-03-13,US1NHCH0027,102.0
2025-03-14,US1NHCH0027,89.0
2025-03-15,US1NHCH0027,38.0
2025-03-16,US1NHCH0027,0.0
2025-03-17,US1NHCH0027,0.0
2025-03-18,US1NHCH0027,0.0
2025-03-19,US1NHCH0027,0.0
2025-03-20,US1NHCH0027,0.0
2025-03-21,US1NHCH0027,0.0
2025-03-22,US1NHCH0027,0.0
2025-03-23,US1NHCH0027,0.0
2025-03-24,US1NHCH0027,0.0
2025-03-25,US1NHCH0027,0.0
2025-02-01,US1NHCH0031,178.0
2025-02-02,US1NHCH0031,165.0
2025-02-03,US1NHCH0031,229.0
2025-02-04,US1NHCH0031,203.0
2025-02-05,US1NHCH0031,178.0
2025-02-06,US1NHCH0031,178.0
2025-02-07,US1NHCH0031,229.0
2025-02-08,US1NHCH0031,229.0
2025-02-09,US1NHCH0031,356.0
2025-02-10,US1NHCH0031,343.0
2025-02-11,US1NHCH0031,318.0
2025-02-12,US1NHCH0031,305.0
2025-02-13,US1NHCH0031,330.0
2025-02-14,US1NHCH0031,330.0
2025-02-15,US1NHCH0031,318.0
2025-02-16,US1NHCH0031,419.0
2025-02-17,US1NHCH0031,470.0
2025-02-18,US1NHCH0031,445.0
2025-02-19,US1NHCH0031,419.0
2025-02-20,US1NHCH0031,406.0
2025-02-21,US1NHCH0031,406.0
2025-02-22,US1NHCH0031,406.0
2025-02-23,US1NHCH0031,406.0
2025-02-24,US1NHCH0031,394.0
2025-02-25,US1NHCH0031,381.0
2025-02-26,US1NHCH0031,356.0
2025-02-27,US1NHCH0031,368.0
2025-02-28,US1NHCH0031,356.0
2025-03-10,US1NHCH0031,191.0
2025-03-23,US1NHCH0031,0.0
2025-02-01,US1NHCR0011,381.0
2025-02-03,US1NHCR0011,445.0
2025-02-04,US1NHCR0011,432.0
2025-02-05,US1NHCR0011,406.0
2025-02-06,US1NHCR0011,368.0
2025-02-07,US1NHCR0011,457.0
2025-02-08,US1NHCR0011,432.0
2025-02-09,US1NHCR0011,610.0
2025-02-10,US1NHCR0011,533.0
2025-02-11,US1NHCR0011,495.0
2025-02-12,US1NHCR0011,483.0
2025-02-13,US1NHCR0011,483.0
2025-02-14,US1NHCR0011,495.0
2025-02-15,US1NHCR0011,483.0
2025-02-16,US1NHCR0011,495.0
2025-02-17,US1NHCR0011,648.0
2025-02-18,US1NHCR0011,610.0
2025-02-19,US1NHCR0011,610.0
2025-02-20,US1NHCR0011,584.0
2025-02-21,US1NHCR0011,559.0
2025-02-22,US1NHCR0011,559.0
2025-02-23,US1NHCR0011,533.0
2025-02-24,US1NHCR0011,533.0
2025-02-25,US1NHCR0011,508.0
2025-02-26,US1NHCR0011,483.0
2025-02-27,US1NHCR0011,470.0
2025-02-28,US1NHCR0011,559.0
2025-03-01,US1NHCR0011,597.0
2025-03-02,US1NHCR0011,533.0
2025-03-03,US1NHCR0011,521.0
2025-03-04,US1NHCR0011,521.0
2025-03-05,US1NHCR0011,521.0
2025-03-06,US1NHCR0011,495.0
2025-03-07,US1NHCR0011,432.0
2025-03-08,US1NHCR0011,419.0
2025-03-09,US1NHCR0011,419.0
2025-03-10,US1NHCR0011,432.0
2025-03-11,US1NHCR0011,394.0
2025-03-12,US1NHCR0011,368.0
2025-03-13,US1NHCR0011,343.0
2025-03-14,US1NHCR0011,318.0
2025-03-15,US1NHCR0011,267.0
2025-03-16,US1NHCR0011,216.0
2025-03-17,US1NHCR0011,114.0
2025-03-18,US1NHCR0011,114.0
2025-03-19,US1NHCR0011,102.0
2025-03-20,US1NHCR0011,76.0
2025-03-21,US1NHCR0011,25.0
2025-03-22,US1NHCR0011,25.0
2025-03-23,US1NHCR0011,0.0
2025-03-24,US1NHCR0011,0.0
2025-03-25,US1NHCR0011,102.0
2025-02-01,US1NHCR0015,279.0
2025-02-03,US1NHCR0015,368.0
2025-02-04,US1NHCR0015,376.0
2025-02-05,US1NHCR0015,312.0
2025-02-06,US1NHCR0015,312.0
2025-02-07,US1NHCR0015,417.0
2025-02-08,US1NHCR0015,373.0
2025-02-09,US1NHCR0015,483.0
2025-02-10,US1NHCR0015,445.0
2025-02-11,US1NHCR0015,427.0
2025-02-12,US1NHCR0015,381.0
2025-02-13,US1NHCR0015,445.0
2025-02-14,US1NHCR0015,437.0
2025-02-15,US1NHCR0015,432.0
2025-02-17,US1NHCR0015,584.0
2025-02-18,US1NHCR0015,541.0
2025-02-19,US1NHCR0015,521.0
2025-02-20,US1NHCR0015,521.0
2025-02-21,US1NHCR0015,500.0
2025-02-22,US1NHCR0015,490.0
2025-02-23,US1NHCR0015,475.0
2025-02-24,US1NHCR0015,475.0
2025-02-25,US1NHCR0015,457.0
2025-02-26,US1NHCR0015,445.0
2025-02-27,US1NHCR0015,432.0
2025-02-28,US1NHCR0015,533.0
2025-03-01,US1NHCR0015,597.0
2025-03-02,US1NHCR0015,564.0
2025-03-03,US1NHCR0015,549.0
2025-03-04,US1NHCR0015,538.0
2025-03-05,US1NHCR0015,516.0
2025-03-06,US1NHCR0015,470.0
2025-03-07,US1NHCR0015,419.0
2025-03-08,US1NHCR0015,411.0
2025-03-09,US1NHCR0015,406.0
2025-03-10,US1NHCR0015,414.0
2025-03-11,US1NHCR0015,406.0
2025-03-12,US1NHCR0015,389.0
2025-03-13,US1NHCR0015,368.0
2025-03-14,US1NHCR0015,363.0
2025-03-15,US1NHCR0015,348.0
2025-03-16,US1NHCR0015,325.0
2025-03-17,US1NHCR0015,262.0
2025-03-18,US1NHCR0015,229.0
2025-03-19,US1NHCR0015,229.0
2025-03-20,US1NHCR0015,208.0
2025-03-21,US1NHCR0015,170.0
2025-03-22,US1NHCR0015,165.0
2025-03-23,US1NHCR0015,119.0
2025-03-24,US1NHCR0015,109.0
2025-03-25,US1NHCR0015,178.0
2025-02-07,US1NHCR0034,292.0
2025-02-09,US1NHCR0034,508.0
2025-02-10,US1NHCR0034,457.0
2025-02-12,US1NHCR0034,394.0
2025-02-13,US1NHCR0034,389.0
2025-02-14,US1NHCR0034,356.0
2025-02-16,US1NHCR0034,394.0
2025-02-17,US1NHCR0034,475.0
2025-02-24,US1NHCR0034,356.0
2025-02-26,US1NHCR0034,343.0
2025-03-01,US1NHCR0034,386.0
2025-03-04,US1NHCR0034,356.0
2025-03-06,US1NHCR0034,279.0
2025-03-07,US1NHCR0034,267.0
2025-02-01,US1NHCR0041,292.0
2025-02-02,US1NHCR0041,292.0
2025-02-03,US1NHCR0041,292.0
2025-02-05,US1NHCR0041,292.0
2025-02-06,US1NHCR0041,279.0
2025-02-07,US1NHCR0041,406.0
2025-02-09,US1NHCR0041,559.0
2025-02-10,US1NHCR0041,559.0
2025-02-11,US1NHCR0041,546.0
2025-02-13,US1NHCR0041,508.0
2025-02-14,US1NHCR0041,483.0
2025-02-15,US1NHCR0041,483.0
2025-02-16,US1NHCR0041,483.0
2025-02-17,US1NHCR0041,597.0
2025-02-18,US1NHCR0041,572.0
2025-02-19,US1NHCR0041,546.0
2025-02-20,US1NHCR0041,533.0
2025-02-21,US1NHCR0041,521.0
2025-02-22,US1NHCR0041,508.0
2025-02-23,US1NHCR0041,508.0
2025-02-24,US1NHCR0041,495.0
2025-02-25,US1NHCR0041,495.0
2025-02-26,US1NHCR0041,457.0
2025-02-27,US1NHCR0041,470.0
2025-02-28,US1NHCR0041,559.0
2025-03-08,US1NHCR0041,432.0
2025-03-19,US1NHCR0041,191.0
2025-02-17,US1NHCR0046,457.0
2025-03-01,US1NHCR0046,508.0
2025-03-05,US1NHCR0046,432.0
2025-03-06,US1NHCR0046,394.0
2025-03-08,US1NHCR0046,330.0
2025-03-10,US1NHCR0046,330.0
2025-03-17,US1NHCR0046,140.0
2025-03-18,US1NHCR0046,140.0
2025-03-20,US1NHCR0046,102.0
2025-03-24,US1NHCR0046,0.0
2025-03-25,US1NHCR0046,89.0
2025-02-01,US1NHCR0050,203.0
2025-02-02,US1NHCR0050,203.0
2025-02-03,US1NHCR0050,254.0
2025-02-04,US1NHCR0050,229.0
2025-02-05,US1NHCR0050,216.0
2025-02-06,US1NHCR0050,203.0
2025-02-07,US1NHCR0050,305.0
2025-02-09,US1NHCR0050,508.0
2025-02-10,US1NHCR0050,483.0
2025-02-11,US1NHCR0050,432.0
2025-02-12,US1NHCR0050,394.0
2025-02-13,US1NHCR0050,394.0
2025-02-14,US1NHCR0050,394.0
2025-02-15,US1NHCR0050,381.0
2025-02-16,US1NHCR0050,432.0
2025-02-17,US1NHCR0050,508.0
2025-02-18,US1NHCR0050,457.0
2025-02-19,US1NHCR0050,432.0
2025-02-20,US1NHCR0050,432.0
2025-02-21,US1NHCR0050,432.0
2025-02-22,US1NHCR0050,432.0
2025-02-23,US1NHCR0050,432.0
2025-02-24,US1NHCR0050,419.0
2025-02-25,US1NHCR0050,406.0
2025-02-26,US1NHCR0050,381.0
2025-02-27,US1NHCR0050,330.0
2025-02-28,US1NHCR0050,406.0
2025-03-01,US1NHCR0050,406.0
2025-03-02,US1NHCR0050,394.0
2025-03-03,US1NHCR0050,394.0
2025-03-04,US1NHCR0050,381.0
2025-03-05,US1NHCR0050,381.0
2025-03-06,US1NHCR0050,254.0
2025-03-07,US1NHCR0050,241.0
2025-03-08,US1NHCR0050,241.0
2025-03-09,US1NHCR0050,229.0
2025-03-10,US1NHCR0050,229.0
2025-03-11,US1NHCR0050,216.0
2025-03-12,US1NHCR0050,191.0
2025-03-13,US1NHCR0050,178.0
2025-03-14,US1NHCR0050,178.0
2025-03-15,US1NHCR0050,165.0
2025-03-16,US1NHCR0050,127.0
2025-03-17,US1NHCR0050,0.0
2025-03-25,US1NHCR0050,114.0
2025-02-02,US1NHCS0007,178.0
2025-02-03,US1NHCS0007,254.0
2025-02-04,US1NHCS0007,279.0
2025-02-05,US1NHCS0007,267.0
2025-02-06,US1NHCS0007,241.0
2025-02-07,US1NHCS0007,292.0
2025-02-08,US1NHCS0007,305.0
2025-02-09,US1NHCS0007,381.0
2025-02-10,US1NHCS0007,356.0
2025-02-11,US1NHCS0007,343.0
2025-02-12,US1NHCS0007,330.0
2025-02-13,US1NHCS0007,305.0
2025-02-14,US1NHCS0007,343.0
2025-02-15,US1NHCS0007,343.0
2025-02-16,US1NHCS0007,406.0
2025-02-17,US1NHCS0007,495.0
2025-02-18,US1NHCS0007,457.0
2025-02-19,US1NHCS0007,432.0
2025-02-20,US1NHCS0007,432.0
2025-02-21,US1NHCS0007,432.0
2025-02-22,US1NHCS0007,406.0
2025-02-23,US1NHCS0007,394.0
2025-02-24,US1NHCS0007,406.0
2025-02-25,US1NHCS0007,368.0
2025-02-26,US1NHCS0007,330.0
2025-02-27,US1NHCS0007,318.0
2025-02-28,US1NHCS0007,318.0
2025-03-01,US1NHCS0007,368.0
2025-03-02,US1NHCS0007,381.0
2025-03-03,US1NHCS0007,368.0
2025-03-04,US1NHCS0007,356.0
2025-03-05,US1NHCS0007,394.0
2025-03-06,US1NHCS0007,267.0
2025-03-08,US1NHCS0007,241.0
2025-03-09,US1NHCS0007,229.0
2025-03-10,US1NHCS0007,241.0
2025-03-11,US1NHCS0007,241.0
2025-03-12,US1NHCS0007,178.0
2025-03-13,US1NHCS0007,165.0
2025-03-14,US1NHCS0007,165.0
2025-03-15,US1NHCS0007,140.0
2025-03-16,US1NHCS0007,0.0
2025-03-17,US1NHCS0007,0.0
2025-03-22,US1NHCS0007,25.0
2025-03-25,US1NHCS0007,25.0
2025-02-03,US1NHCS0019,356.0
2025-03-10,US1NHCS0019,457.0
2025-02-01,US1NHGR0001,203.0
2025-02-02,US1NHGR0001,191.0
2025-02-03,US1NHGR0001,203.0
2025-02-04,US1NHGR0001,178.0
2025-02-05,US1NHGR0001,178.0
2025-02-06,US1NHGR0001,165.0
2025-02-07,US1NHGR0001,254.0
2025-02-08,US1NHGR0001,254.0
2025-02-09,US1NHGR0001,432.0
2025-02-10,US1NHGR0001,406.0
2025-02-11,US1NHGR0001,381.0
2025-02-12,US1NHGR0001,356.0
2025-02-13,US1NHGR0001,368.0
2025-02-14,US1NHGR0001,381.0
2025-02-15,US1NHGR0001,343.0
2025-02-16,US1NHGR0001,406.0
2025-02-17,US1NHGR0001,495.0
2025-02-18,US1NHGR0001,470.0
2025-02-19,US1NHGR0001,457.0
2025-02-20,US1NHGR0001,445.0
2025-02-21,US1NHGR0001,432.0
2025-02-22,US1NHGR0001,419.0
2025-02-23,US1NHGR0001,419.0
2025-02-24,US1NHGR0001,406.0
2025-02-25,US1NHGR0001,381.0
2025-02-26,US1NHGR0001,356.0
2025-02-27,US1NHGR0001,343.0
2025-02-28,US1NHGR0001,432.0
2025-03-01,US1NHGR0001,406.0
2025-03-02,US1NHGR0001,381.0
2025-03-03,US1NHGR0001,356.0
2025-03-04,US1NHGR0001,356.0
2025-03-05,US1NHGR0001,356.0
2025-03-06,US1NHGR0001,330.0
2025-03-07,US1NHGR0001,279.0
2025-03-08,US1NHGR0001,254.0
2025-03-09,US1NHGR0001,254.0
2025-03-10,US1NHGR0001,241.0
2025-03-11,US1NHGR0001,203.0
2025-03-12,US1NHGR0001,127.0
2025-03-13,US1NHGR0001,89.0
2025-03-14,US1NHGR0001,64.0
2025-03-15,US1NHGR0001,25.0
2025-03-16,US1NHGR0001,0.0
2025-03-17,US1NHGR0001,0.0
2025-03-18,US1NHGR0001,0.0
2025-03-19,US1NHGR0001,0.0
2025-03-20,US1NHGR0001,0.0
2025-03-21,US1NHGR0001,0.0
2025-03-22,US1NHGR0001,0.0
2025-03-23,US1NHGR0001,0.0
2025-03-24,US1NHGR0001,0.0
2025-03-25,US1NHGR0001,152.0
2025-02-01,US1NHGR0011,114.0
2025-02-06,US1NHGR0011,89.0
2025-02-13,US1NHGR0011,267.0
2025-02-20,US1NHGR0011,305.0
2025-02-24,US1NHGR0011,297.0
2025-02-25,US1NHGR0011,292.0
2025-02-27,US1NHGR0011,216.0
2025-03-01,US1NHGR0011,53.0
2025-03-24,US1NHGR0011,0.0
2025-02-01,US1NHGR0047,254.0
2025-02-02,US1NHGR0047,254.0
2025-02-03,US1NHGR0047,318.0
2025-02-04,US1NHGR0047,305.0
2025-02-05,US1NHGR0047,292.0
2025-02-06,US1NHGR0047,292.0
2025-02-07,US1NHGR0047,406.0
2025-02-08,US1NHGR0047,406.0
2025-02-09,US1NHGR0047,445.0
2025-02-10,US1NHGR0047,432.0
2025-02-11,US1NHGR0047,432.0
2025-02-12,US1NHGR0047,406.0
2025-02-13,US1NHGR0047,419.0
2025-02-14,US1NHGR0047,470.0
2025-02-15,US1NHGR0047,470.0
2025-02-16,US1NHGR0047,495.0
2025-02-17,US1NHGR0047,559.0
2025-02-18,US1NHGR0047,559.0
2025-02-19,US1NHGR0047,559.0
2025-02-20,US1NHGR0047,508.0
2025-02-21,US1NHGR0047,508.0
2025-02-22,US1NHGR0047,508.0
2025-02-23,US1NHGR0047,483.0
2025-02-24,US1NHGR0047,521.0
2025-02-25,US1NHGR0047,508.0
2025-02-26,US1NHGR0047,483.0
2025-02-27,US1NHGR0047,470.0
2025-02-28,US1NHGR0047,495.0
2025-03-13,US1NHGR0047,241.0
2025-02-17,US1NHGR0057,427.0
2025-02-26,US1NHGR0057,257.0
2025-03-04,US1NHGR0057,307.0
2025-03-18,US1NHGR0057,0.0
2025-02-14,US1NHHL0019,305.0
2025-02-17,US1NHHL0019,445.0
2025-02-28,US1NHHL0019,356.0
2025-03-18,US1NHHL0019,0.0
2025-03-21,US1NHHL0019,0.0
2025-02-01,US1NHHL0048,178.0
2025-02-02,US1NHHL0048,165.0
2025-02-03,US1NHHL0048,203.0
2025-02-04,US1NHHL0048,152.0
2025-02-05,US1NHHL0048,152.0
2025-02-06,US1NHHL0048,152.0
2025-02-07,US1NHHL0048,203.0
2025-02-08,US1NHHL0048,203.0
2025-02-09,US1NHHL0048,356.0
2025-02-10,US1NHHL0048,330.0
2025-02-11,US1NHHL0048,318.0
2025-02-12,US1NHHL0048,305.0
2025-02-13,US1NHHL0048,330.0
2025-02-14,US1NHHL0048,318.0
2025-02-15,US1NHHL0048,318.0
2025-02-16,US1NHHL0048,432.0
2025-02-17,US1NHHL0048,483.0
2025-02-18,US1NHHL0048,457.0
2025-02-19,US1NHHL0048,432.0
2025-02-20,US1NHHL0048,432.0
2025-02-21,US1NHHL0048,432.0
2025-02-22,US1NHHL0048,419.0
2025-02-23,US1NHHL0048,419.0
2025-02-24,US1NHHL0048,406.0
2025-02-25,US1NHHL0048,381.0
2025-02-26,US1NHHL0048,368.0
2025-02-27,US1NHHL0048,368.0
2025-02-28,US1NHHL0048,330.0
2025-03-01,US1NHHL0048,318.0
2025-03-02,US1NHHL0048,305.0
2025-03-03,US1NHHL0048,305.0
2025-03-04,US1NHHL0048,305.0
2025-03-05,US1NHHL0048,279.0
2025-03-06,US1NHHL0048,229.0
2025-03-07,US1NHHL0048,191.0
2025-03-08,US1NHHL0048,178.0
2025-03-09,US1NHHL0048,178.0
2025-03-10,US1NHHL0048,178.0
2025-03-11,US1NHHL0048,152.0
2025-03-12,US1NHHL0048,102.0
2025-03-13,US1NHHL0048,76.0
2025-03-14,US1NHHL0048,0.0
2025-02-24,US1NHHL0049,356.0
2025-03-01,US1NHHL0049,305.0
2025-03-02,US1NHHL0049,305.0
2025-03-03,US1NHHL0049,279.0
2025-03-04,US1NHHL0049,267.0
2025-03-05,US1NHHL0049,254.0
2025-03-06,US1NHHL0049,203.0
2025-03-07,US1NHHL0049,152.0
2025-03-08,US1NHHL0049,152.0
2025-03-09,US1NHHL0049,152.0
2025-03-10,US1NHHL0049,127.0
2025-03-11,US1NHHL0049,76.0
2025-03-12,US1NHHL0049,13.0
2025-03-13,US1NHHL0049,13.0
2025-03-14,US1NHHL0049,13.0
2025-03-15,US1NHHL0049,13.0
2025-03-16,US1NHHL0049,0.0
2025-02-17,US1NHHL0077,406.0
2025-02-27,US1NHHL0096,8.0
2025-02-10,US1NHHL0103,356.0
2025-02-16,US1NHHL0103,432.0
2025-02-17,US1NHHL0103,508.0
2025-02-18,US1NHHL0103,483.0
2025-02-20,US1NHHL0103,470.0
2025-02-21,US1NHHL0103,457.0
2025-02-22,US1NHHL0103,457.0
2025-02-25,US1NHHL0103,432.0
2025-02-26,US1NHHL0103,406.0
2025-02-27,US1NHHL0103,406.0
2025-02-28,US1NHHL0103,381.0
2025-03-02,US1NHHL0103,381.0
2025-03-04,US1NHHL0103,381.0
2025-03-06,US1NHHL0103,305.0
2025-03-07,US1NHHL0103,279.0
2025-03-08,US1NHHL0103,279.0
2025-03-09,US1NHHL0103,254.0
2025-03-10,US1NHHL0103,254.0
2025-03-11,US1NHHL0103,254.0
2025-03-12,US1NHHL0103,229.0
2025-03-13,US1NHHL0103,229.0
2025-03-14,US1NHHL0103,229.0
2025-03-15,US1NHHL0103,203.0
2025-03-17,US1NHHL0103,0.0
2025-03-18,US1NHHL0103,0.0
2025-03-20,US1NHHL0103,0.0
2025-02-01,US1NHHL0108,330.0
2025-02-02,US1NHHL0108,330.0
2025-02-03,US1NHHL0108,368.0
2025-02-04,US1NHHL0108,305.0
2025-02-05,US1NHHL0108,305.0
2025-02-06,US1NHHL0108,305.0
2025-02-07,US1NHHL0108,381.0
2025-02-08,US1NHHL0108,381.0
2025-02-09,US1NHHL0108,533.0
2025-02-10,US1NHHL0108,533.0
2025-02-11,US1NHHL0108,521.0
2025-02-12,US1NHHL0108,470.0
2025-02-13,US1NHHL0108,508.0
2025-02-14,US1NHHL0108,495.0
2025-02-16,US1NHHL0108,559.0
2025-02-17,US1NHHL0108,635.0
2025-02-18,US1NHHL0108,610.0
2025-02-19,US1NHHL0108,584.0
2025-02-20,US1NHHL0108,572.0
2025-02-21,US1NHHL0108,546.0
2025-02-22,US1NHHL0108,533.0
2025-02-23,US1NHHL0108,521.0
2025-02-24,US1NHHL0108,508.0
2025-02-25,US1NHHL0108,495.0
2025-02-26,US1NHHL0108,483.0
2025-02-27,US1NHHL0108,483.0
2025-03-03,US1NHHL0108,457.0
2025-03-04,US1NHHL0108,457.0
2025-03-05,US1NHHL0108,432.0
2025-03-06,US1NHHL0108,381.0
2025-03-07,US1NHHL0108,318.0
2025-03-08,US1NHHL0108,292.0
2025-03-10,US1NHHL0108,279.0
2025-03-11,US1NHHL0108,254.0
2025-03-14,US1NHHL0108,229.0
2025-03-15,US1NHHL0108,203.0
2025-03-16,US1NHHL0108,114.0
2025-03-17,US1NHHL0108,51.0
2025-03-18,US1NHHL0108,38.0
2025-03-19,US1NHHL0108,13.0
2025-03-20,US1NHHL0108,13.0
2025-03-22,US1NHHL0108,0.0
2025-03-25,US1NHHL0108,15.0
2025-02-01,US1NHMR0004,216.0
2025-02-02,US1NHMR0004,203.0
2025-02-03,US1NHMR0004,241.0
2025-02-04,US1NHMR0004,203.0
2025-02-05,US1NHMR0004,191.0
2025-02-06,US1NHMR0004,191.0
2025-02-07,US1NHMR0004,254.0
2025-02-08,US1NHMR0004,254.0
2025-02-09,US1NHMR0004,432.0
2025-02-10,US1NHMR0004,394.0
2025-02-11,US1NHMR0004,368.0
2025-02-12,US1NHMR0004,356.0
2025-02-13,US1NHMR0004,368.0
2025-02-14,US1NHMR0004,356.0
2025-02-15,US1NHMR0004,343.0
2025-02-16,US1NHMR0004,432.0
2025-02-17,US1NHMR0004,508.0
2025-02-18,US1NHMR0004,483.0
2025-02-19,US1NHMR0004,457.0
2025-02-20,US1NHMR0004,457.0
2025-02-21,US1NHMR0004,445.0
2025-02-22,US1NHMR0004,432.0
2025-02-23,US1NHMR0004,432.0
2025-02-24,US1NHMR0004,419.0
2025-02-25,US1NHMR0004,394.0
2025-02-26,US1NHMR0004,356.0
2025-02-27,US1NHMR0004,356.0
2025-02-28,US1NHMR0004,381.0
2025-03-01,US1NHMR0004,356.0
2025-03-02,US1NHMR0004,343.0
2025-03-03,US1NHMR0004,343.0
2025-03-04,US1NHMR0004,343.0
2025-03-05,US1NHMR0004,343.0
2025-03-06,US1NHMR0004,292.0
2025-03-07,US1NHMR0004,254.0
2025-03-08,US1NHMR0004,254.0
2025-03-09,US1NHMR0004,241.0
2025-03-10,US1NHMR0004,241.0
2025-03-11,US1NHMR0004,229.0
2025-03-12,US1NHMR0004,203.0
2025-03-13,US1NHMR0004,203.0
2025-03-14,US1NHMR0004,203.0
2025-03-15,US1NHMR0004,178.0
2025-03-16,US1NHMR0004,152.0
2025-03-17,US1NHMR0004,25.0
2025-03-18,US1NHMR0004,0.0
2025-03-19,US1NHMR0004,0.0
2025-03-20,US1NHMR0004,0.0
2025-03-21,US1NHMR0004,0.0
2025-03-22,US1NHMR0004,0.0
2025-03-23,US1NHMR0004,0.0
2025-03-24,US1NHMR0004,0.0
2025-03-25,US1NHMR0004,13.0
2025-02-01,US1NHMR0006,254.0
2025-02-02,US1NHMR0006,254.0
2025-02-03,US1NHMR0006,279.0
2025-02-04,US1NHMR0006,254.0
2025-02-05,US1NHMR0006,254.0
2025-02-06,US1NHMR0006,254.0
2025-02-07,US1NHMR0006,356.0
2025-02-08,US1NHMR0006,254.0
2025-02-09,US1NHMR0006,470.0
2025-02-10,US1NHMR0006,457.0
2025-02-11,US1NHMR0006,406.0
2025-02-12,US1NHMR0006,381.0
2025-02-13,US1NHMR0006,457.0
2025-02-14,US1NHMR0006,483.0
2025-02-15,US1NHMR0006,381.0
2025-02-16,US1NHMR0006,495.0
2025-02-17,US1NHMR0006,559.0
2025-02-18,US1NHMR0006,457.0
2025-02-19,US1NHMR0006,381.0
2025-02-20,US1NHMR0006,381.0
2025-02-21,US1NHMR0006,381.0
2025-02-22,US1NHMR0006,381.0
2025-02-23,US1NHMR0006,343.0
2025-02-24,US1NHMR0006,330.0
2025-02-25,US1NHMR0006,254.0
2025-02-26,US1NHMR0006,254.0
2025-02-27,US1NHMR0006,279.0
2025-02-28,US1NHMR0006,356.0
2025-03-01,US1NHMR0006,381.0
2025-03-02,US1NHMR0006,356.0
2025-03-03,US1NHMR0006,356.0
2025-03-04,US1NHMR0006,356.0
2025-03-05,US1NHMR0006,356.0
2025-03-06,US1NHMR0006,254.0
2025-03-07,US1NHMR0006,254.0
2025-03-08,US1NHMR0006,254.0
2025-03-10,US1NHMR0006,254.0
2025-03-11,US1NHMR0006,203.0
2025-03-12,US1NHMR0006,178.0
2025-03-13,US1NHMR0006,178.0
2025-03-14,US1NHMR0006,178.0
2025-03-15,US1NHMR0006,152.0
2025-03-16,US1NHMR0006,152.0
2025-03-17,US1NHMR0006,102.0
2025-03-18,US1NHMR0006,0.0
2025-03-19,US1NHMR0006,0.0
2025-03-20,US1NHMR0006,0.0
2025-03-21,US1NHMR0006,0.0
2025-03-22,US1NHMR0006,0.0
2025-03-23,US1NHMR0006,0.0
2025-03-24,US1NHMR0006,0.0
2025-03-25,US1NHMR0006,165.0
2025-02-03,US1NHMR0015,203.0
2025-02-10,US1NHMR0015,356.0
2025-02-17,US1NHMR0015,432.0
2025-02-24,US1NHMR0015,394.0
2025-03-03,US1NHMR0015,394.0
2025-03-10,US1NHMR0015,127.0
2025-02-01,US1NHMR0025,127.0
2025-02-02,US1NHMR0025,152.0
2025-02-03,US1NHMR0025,178.0
2025-02-04,US1NHMR0025,178.0
2025-02-05,US1NHMR0025,140.0
2025-02-06,US1NHMR0025,127.0
2025-02-07,US1NHMR0025,229.0
2025-02-08,US1NHMR0025,216.0
2025-02-09,US1NHMR0025,241.0
2025-02-10,US1NHMR0025,368.0
2025-02-11,US1NHMR0025,343.0
2025-02-12,US1NHMR0025,330.0
2025-02-13,US1NHMR0025,305.0
2025-02-14,US1NHMR0025,305.0
2025-02-15,US1NHMR0025,292.0
2025-02-16,US1NHMR0025,318.0
2025-02-17,US1NHMR0025,406.0
2025-02-18,US1NHMR0025,394.0
2025-02-19,US1NHMR0025,368.0
2025-02-20,US1NHMR0025,356.0
2025-02-21,US1NHMR0025,356.0
2025-02-22,US1NHMR0025,343.0
2025-02-23,US1NHMR0025,343.0
2025-02-24,US1NHMR0025,330.0
2025-02-25,US1NHMR0025,318.0
2025-02-26,US1NHMR0025,292.0
2025-02-27,US1NHMR0025,254.0
2025-02-28,US1NHMR0025,254.0
2025-03-01,US1NHMR0025,241.0
2025-03-02,US1NHMR0025,229.0
2025-03-03,US1NHMR0025,229.0
2025-03-04,US1NHMR0025,203.0
2025-03-05,US1NHMR0025,203.0
2025-03-06,US1NHMR0025,178.0
2025-03-07,US1NHMR0025,102.0
2025-03-08,US1NHMR0025,89.0
2025-03-09,US1NHMR0025,76.0
2025-03-10,US1NHMR0025,64.0
2025-03-11,US1NHMR0025,64.0
2025-03-12,US1NHMR0025,51.0
2025-03-13,US1NHMR0025,25.0
2025-03-14,US1NHMR0025,25.0
2025-03-15,US1NHMR0025,13.0
2025-03-16,US1NHMR0025,0.0
2025-03-17,US1NHMR0025,0.0
2025-03-18,US1NHMR0025,0.0
2025-03-19,US1NHMR0025,0.0
2025-03-20,US1NHMR0025,0.0
2025-03-21,US1NHMR0025,0.0
2025-03-22,US1NHMR0025,0.0
2025-03-23,US1NHMR0025,0.0
2025-03-24,US1NHMR0025,0.0
2025-03-25,US1NHMR0025,13.0
2025-02-16,US1NHMR0043,97.0
2025-02-18,US1NHMR0045,495.0
2025-03-01,US1NHMR0045,470.0
2025-03-02,US1NHMR0045,419.0
2025-03-03,US1NHMR0045,406.0
2025-03-04,US1NHMR0045,406.0
2025-03-05,US1NHMR0045,394.0
2025-03-06,US1NHMR0045,368.0
2025-03-07,US1NHMR0045,305.0
2025-03-08,US1NHMR0045,305.0
2025-03-09,US1NHMR0045,292.0
2025-03-10,US1NHMR0045,292.0
2025-03-11,US1NHMR0045,279.0
2025-03-12,US1NHMR0045,254.0
2025-03-13,US1NHMR0045,254.0
2025-03-14,US1NHMR0045,241.0
2025-03-15,US1NHMR0045,229.0
2025-03-16,US1NHMR0045,178.0
2025-03-17,US1NHMR0045,165.0
2025-03-18,US1NHMR0045,102.0
2025-03-19,US1NHMR0045,89.0
2025-03-20,US1NHMR0045,51.0
2025-03-21,US1NHMR0045,13.0
2025-03-22,US1NHMR0045,0.0
2025-03-23,US1NHMR0045,0.0
2025-03-24,US1NHMR0045,0.0
2025-03-25,US1NHMR0045,114.0
2025-02-11,US1NHMR0047,305.0
2025-02-12,US1NHMR0047,305.0
2025-02-13,US1NHMR0047,330.0
2025-02-25,US1NHMR0047,356.0
2025-03-16,US1NHMR0047,0.0
2025-03-18,US1NHMR0047,0.0
2025-02-01,US1NHMR0055,178.0
2025-02-02,US1NHMR0055,170.0
2025-02-03,US1NHMR0055,180.0
2025-02-04,US1NHMR0055,168.0
2025-02-05,US1NHMR0055,152.0
2025-02-06,US1NHMR0055,142.0
2025-02-07,US1NHMR0055,234.0
2025-02-08,US1NHMR0055,226.0
2025-02-09,US1NHMR0055,409.0
2025-02-10,US1NHMR0055,358.0
2025-02-11,US1NHMR0055,333.0
2025-02-12,US1NHMR0055,320.0
2025-02-13,US1NHMR0055,330.0
2025-02-14,US1NHMR0055,340.0
2025-02-15,US1NHMR0055,320.0
2025-02-16,US1NHMR0055,406.0
2025-02-17,US1NHMR0055,480.0
2025-02-18,US1NHMR0055,455.0
2025-02-19,US1NHMR0055,447.0
2025-02-20,US1NHMR0055,429.0
2025-02-21,US1NHMR0055,409.0
2025-02-22,US1NHMR0055,399.0
2025-02-23,US1NHMR0055,386.0
2025-02-24,US1NHMR0055,376.0
2025-02-25,US1NHMR0055,363.0
2025-02-26,US1NHMR0055,333.0
2025-02-27,US1NHMR0055,320.0
2025-02-28,US1NHMR0055,335.0
2025-03-01,US1NHMR0055,330.0
2025-03-02,US1NHMR0055,310.0
2025-03-03,US1NHMR0055,300.0
2025-03-04,US1NHMR0055,295.0
2025-03-05,US1NHMR0055,277.0
2025-03-06,US1NHMR0055,244.0
2025-03-07,US1NHMR0055,201.0
2025-03-08,US1NHMR0055,198.0
2025-03-09,US1NHMR0055,196.0
2025-03-10,US1NHMR0055,180.0
2025-03-11,US1NHMR0055,168.0
2025-03-12,US1NHMR0055,107.0
2025-03-13,US1NHMR0055,97.0
2025-03-14,US1NHMR0055,91.0
2025-03-15,US1NHMR0055,81.0
2025-03-16,US1NHMR0055,30.0
2025-03-17,US1NHMR0055,0.0
2025-03-19,US1NHMR0055,0.0
2025-03-20,US1NHMR0055,0.0
2025-03-21,US1NHMR0055,0.0
2025-03-22,US1NHMR0055,0.0
2025-03-23,US1NHMR0055,0.0
2025-03-24,US1NHMR0055,0.0
2025-03-25,US1NHMR0055,25.0
2025-02-01,US1NHMR0060,305.0
2025-02-02,US1NHMR0060,305.0
2025-02-03,US1NHMR0060,330.0
2025-02-04,US1NHMR0060,305.0
2025-02-05,US1NHMR0060,305.0
2025-02-06,US1NHMR0060,305.0
2025-02-07,US1NHMR0060,381.0
2025-02-08,US1NHMR0060,381.0
2025-02-09,US1NHMR0060,559.0
2025-02-10,US1NHMR0060,559.0
2025-02-11,US1NHMR0060,521.0
2025-02-12,US1NHMR0060,483.0
2025-02-13,US1NHMR0060,533.0
2025-02-14,US1NHMR0060,533.0
2025-02-15,US1NHMR0060,521.0
2025-02-16,US1NHMR0060,610.0
2025-02-17,US1NHMR0060,635.0
2025-02-18,US1NHMR0060,559.0
2025-02-19,US1NHMR0060,559.0
2025-02-20,US1NHMR0060,559.0
2025-02-21,US1NHMR0060,559.0
2025-02-22,US1NHMR0060,533.0
2025-02-23,US1NHMR0060,533.0
2025-02-24,US1NHMR0060,508.0
2025-02-25,US1NHMR0060,483.0
2025-02-26,US1NHMR0060,457.0
2025-02-27,US1NHMR0060,483.0
2025-02-28,US1NHMR0060,508.0
2025-03-01,US1NHMR0060,533.0
2025-03-02,US1NHMR0060,483.0
2025-03-03,US1NHMR0060,457.0
2025-03-04,US1NHMR0060,457.0
2025-03-05,US1NHMR0060,445.0
2025-03-06,US1NHMR0060,406.0
2025-03-07,US1NHMR0060,406.0
2025-03-08,US1NHMR0060,406.0
2025-03-09,US1NHMR0060,406.0
2025-03-10,US1NHMR0060,406.0
2025-03-11,US1NHMR0060,381.0
2025-03-12,US1NHMR0060,368.0
2025-03-13,US1NHMR0060,330.0
2025-03-14,US1NHMR0060,330.0
2025-03-15,US1NHMR0060,305.0
2025-03-16,US1NHMR0060,279.0
2025-03-17,US1NHMR0060,241.0
2025-03-18,US1NHMR0060,229.0
2025-03-19,US1NHMR0060,229.0
2025-03-20,US1NHMR0060,203.0
2025-03-21,US1NHMR0060,152.0
2025-03-22,US1NHMR0060,152.0
2025-03-23,US1NHMR0060,102.0
2025-03-24,US1NHMR0060,102.0
2025-03-25,US1NHMR0060,152.0
2025-02-01,US1NHMR0063,114.0
2025-02-02,US1NHMR0063,114.0
2025-02-03,US1NHMR0063,152.0
2025-02-04,US1NHMR0063,127.0
2025-02-05,US1NHMR0063,127.0
2025-02-06,US1NHMR0063,127.0
2025-02-07,US1NHMR0063,178.0
2025-02-08,US1NHMR0063,165.0
2025-02-09,US1NHMR0063,343.0
2025-02-10,US1NHMR0063,292.0
2025-02-11,US1NHMR0063,279.0
2025-02-12,US1NHMR0063,254.0
2025-02-13,US1NHMR0063,279.0
2025-02-14,US1NHMR0063,279.0
2025-02-15,US1NHMR0063,279.0
2025-02-16,US1NHMR0063,356.0
2025-02-17,US1NHMR0063,394.0
2025-02-18,US1NHMR0063,381.0
2025-02-19,US1NHMR0063,368.0
2025-02-20,US1NHMR0063,356.0
2025-02-21,US1NHMR0063,356.0
2025-02-22,US1NHMR0063,343.0
2025-02-23,US1NHMR0063,343.0
2025-02-24,US1NHMR0063,343.0
2025-02-25,US1NHMR0063,330.0
2025-02-26,US1NHMR0063,305.0
2025-02-27,US1NHMR0063,305.0
2025-02-28,US1NHMR0063,356.0
2025-03-01,US1NHMR0063,356.0
2025-03-02,US1NHMR0063,330.0
2025-03-03,US1NHMR0063,318.0
2025-03-04,US1NHMR0063,318.0
2025-03-05,US1NHMR0063,305.0
2025-03-06,US1NHMR0063,254.0
2025-03-07,US1NHMR0063,216.0
2025-03-08,US1NHMR0063,216.0
2025-03-09,US1NHMR0063,216.0
2025-03-10,US1NHMR0063,203.0
2025-03-11,US1NHMR0063,178.0
2025-03-12,US1NHMR0063,127.0
2025-03-13,US1NHMR0063,127.0
2025-03-14,US1NHMR0063,76.0
2025-03-15,US1NHMR0063,51.0
2025-03-16,US1NHMR0063,0.0
2025-03-17,US1NHMR0063,0.0
2025-03-18,US1NHMR0063,0.0
2025-03-19,US1NHMR0063,0.0
2025-03-20,US1NHMR0063,0.0
2025-03-21,US1NHMR0063,0.0
2025-03-22,US1NHMR0063,0.0
2025-03-23,US1NHMR0063,0.0
2025-03-24,US1NHMR0063,0.0
2025-02-01,US1NHMR0068,152.0
2025-02-02,US1NHMR0068,152.0
2025-02-03,US1NHMR0068,191.0
2025-02-04,US1NHMR0068,152.0
2025-02-05,US1NHMR0068,140.0
2025-02-06,US1NHMR0068,140.0
2025-02-07,US1NHMR0068,203.0
2025-02-08,US1NHMR0068,216.0
2025-02-09,US1NHMR0068,381.0
2025-02-10,US1NHMR0068,343.0
2025-02-11,US1NHMR0068,318.0
2025-02-12,US1NHMR0068,305.0
2025-02-13,US1NHMR0068,318.0
2025-02-14,US1NHMR0068,318.0
2025-02-15,US1NHMR0068,318.0
2025-02-16,US1NHMR0068,394.0
2025-02-17,US1NHMR0068,445.0
2025-02-18,US1NHMR0068,406.0
2025-02-19,US1NHMR0068,381.0
2025-02-20,US1NHMR0068,394.0
2025-02-21,US1NHMR0068,381.0
2025-02-22,US1NHMR0068,381.0
2025-02-23,US1NHMR0068,381.0
2025-02-24,US1NHMR0068,368.0
2025-02-25,US1NHMR0068,356.0
2025-02-26,US1NHMR0068,330.0
2025-02-27,US1NHMR0068,330.0
2025-02-28,US1NHMR0068,330.0
2025-03-01,US1NHMR0068,330.0
2025-03-02,US1NHMR0068,305.0
2025-03-03,US1NHMR0068,305.0
2025-03-04,US1NHMR0068,305.0
2025-03-05,US1NHMR0068,292.0
2025-03-06,US1NHMR0068,241.0
2025-03-07,US1NHMR0068,203.0
2025-03-08,US1NHMR0068,203.0
2025-03-09,US1NHMR0068,203.0
2025-03-10,US1NHMR0068,191.0
2025-03-11,US1NHMR0068,165.0
2025-03-13,US1NHMR0068,127.0
2025-03-14,US1NHMR0068,102.0
2025-03-15,US1NHMR0068,76.0
2025-03-16,US1NHMR0068,0.0
2025-03-17,US1NHMR0068,0.0
2025-03-18,US1NHMR0068,0.0
2025-03-19,US1NHMR0068,0.0
2025-03-20,US1NHMR0068,0.0
2025-03-21,US1NHMR0068,0.0
2025-03-22,US1NHMR0068,0.0
2025-03-23,US1NHMR0068,0.0
2025-03-24,US1NHMR0068,0.0
2025-03-25,US1NHMR0068,25.0
2025-02-01,US1NHMR0070,114.0
2025-02-02,US1NHMR0070,89.0
2025-02-03,US1NHMR0070,114.0
2025-02-04,US1NHMR0070,76.0
2025-02-05,US1NHMR0070,64.0
2025-02-06,US1NHMR0070,64.0
2025-02-07,US1NHMR0070,165.0
2025-02-08,US1NHMR0070,152.0
2025-02-09,US1NHMR0070,279.0
2025-02-10,US1NHMR0070,312.0
2025-02-11,US1NHMR0070,292.0
2025-02-12,US1NHMR0070,254.0
2025-02-13,US1NHMR0070,267.0
2025-02-14,US1NHMR0070,254.0
2025-02-15,US1NHMR0070,241.0
2025-02-16,US1NHMR0070,318.0
2025-02-17,US1NHMR0070,406.0
2025-02-18,US1NHMR0070,343.0
2025-02-19,US1NHMR0070,318.0
2025-02-20,US1NHMR0070,305.0
2025-02-21,US1NHMR0070,305.0
2025-02-22,US1NHMR0070,305.0
2025-02-23,US1NHMR0070,292.0
2025-02-24,US1NHMR0070,279.0
2025-02-25,US1NHMR0070,254.0
2025-02-26,US1NHMR0070,216.0
2025-02-27,US1NHMR0070,178.0
2025-02-28,US1NHMR0070,279.0
2025-03-01,US1NHMR0070,292.0
2025-03-02,US1NHMR0070,254.0
2025-03-03,US1NHMR0070,254.0
2025-03-04,US1NHMR0070,229.0
2025-03-05,US1NHMR0070,216.0
2025-03-06,US1NHMR0070,178.0
2025-03-07,US1NHMR0070,152.0
2025-03-08,US1NHMR0070,152.0
2025-03-09,US1NHMR0070,127.0
2025-03-10,US1NHMR0070,127.0
2025-03-11,US1NHMR0070,89.0
2025-03-12,US1NHMR0070,51.0
2025-03-13,US1NHMR0070,51.0
2025-03-14,US1NHMR0070,51.0
2025-03-15,US1NHMR0070,38.0
2025-03-17,US1NHMR0070,0.0
2025-03-18,US1NHMR0070,0.0
2025-03-19,US1NHMR0070,0.0
2025-03-20,US1NHMR0070,0.0
2025-03-21,US1NHMR0070,0.0
2025-03-22,US1NHMR0070,0.0
2025-03-23,US1NHMR0070,0.0
2025-03-24,US1NHMR0070,0.0
2025-03-25,US1NHMR0070,107.0
2025-02-01,US1NHMR0071,178.0
2025-02-02,US1NHMR0071,178.0
2025-02-03,US1NHMR0071,191.0
2025-02-04,US1NHMR0071,152.0
2025-02-05,US1NHMR0071,152.0
2025-02-06,US1NHMR0071,152.0
2025-02-07,US1NHMR0071,229.0
2025-02-08,US1NHMR0071,229.0
2025-02-09,US1NHMR0071,381.0
2025-02-10,US1NHMR0071,394.0
2025-02-11,US1NHMR0071,381.0
2025-02-12,US1NHMR0071,356.0
2025-02-13,US1NHMR0071,318.0
2025-02-14,US1NHMR0071,292.0
2025-02-15,US1NHMR0071,279.0
2025-02-16,US1NHMR0071,368.0
2025-02-17,US1NHMR0071,445.0
2025-02-19,US1NHMR0071,406.0
2025-02-20,US1NHMR0071,406.0
2025-02-21,US1NHMR0071,394.0
2025-02-22,US1NHMR0071,381.0
2025-02-23,US1NHMR0071,381.0
2025-02-24,US1NHMR0071,381.0
2025-02-25,US1NHMR0071,330.0
2025-02-26,US1NHMR0071,318.0
2025-02-27,US1NHMR0071,292.0
2025-02-28,US1NHMR0071,292.0
2025-03-01,US1NHMR0071,279.0
2025-03-02,US1NHMR0071,254.0
2025-03-04,US1NHMR0071,241.0
2025-03-05,US1NHMR0071,229.0
2025-03-06,US1NHMR0071,165.0
2025-03-07,US1NHMR0071,114.0
2025-03-08,US1NHMR0071,114.0
2025-03-09,US1NHMR0071,114.0
2025-03-10,US1NHMR0071,76.0
2025-03-11,US1NHMR0071,89.0
2025-03-12,US1NHMR0071,51.0
2025-03-14,US1NHMR0071,13.0
2025-03-15,US1NHMR0071,0.0
2025-03-16,US1NHMR0071,0.0
2025-03-17,US1NHMR0071,0.0
2025-03-18,US1NHMR0071,0.0
2025-03-19,US1NHMR0071,0.0
2025-03-20,US1NHMR0071,0.0
2025-03-21,US1NHMR0071,0.0
2025-03-22,US1NHMR0071,0.0
2025-03-23,US1NHMR0071,0.0
2025-03-24,US1NHMR0071,0.0
2025-03-25,US1NHMR0071,13.0
2025-02-21,US1NHMR0072,546.0
2025-02-28,US1NHMR0072,508.0
2025-02-03,US1NHMR0074,178.0
2025-02-09,US1NHMR0074,381.0
2025-02-10,US1NHMR0074,381.0
2025-02-17,US1NHMR0074,394.0
2025-02-02,US1NHMR0076,130.0
2025-02-18,US1NHMR0076,343.0
2025-03-06,US1NHMR0076,180.0
2025-02-11,US1NHMR0077,330.0
2025-02-01,US1NHRC0048,203.0
2025-02-02,US1NHRC0048,229.0
2025-02-03,US1NHRC0048,254.0
2025-02-04,US1NHRC0048,203.0
2025-02-05,US1NHRC0048,203.0
2025-02-06,US1NHRC0048,203.0
2025-02-07,US1NHRC0048,279.0
2025-02-08,US1NHRC0048,254.0
2025-02-09,US1NHRC0048,457.0
2025-02-10,US1NHRC0048,406.0
2025-02-11,US1NHRC0048,381.0
2025-02-12,US1NHRC0048,356.0
2025-02-13,US1NHRC0048,381.0
2025-02-14,US1NHRC0048,356.0
2025-02-15,US1NHRC0048,330.0
2025-02-16,US1NHRC0048,432.0
2025-02-17,US1NHRC0048,533.0
2025-02-18,US1NHRC0048,508.0
2025-02-19,US1NHRC0048,483.0
2025-02-20,US1NHRC0048,457.0
2025-02-21,US1NHRC0048,457.0
2025-02-22,US1NHRC0048,457.0
2025-02-23,US1NHRC0048,457.0
2025-02-24,US1NHRC0048,457.0
2025-02-25,US1NHRC0048,406.0
2025-02-26,US1NHRC0048,381.0
2025-02-27,US1NHRC0048,356.0
2025-02-28,US1NHRC0048,381.0
2025-03-01,US1NHRC0048,356.0
2025-03-02,US1NHRC0048,330.0
2025-03-03,US1NHRC0048,330.0
2025-03-04,US1NHRC0048,330.0
2025-03-05,US1NHRC0048,305.0
2025-03-06,US1NHRC0048,254.0
2025-03-07,US1NHRC0048,203.0
2025-03-08,US1NHRC0048,203.0
2025-03-09,US1NHRC0048,203.0
2025-03-10,US1NHRC0048,203.0
2025-03-11,US1NHRC0048,178.0
2025-03-12,US1NHRC0048,102.0
2025-03-13,US1NHRC0048,102.0
2025-03-14,US1NHRC0048,76.0
2025-02-01,US1NHRC0072,140.0
2025-02-02,US1NHRC0072,140.0
2025-02-03,US1NHRC0072,178.0
2025-02-07,US1NHRC0072,191.0
2025-02-09,US1NHRC0072,335.0
2025-02-13,US1NHRC0072,305.0
2025-02-14,US1NHRC0072,305.0
2025-02-16,US1NHRC0072,386.0
2025-02-17,US1NHRC0072,457.0
2025-02-01,US1NHRC0079,203.0
2025-02-02,US1NHRC0079,203.0
2025-02-03,US1NHRC0079,241.0
2025-02-04,US1NHRC0079,203.0
2025-02-05,US1NHRC0079,203.0
2025-02-06,US1NHRC0079,203.0
2025-02-07,US1NHRC0079,267.0
2025-02-08,US1NHRC0079,254.0
2025-02-09,US1NHRC0079,432.0
2025-02-10,US1NHRC0079,381.0
2025-02-11,US1NHRC0079,368.0
2025-02-12,US1NHRC0079,356.0
2025-02-13,US1NHRC0079,368.0
2025-02-14,US1NHRC0079,330.0
2025-02-15,US1NHRC0079,330.0
2025-02-16,US1NHRC0079,432.0
2025-02-17,US1NHRC0079,546.0
2025-02-18,US1NHRC0079,495.0
2025-02-19,US1NHRC0079,483.0
2025-02-20,US1NHRC0079,470.0
2025-02-21,US1NHRC0079,445.0
2025-02-22,US1NHRC0079,445.0
2025-02-23,US1NHRC0079,432.0
2025-02-24,US1NHRC0079,419.0
2025-02-25,US1NHRC0079,406.0
2025-02-26,US1NHRC0079,356.0
2025-02-27,US1NHRC0079,356.0
2025-02-28,US1NHRC0079,330.0
2025-03-01,US1NHRC0079,330.0
2025-03-02,US1NHRC0079,305.0
2025-03-03,US1NHRC0079,305.0
2025-03-04,US1NHRC0079,305.0
2025-03-05,US1NHRC0079,292.0
2025-03-06,US1NHRC0079,241.0
2025-03-07,US1NHRC0079,203.0
2025-03-08,US1NHRC0079,178.0
2025-03-09,US1NHRC0079,178.0
2025-03-10,US1NHRC0079,178.0
2025-03-11,US1NHRC0079,152.0
2025-03-12,US1NHRC0079,114.0
2025-03-13,US1NHRC0079,102.0
2025-03-14,US1NHRC0079,102.0
2025-03-15,US1NHRC0079,76.0
2025-03-16,US1NHRC0079,25.0
2025-03-17,US1NHRC0079,0.0
2025-03-18,US1NHRC0079,0.0
2025-03-19,US1NHRC0079,0.0
2025-03-20,US1NHRC0079,0.0
2025-03-21,US1NHRC0079,0.0
2025-03-22,US1NHRC0079,0.0
2025-03-23,US1NHRC0079,0.0
2025-03-24,US1NHRC0079,0.0
2025-03-25,US1NHRC0079,0.0
2025-02-09,US1NHRC0094,178.0
2025-02-01,US1NHRC0098,114.0
2025-02-02,US1NHRC0098,64.0
2025-02-03,US1NHRC0098,102.0
2025-02-04,US1NHRC0098,51.0
2025-02-05,US1NHRC0098,51.0
2025-02-06,US1NHRC0098,51.0
2025-02-07,US1NHRC0098,114.0
2025-02-08,US1NHRC0098,102.0
2025-02-09,US1NHRC0098,241.0
2025-02-10,US1NHRC0098,229.0
2025-02-11,US1NHRC0098,216.0
2025-02-12,US1NHRC0098,203.0
2025-02-13,US1NHRC0098,229.0
2025-02-14,US1NHRC0098,241.0
2025-02-15,US1NHRC0098,229.0
2025-02-16,US1NHRC0098,343.0
2025-02-17,US1NHRC0098,356.0
2025-02-18,US1NHRC0098,356.0
2025-02-19,US1NHRC0098,343.0
2025-02-20,US1NHRC0098,343.0
2025-02-21,US1NHRC0098,330.0
2025-02-22,US1NHRC0098,318.0
2025-02-23,US1NHRC0098,318.0
2025-02-24,US1NHRC0098,305.0
2025-02-25,US1NHRC0098,305.0
2025-02-26,US1NHRC0098,279.0
2025-02-27,US1NHRC0098,254.0
2025-02-28,US1NHRC0098,229.0
2025-03-01,US1NHRC0098,229.0
2025-03-02,US1NHRC0098,216.0
2025-03-03,US1NHRC0098,203.0
2025-03-04,US1NHRC0098,203.0
2025-03-05,US1NHRC0098,178.0
2025-03-06,US1NHRC0098,89.0
2025-03-07,US1NHRC0098,25.0
2025-03-08,US1NHRC0098,13.0
2025-03-09,US1NHRC0098,0.0
2025-03-10,US1NHRC0098,0.0
2025-03-11,US1NHRC0098,0.0
2025-03-12,US1NHRC0098,0.0
2025-03-13,US1NHRC0098,0.0
2025-03-14,US1NHRC0098,0.0
2025-03-15,US1NHRC0098,0.0
2025-03-16,US1NHRC0098,0.0
2025-03-17,US1NHRC0098,0.0
2025-03-18,US1NHRC0098,0.0
2025-03-19,US1NHRC0098,0.0
2025-03-20,US1NHRC0098,0.0
2025-03-21,US1NHRC0098,0.0
2025-03-22,US1NHRC0098,0.0
2025-03-23,US1NHRC0098,0.0
2025-03-24,US1NHRC0098,0.0
2025-03-25,US1NHRC0098,0.0
2025-02-01,US1NHRC0101,191.0
2025-02-02,US1NHRC0101,178.0
2025-02-03,US1NHRC0101,216.0
2025-02-04,US1NHRC0101,165.0
2025-02-05,US1NHRC0101,152.0
2025-02-06,US1NHRC0101,152.0
2025-02-07,US1NHRC0101,241.0
2025-02-08,US1NHRC0101,229.0
2025-02-09,US1NHRC0101,419.0
2025-02-10,US1NHRC0101,368.0
2025-02-11,US1NHRC0101,343.0
2025-02-12,US1NHRC0101,330.0
2025-02-13,US1NHRC0101,343.0
2025-02-14,US1NHRC0101,305.0
2025-02-15,US1NHRC0101,292.0
2025-02-16,US1NHRC0101,432.0
2025-02-17,US1NHRC0101,533.0
2025-02-18,US1NHRC0101,495.0
2025-02-19,US1NHRC0101,495.0
2025-02-20,US1NHRC0101,483.0
2025-02-21,US1NHRC0101,457.0
2025-02-22,US1NHRC0101,445.0
2025-02-23,US1NHRC0101,432.0
2025-02-24,US1NHRC0101,419.0
2025-02-25,US1NHRC0101,381.0
2025-02-26,US1NHRC0101,343.0
2025-02-27,US1NHRC0101,318.0
2025-02-28,US1NHRC0101,305.0
2025-03-01,US1NHRC0101,292.0
2025-03-02,US1NHRC0101,279.0
2025-03-03,US1NHRC0101,267.0
2025-03-04,US1NHRC0101,267.0
2025-03-05,US1NHRC0101,241.0
2025-03-06,US1NHRC0101,152.0
2025-03-07,US1NHRC0101,114.0
2025-03-08,US1NHRC0101,102.0
2025-03-09,US1NHRC0101,76.0
2025-03-10,US1NHRC0101,76.0
2025-03-11,US1NHRC0101,51.0
2025-03-12,US1NHRC0101,25.0
2025-03-13,US1NHRC0101,13.0
2025-03-14,US1NHRC0101,0.0
2025-03-15,US1NHRC0101,0.0
2025-03-16,US1NHRC0101,0.0
2025-03-17,US1NHRC0101,0.0
2025-03-18,US1NHRC0101,0.0
2025-03-19,US1NHRC0101,0.0
2025-03-20,US1NHRC0101,0.0
2025-03-21,US1NHRC0101,0.0
2025-03-22,US1NHRC0101,0.0
2025-03-23,US1NHRC0101,0.0
2025-03-24,US1NHRC0101,0.0
2025-03-25,US1NHRC0101,0.0
2025-02-01,US1NHSL0003,89.0
2025-02-02,US1NHSL0003,76.0
2025-02-03,US1NHSL0003,76.0
2025-02-04,US1NHSL0003,140.0
2025-02-05,US1NHSL0003,140.0
2025-02-06,US1NHSL0003,102.0
2025-02-07,US1NHSL0003,229.0
2025-02-08,US1NHSL0003,178.0
2025-02-09,US1NHSL0003,356.0
2025-02-10,US1NHSL0003,356.0
2025-02-11,US1NHSL0003,343.0
2025-02-12,US1NHSL0003,330.0
2025-02-13,US1NHSL0003,305.0
2025-02-14,US1NHSL0003,356.0
2025-02-15,US1NHSL0003,305.0
2025-02-16,US1NHSL0003,330.0
2025-02-17,US1NHSL0003,356.0
2025-02-18,US1NHSL0003,356.0
2025-02-19,US1NHSL0003,343.0
2025-02-20,US1NHSL0003,330.0
2025-02-21,US1NHSL0003,330.0
2025-02-22,US1NHSL0003,330.0
2025-02-23,US1NHSL0003,330.0
2025-02-24,US1NHSL0003,318.0
2025-02-25,US1NHSL0003,356.0
2025-02-26,US1NHSL0003,279.0
2025-02-27,US1NHSL0003,356.0
2025-02-28,US1NHSL0003,432.0
2025-03-01,US1NHSL0003,381.0
2025-03-02,US1NHSL0003,330.0
2025-03-03,US1NHSL0003,330.0
2025-03-04,US1NHSL0003,318.0
2025-03-05,US1NHSL0003,310.0
2025-03-06,US1NHSL0003,203.0
2025-03-07,US1NHSL0003,127.0
2025-03-08,US1NHSL0003,127.0
2025-03-09,US1NHSL0003,127.0
2025-03-10,US1NHSL0003,127.0
2025-03-11,US1NHSL0003,114.0
2025-03-12,US1NHSL0003,102.0
2025-03-13,US1NHSL0003,89.0
2025-03-14,US1NHSL0003,51.0
2025-03-15,US1NHSL0003,13.0
2025-03-16,US1NHSL0003,0.0
2025-03-17,US1NHSL0003,0.0
2025-03-24,US1NHSL0003,0.0
2025-02-03,US1NHSL0008,216.0
2025-02-26,US1NHSL0008,356.0
2025-03-10,US1NHSL0008,229.0
2025-02-01,US1NHST0014,114.0
2025-02-02,US1NHST0014,114.0
2025-02-23,US1NHST0014,406.0
2025-02-24,US1NHST0014,394.0
2025-02-25,US1NHST0014,381.0
2025-02-26,US1NHST0014,368.0
2025-03-12,US1NHST0014,0.0
2025-03-17,US1NHST0014,0.0
2025-02-01,US1NHST0031,254.0
2025-02-02,US1NHST0031,254.0
2025-02-03,US1NHST0031,292.0
2025-02-04,US1NHST0031,267.0
2025-02-05,US1NHST0031,254.0
2025-02-06,US1NHST0031,229.0
2025-02-07,US1NHST0031,279.0
2025-02-08,US1NHST0031,267.0
2025-02-09,US1NHST0031,470.0
2025-02-10,US1NHST0031,457.0
2025-02-11,US1NHST0031,432.0
2025-02-12,US1NHST0031,419.0
2025-02-13,US1NHST0031,406.0
2025-02-14,US1NHST0031,381.0
2025-02-15,US1NHST0031,356.0
2025-02-16,US1NHST0031,495.0
2025-02-17,US1NHST0031,622.0
2025-02-18,US1NHST0031,559.0
2025-02-19,US1NHST0031,533.0
2025-02-20,US1NHST0031,457.0
2025-02-21,US1NHST0031,432.0
2025-02-22,US1NHST0031,419.0
2025-02-23,US1NHST0031,406.0
2025-02-24,US1NHST0031,394.0
2025-02-25,US1NHST0031,381.0
2025-02-26,US1NHST0031,381.0
2025-02-27,US1NHST0031,368.0
2025-02-28,US1NHST0031,394.0
2025-03-01,US1NHST0031,381.0
2025-03-02,US1NHST0031,356.0
2025-03-03,US1NHST0031,356.0
2025-03-04,US1NHST0031,356.0
2025-03-05,US1NHST0031,343.0
2025-03-06,US1NHST0031,318.0
2025-03-07,US1NHST0031,241.0
2025-03-08,US1NHST0031,241.0
2025-03-09,US1NHST0031,229.0
2025-03-10,US1NHST0031,216.0
2025-03-11,US1NHST0031,203.0
2025-03-12,US1NHST0031,165.0
2025-03-13,US1NHST0031,140.0
2025-03-14,US1NHST0031,127.0
2025-03-15,US1NHST0031,89.0
2025-03-16,US1NHST0031,76.0
2025-03-17,US1NHST0031,25.0
2025-03-18,US1NHST0031,0.0
2025-03-19,US1NHST0031,0.0
2025-03-25,US1NHST0031,25.0
2025-02-14,US1NHST0050,25.0
2025-02-17,US1NHST0050,191.0
2025-02-01,US1NHST0055,165.0
2025-02-02,US1NHST0055,178.0
2025-02-03,US1NHST0055,203.0
2025-02-04,US1NHST0055,191.0
2025-02-05,US1NHST0055,191.0
2025-02-06,US1NHST0055,191.0
2025-02-07,US1NHST0055,254.0
2025-02-08,US1NHST0055,241.0
2025-02-09,US1NHST0055,457.0
2025-02-10,US1NHST0055,457.0
2025-02-11,US1NHST0055,419.0
2025-02-12,US1NHST0055,406.0
2025-02-13,US1NHST0055,419.0
2025-02-14,US1NHST0055,406.0
2025-02-15,US1NHST0055,406.0
2025-02-16,US1NHST0055,483.0
2025-02-17,US1NHST0055,533.0
2025-02-18,US1NHST0055,533.0
2025-02-19,US1NHST0055,508.0
2025-02-20,US1NHST0055,495.0
2025-02-21,US1NHST0055,483.0
2025-02-22,US1NHST0055,470.0
2025-02-23,US1NHST0055,457.0
2025-02-24,US1NHST0055,432.0
2025-02-25,US1NHST0055,419.0
2025-02-26,US1NHST0055,381.0
2025-02-27,US1NHST0055,330.0
2025-02-28,US1NHST0055,356.0
2025-03-01,US1NHST0055,330.0
2025-03-02,US1NHST0055,305.0
2025-03-03,US1NHST0055,305.0
2025-03-04,US1NHST0055,292.0
2025-03-05,US1NHST0055,279.0
2025-03-06,US1NHST0055,203.0
2025-03-07,US1NHST0055,152.0
2025-03-08,US1NHST0055,127.0
2025-03-10,US1NHST0055,89.0
2025-03-11,US1NHST0055,76.0
2025-03-12,US1NHST0055,38.0
2025-03-13,US1NHST0055,25.0
2025-03-14,US1NHST0055,13.0
2025-02-01,USC00270690,229.0
2025-02-02,USC00270690,203.0
2025-02-03,USC00270690,203.0
2025-02-04,USC00270690,229.0
2025-02-05,USC00270690,229.0
2025-02-06,USC00270690,203.0
2025-02-07,USC00270690,229.0
2025-02-08,USC00270690,254.0
2025-02-09,USC00270690,330.0
2025-02-10,USC00270690,330.0
2025-02-11,USC00270690,305.0
2025-02-12,USC00270690,305.0
2025-02-13,USC00270690,305.0
2025-02-14,USC00270690,356.0
2025-02-15,USC00270690,356.0
2025-02-16,USC00270690,432.0
2025-02-17,USC00270690,508.0
2025-02-18,USC00270690,457.0
2025-02-19,USC00270690,432.0
2025-02-20,USC00270690,432.0
2025-02-21,USC00270690,406.0
2025-02-22,USC00270690,0.0
2025-02-23,USC00270690,406.0
2025-02-24,USC00270690,406.0
2025-02-25,USC00270690,381.0
2025-02-26,USC00270690,356.0
2025-02-27,USC00270690,330.0
2025-02-28,USC00270690,305.0
2025-03-01,USC00270690,330.0
2025-03-02,USC00270690,330.0
2025-03-03,USC00270690,330.0
2025-03-04,USC00270690,330.0
2025-03-05,USC00270690,305.0
2025-03-06,USC00270690,254.0
2025-03-07,USC00270690,203.0
2025-03-08,USC00270690,203.0
2025-03-09,USC00270690,203.0
2025-03-10,USC00270690,203.0
2025-03-11,USC00270690,178.0
2025-03-12,USC00270690,127.0
2025-03-13,USC00270690,127.0
2025-03-14,USC00270690,127.0
2025-03-15,USC00270690,76.0
2025-03-16,USC00270690,25.0
2025-03-17,USC00270690,0.0
2025-03-18,USC00270690,0.0
2025-03-19,USC00270690,0.0
2025-03-20,USC00270690,0.0
2025-03-21,USC00270690,0.0
2025-03-22,USC00270690,0.0
2025-03-23,USC00270690,0.0
2025-03-24,USC00270690,0.0
2025-03-25,USC00270690,25.0
2025-02-01,USC00270913,152.0
2025-02-02,USC00270913,152.0
2025-02-08,USC00270913,229.0
2025-02-09,USC00270913,381.0
2025-02-10,USC00270913,381.0
2025-02-01,USC00271190,838.0
2025-02-02,USC00271190,838.0
2025-02-04,USC00271190,991.0
2025-02-05,USC00271190,965.0
2025-02-06,USC00271190,965.0
2025-02-07,USC00271190,1041.0
2025-02-08,USC00271190,1092.0
2025-02-09,USC00271190,1219.0
2025-02-10,USC00271190,1295.0
2025-02-11,USC00271190,1270.0
2025-02-13,USC00271190,1270.0
2025-02-14,USC00271190,1295.0
2025-02-15,USC00271190,1016.0
2025-02-16,USC00271190,1092.0
2025-02-17,USC00271190,1219.0
2025-02-18,USC00271190,1219.0
2025-02-19,USC00271190,1092.0
2025-02-20,USC00271190,1067.0
2025-02-21,USC00271190,1067.0
2025-02-23,USC00271190,1067.0
2025-02-24,USC00271190,1143.0
2025-02-25,USC00271190,1092.0
2025-02-26,USC00271190,1092.0
2025-02-27,USC00271190,1092.0
2025-03-02,USC00271190,1143.0
2025-03-03,USC00271190,1143.0
2025-03-04,USC00271190,1143.0
2025-03-05,USC00271190,1092.0
2025-03-07,USC00271190,1118.0
2025-03-08,USC00271190,1118.0
2025-03-09,USC00271190,1118.0
2025-03-10,USC00271190,1143.0
2025-03-11,USC00271190,1143.0
2025-03-12,USC00271190,1092.0
2025-03-15,USC00271190,965.0
2025-03-16,USC00271190,813.0
2025-03-17,USC00271190,686.0
2025-03-18,USC00271190,610.0
2025-03-19,USC00271190,610.0
2025-03-20,USC00271190,559.0
2025-03-21,USC00271190,559.0
2025-03-22,USC00271190,610.0
2025-03-23,USC00271190,610.0
2025-03-24,USC00271190,838.0
2025-03-25,USC00271190,711.0
2025-02-01,USC00271647,305.0
2025-02-02,USC00271647,279.0
2025-02-03,USC00271647,254.0
2025-02-04,USC00271647,279.0
2025-02-05,USC00271647,279.0
2025-02-06,USC00271647,254.0
2025-02-07,USC00271647,330.0
2025-02-08,USC00271647,330.0
2025-02-09,USC00271647,381.0
2025-02-10,USC00271647,381.0
2025-02-13,USC00271647,330.0
2025-02-14,USC00271647,381.0
2025-02-15,USC00271647,381.0
2025-02-16,USC00271647,457.0
2025-02-17,USC00271647,483.0
2025-02-18,USC00271647,457.0
2025-02-19,USC00271647,432.0
2025-02-20,USC00271647,432.0
2025-02-21,USC00271647,432.0
2025-02-22,USC00271647,406.0
2025-02-23,USC00271647,406.0
2025-02-24,USC00271647,406.0
2025-02-25,USC00271647,381.0
2025-02-26,USC00271647,330.0
2025-02-27,USC00271647,305.0
2025-03-03,USC00271647,381.0
2025-03-04,USC00271647,381.0
2025-03-05,USC00271647,406.0
2025-03-06,USC00271647,305.0
2025-03-10,USC00271647,305.0
2025-03-11,USC00271647,279.0
2025-03-12,USC00271647,203.0
2025-03-13,USC00271647,203.0
2025-03-14,USC00271647,178.0
2025-03-15,USC00271647,152.0
2025-03-16,USC00271647,76.0
2025-03-17,USC00271647,0.0
2025-03-23,USC00271647,25.0
2025-03-24,USC00271647,0.0
2025-02-01,USC00271800,381.0
2025-02-02,USC00271800,457.0
2025-02-03,USC00271800,508.0
2025-02-04,USC00271800,584.0
2025-02-05,USC00271800,584.0
2025-02-06,USC00271800,584.0
2025-02-07,USC00271800,635.0
2025-02-08,USC00271800,610.0
2025-02-09,USC00271800,711.0
2025-02-10,USC00271800,711.0
2025-02-11,USC00271800,660.0
2025-02-12,USC00271800,711.0
2025-02-13,USC00271800,711.0
2025-02-14,USC00271800,711.0
2025-02-15,USC00271800,711.0
2025-02-16,USC00271800,711.0
2025-02-17,USC00271800,838.0
2025-02-18,USC00271800,787.0
2025-02-19,USC00271800,711.0
2025-02-20,USC00271800,686.0
2025-02-21,USC00271800,813.0
2025-02-22,USC00271800,787.0
2025-02-24,USC00271800,838.0
2025-02-25,USC00271800,838.0
2025-02-26,USC00271800,635.0
2025-02-27,USC00271800,686.0
2025-02-28,USC00271800,737.0
2025-03-01,USC00271800,762.0
2025-03-02,USC00271800,838.0
2025-03-03,USC00271800,838.0
2025-03-04,USC00271800,838.0
2025-03-06,USC00271800,660.0
2025-03-07,USC00271800,635.0
2025-03-08,USC00271800,660.0
2025-03-09,USC00271800,660.0
2025-03-10,USC00271800,660.0
2025-03-11,USC00271800,660.0
2025-03-12,USC00271800,635.0
2025-03-13,USC00271800,610.0
2025-03-14,USC00271800,610.0
2025-03-15,USC00271800,584.0
2025-03-16,USC00271800,432.0
2025-03-17,USC00271800,305.0
2025-03-18,USC00271800,305.0
2025-03-19,USC00271800,305.0
2025-03-20,USC00271800,279.0
2025-03-21,USC00271800,229.0
2025-03-22,USC00271800,229.0
2025-03-23,USC00271800,254.0
2025-03-24,USC00271800,254.0
2025-03-25,USC00271800,305.0
2025-02-01,USC00272302,102.0
2025-02-02,USC00272302,102.0
2025-02-03,USC00272302,127.0
2025-02-04,USC00272302,127.0
2025-02-05,USC00272302,0.0
2025-02-06,USC00272302,102.0
2025-02-07,USC00272302,152.0
2025-02-08,USC00272302,152.0
2025-02-09,USC00272302,229.0
2025-02-10,USC00272302,254.0
2025-02-11,USC00272302,254.0
2025-02-12,USC00272302,229.0
2025-02-13,USC00272302,279.0
2025-02-14,USC00272302,229.0
2025-02-15,USC00272302,229.0
2025-02-16,USC00272302,356.0
2025-02-17,USC00272302,406.0
2025-02-18,USC00272302,381.0
2025-02-19,USC00272302,381.0
2025-02-20,USC00272302,381.0
2025-02-22,USC00272302,381.0
2025-02-23,USC00272302,381.0
2025-02-24,USC00272302,330.0
2025-02-25,USC00272302,305.0
2025-02-26,USC00272302,279.0
2025-02-27,USC00272302,254.0
2025-02-28,USC00272302,254.0
2025-03-01,USC00272302,229.0
2025-03-02,USC00272302,229.0
2025-03-03,USC00272302,229.0
2025-03-04,USC00272302,229.0
2025-03-05,USC00272302,203.0
2025-03-06,USC00272302,178.0
2025-03-07,USC00272302,127.0
2025-03-08,USC00272302,102.0
2025-03-09,USC00272302,76.0
2025-03-10,USC00272302,76.0
2025-03-11,USC00272302,0.0
2025-03-12,USC00272302,0.0
2025-03-13,USC00272302,0.0
2025-03-14,USC00272302,0.0
2025-03-15,USC00272302,0.0
2025-03-16,USC00272302,0.0
2025-03-17,USC00272302,0.0
2025-03-18,USC00272302,0.0
2025-03-19,USC00272302,0.0
2025-03-20,USC00272302,0.0
2025-03-22,USC00272302,0.0
2025-03-23,USC00272302,0.0
2025-03-24,USC00272302,0.0
2025-03-25,USC00272302,0.0
2025-02-01,USC00272303,406.0
2025-02-02,USC00272303,406.0
2025-02-03,USC00272303,457.0
2025-02-04,USC00272303,432.0
2025-02-05,USC00272303,432.0
2025-02-06,USC00272303,406.0
2025-02-07,USC00272303,483.0
2025-02-08,USC00272303,483.0
2025-02-09,USC00272303,686.0
2025-02-10,USC00272303,635.0
2025-02-11,USC00272303,610.0
2025-02-12,USC00272303,533.0
2025-02-13,USC00272303,584.0
2025-02-14,USC00272303,559.0
2025-02-15,USC00272303,559.0
2025-02-16,USC00272303,610.0
2025-02-17,USC00272303,686.0
2025-02-18,USC00272303,635.0
2025-02-19,USC00272303,635.0
2025-02-20,USC00272303,635.0
2025-02-21,USC00272303,635.0
2025-02-22,USC00272303,635.0
2025-02-23,USC00272303,635.0
2025-02-24,USC00272303,610.0
2025-02-25,USC00272303,610.0
2025-02-26,USC00272303,584.0
2025-02-27,USC00272303,559.0
2025-02-28,USC00272303,660.0
2025-03-01,USC00272303,660.0
2025-03-02,USC00272303,610.0
2025-03-03,USC00272303,610.0
2025-03-04,USC00272303,610.0
2025-03-05,USC00272303,610.0
2025-03-06,USC00272303,584.0
2025-03-07,USC00272303,508.0
2025-03-08,USC00272303,508.0
2025-03-09,USC00272303,508.0
2025-03-10,USC00272303,508.0
2025-03-11,USC00272303,483.0
2025-03-12,USC00272303,457.0
2025-03-13,USC00272303,457.0
2025-03-14,USC00272303,432.0
2025-03-15,USC00272303,406.0
2025-03-16,USC00272303,381.0
2025-03-17,USC00272303,305.0
2025-03-18,USC00272303,279.0
2025-03-19,USC00272303,254.0
2025-03-20,USC00272303,203.0
2025-03-21,USC00272303,152.0
2025-03-22,USC00272303,127.0
2025-03-23,USC00272303,102.0
2025-03-24,USC00272303,102.0
2025-03-25,USC00272303,229.0
2025-02-01,USC00272800,76.0
2025-02-03,USC00272800,102.0
2025-02-04,USC00272800,102.0
2025-02-05,USC00272800,76.0
2025-02-06,USC00272800,76.0
2025-02-08,USC00272800,102.0
2025-02-09,USC00272800,254.0
2025-02-10,USC00272800,254.0
2025-02-11,USC00272800,229.0
2025-02-12,USC00272800,178.0
2025-02-13,USC00272800,229.0
2025-02-14,USC00272800,203.0
2025-02-15,USC00272800,203.0
2025-02-16,USC00272800,330.0
2025-02-17,USC00272800,432.0
2025-02-18,USC00272800,406.0
2025-02-19,USC00272800,406.0
2025-02-20,USC00272800,406.0
2025-02-21,USC00272800,406.0
2025-02-22,USC00272800,406.0
2025-02-23,USC00272800,381.0
2025-02-24,USC00272800,381.0
2025-02-25,USC00272800,254.0
2025-02-26,USC00272800,203.0
2025-02-27,USC00272800,152.0
2025-02-28,USC00272800,152.0
2025-03-01,USC00272800,152.0
2025-03-02,USC00272800,152.0
2025-03-03,USC00272800,152.0
2025-03-04,USC00272800,76.0
2025-03-05,USC00272800,127.0
2025-03-06,USC00272800,102.0
2025-03-07,USC00272800,102.0
2025-03-08,USC00272800,102.0
2025-03-09,USC00272800,102.0
2025-03-10,USC00272800,76.0
2025-03-11,USC00272800,76.0
2025-03-12,USC00272800,51.0
2025-03-13,USC00272800,0.0
2025-03-16,USC00272800,0.0
2025-03-17,USC00272800,0.0
2025-03-18,USC00272800,0.0
2025-03-19,USC00272800,0.0
2025-03-20,USC00272800,0.0
2025-03-21,USC00272800,0.0
2025-03-23,USC00272800,0.0
2025-03-24,USC00272800,0.0
2025-03-25,USC00272800,0.0
2025-03-24,USC00272999,0.0
2025-02-03,USC00273182,254.0
2025-02-04,USC00273182,254.0
2025-02-05,USC00273182,229.0
2025-02-06,USC00273182,229.0
2025-02-07,USC00273182,330.0
2025-02-10,USC00273182,457.0
2025-02-11,USC00273182,457.0
2025-02-12,USC00273182,406.0
2025-02-13,USC00273182,432.0
2025-02-14,USC00273182,406.0
2025-02-18,USC00273182,483.0
2025-02-19,USC00273182,483.0
2025-02-20,USC00273182,483.0
2025-02-21,USC00273182,457.0
2025-02-24,USC00273182,457.0
2025-02-25,USC00273182,406.0
2025-02-26,USC00273182,381.0
2025-02-27,USC00273182,330.0
2025-02-28,USC00273182,381.0
2025-03-10,USC00273182,254.0
2025-03-11,USC00273182,229.0
2025-03-12,USC00273182,178.0
2025-03-13,USC00273182,178.0
2025-03-14,USC00273182,178.0
2025-03-17,USC00273182,0.0
2025-03-18,USC00273182,0.0
2025-03-19,USC00273182,0.0
2025-03-20,USC00273182,0.0
2025-03-21,USC00273182,0.0
2025-03-22,USC00273182,0.0
2025-03-23,USC00273182,0.0
2025-03-24,USC00273182,0.0
2025-03-25,USC00273182,102.0
2025-02-02,USC00273535,610.0
2025-02-03,USC00273535,610.0
2025-02-04,USC00273535,711.0
2025-02-05,USC00273535,711.0
2025-02-06,USC00273535,711.0
2025-02-07,USC00273535,737.0
2025-02-08,USC00273535,737.0
2025-02-09,USC00273535,838.0
2025-02-10,USC00273535,889.0
2025-02-12,USC00273535,889.0
2025-02-15,USC00273535,635.0
2025-02-19,USC00273535,813.0
2025-02-20,USC00273535,813.0
2025-02-21,USC00273535,813.0
2025-02-22,USC00273535,813.0
2025-02-23,USC00273535,813.0
2025-02-24,USC00273535,813.0
2025-02-25,USC00273535,813.0
2025-02-26,USC00273535,864.0
2025-02-27,USC00273535,864.0
2025-02-28,USC00273535,889.0
2025-03-01,USC00273535,914.0
2025-03-03,USC00273535,991.0
2025-03-04,USC00273535,991.0
2025-03-05,USC00273535,991.0
2025-03-06,USC00273535,838.0
2025-03-07,USC00273535,813.0
2025-03-08,USC00273535,813.0
2025-03-09,USC00273535,813.0
2025-03-10,USC00273535,813.0
2025-03-11,USC00273535,762.0
2025-03-12,USC00273535,762.0
2025-03-13,USC00273535,711.0
2025-03-14,USC00273535,711.0
2025-03-16,USC00273535,610.0
2025-03-17,USC00273535,356.0
2025-03-18,USC00273535,356.0
2025-03-22,USC00273535,483.0
2025-03-23,USC00273535,483.0
2025-03-24,USC00273535,406.0
2025-02-12,USC00273626,305.0
2025-02-13,USC00273626,305.0
2025-02-14,USC00273626,279.0
2025-03-05,USC00273626,178.0
2025-03-06,USC00273626,102.0
2025-03-07,USC00273626,51.0
2025-02-01,USC00273658,102.0
2025-02-02,USC00273658,102.0
2025-02-03,USC00273658,127.0
2025-02-04,USC00273658,102.0
2025-02-05,USC00273658,102.0
2025-02-06,USC00273658,102.0
2025-02-07,USC00273658,127.0
2025-02-08,USC00273658,102.0
2025-02-09,USC00273658,330.0
2025-02-10,USC00273658,305.0
2025-02-12,USC00273658,305.0
2025-02-13,USC00273658,330.0
2025-02-14,USC00273658,305.0
2025-02-15,USC00273658,305.0
2025-02-16,USC00273658,406.0
2025-02-17,USC00273658,457.0
2025-02-18,USC00273658,406.0
2025-02-19,USC00273658,406.0
2025-02-20,USC00273658,406.0
2025-02-22,USC00273658,356.0
2025-02-23,USC00273658,356.0
2025-02-24,USC00273658,356.0
2025-02-25,USC00273658,356.0
2025-02-26,USC00273658,330.0
2025-02-27,USC00273658,330.0
2025-02-28,USC00273658,305.0
2025-03-01,USC00273658,305.0
2025-03-02,USC00273658,305.0
2025-03-03,USC00273658,305.0
2025-03-04,USC00273658,279.0
2025-03-05,USC00273658,254.0
2025-03-06,USC00273658,178.0
2025-03-07,USC00273658,127.0
2025-03-08,USC00273658,102.0
2025-03-09,USC00273658,76.0
2025-03-11,USC00273658,51.0
2025-03-12,USC00273658,25.0
2025-03-13,USC00273658,0.0
2025-03-14,USC00273658,0.0
2025-02-10,USC00273825,330.0
2025-02-11,USC00273825,330.0
2025-02-12,USC00273825,305.0
2025-02-13,USC00273825,330.0
2025-02-14,USC00273825,305.0
2025-02-17,USC00273825,457.0
2025-02-18,USC00273825,483.0
2025-02-19,USC00273825,483.0
2025-02-20,USC00273825,457.0
2025-02-21,USC00273825,406.0
2025-02-24,USC00273825,356.0
2025-03-11,USC00273825,51.0
2025-03-12,USC00273825,51.0
2025-03-13,USC00273825,51.0
2025-03-14,USC00273825,51.0
2025-02-03,USC00273850,178.0
2025-02-04,USC00273850,152.0
2025-02-05,USC00273850,152.0
2025-02-06,USC00273850,203.0
2025-02-10,USC00273850,305.0
2025-02-11,USC00273850,279.0
2025-02-12,USC00273850,279.0
2025-02-13,USC00273850,279.0
2025-02-17,USC00273850,356.0
2025-02-18,USC00273850,356.0
2025-02-19,USC00273850,330.0
2025-02-22,USC00273850,330.0
2025-02-23,USC00273850,305.0
2025-02-24,USC00273850,279.0
2025-02-25,USC00273850,254.0
2025-02-26,USC00273850,178.0
2025-02-27,USC00273850,254.0
2025-03-02,USC00273850,178.0
2025-03-03,USC00273850,178.0
2025-03-04,USC00273850,178.0
2025-03-05,USC00273850,152.0
2025-03-06,USC00273850,76.0
2025-03-07,USC00273850,51.0
2025-03-09,USC00273850,51.0
2025-03-10,USC00273850,25.0
2025-03-11,USC00273850,0.0
2025-03-15,USC00273850,0.0
2025-03-17,USC00273850,0.0
2025-03-18,USC00273850,0.0
2025-03-19,USC00273850,0.0
2025-03-21,USC00273850,0.0
2025-03-08,USC00273856,1295.0
2025-03-09,USC00273856,1295.0
2025-03-16,USC00273856,1194.0
2025-03-17,USC00273856,1041.0
2025-03-19,USC00273856,991.0
2025-02-01,USC00273860,787.0
2025-02-02,USC00273860,787.0
2025-02-03,USC00273860,914.0
2025-02-04,USC00273860,914.0
2025-02-05,USC00273860,2286.0
2025-02-06,USC00273860,889.0
2025-02-07,USC00273860,889.0
2025-02-08,USC00273860,991.0
2025-02-09,USC00273860,965.0
2025-02-10,USC00273860,1092.0
2025-02-11,USC00273860,1092.0
2025-02-13,USC00273860,1143.0
2025-02-14,USC00273860,1194.0
2025-02-15,USC00273860,1219.0
2025-02-16,USC00273860,1270.0
2025-02-17,USC00273860,1448.0
2025-02-18,USC00273860,1295.0
2025-02-23,USC00273860,1219.0
2025-02-24,USC00273860,1245.0
2025-02-25,USC00273860,1219.0
2025-02-26,USC00273860,1219.0
2025-02-27,USC00273860,1270.0
2025-03-02,USC00273860,1372.0
2025-03-03,USC00273860,1372.0
2025-03-04,USC00273860,1372.0
2025-03-05,USC00273860,1397.0
2025-03-06,USC00273860,1346.0
2025-03-07,USC00273860,1219.0
2025-03-08,USC00273860,1245.0
2025-03-09,USC00273860,1219.0
2025-03-10,USC00273860,1219.0
2025-03-11,USC00273860,1219.0
2025-03-12,USC00273860,1168.0
2025-03-16,USC00273860,1041.0
2025-03-17,USC00273860,940.0
2025-03-18,USC00273860,889.0
2025-03-19,USC00273860,838.0
2025-03-20,USC00273860,838.0
2025-03-22,USC00273860,838.0
2025-03-23,USC00273860,838.0
2025-03-24,USC00273860,838.0
2025-03-25,USC00273860,610.0
2025-02-01,USC00274176,305.0
2025-02-02,USC00274176,279.0
2025-02-03,USC00274176,330.0
2025-02-04,USC00274176,381.0
2025-02-07,USC00274176,381.0
2025-02-09,USC00274176,584.0
2025-02-10,USC00274176,508.0
2025-02-13,USC00274176,432.0
2025-02-16,USC00274176,483.0
2025-02-17,USC00274176,559.0
2025-03-17,USC00274176,127.0
2025-03-25,USC00274176,102.0
2025-02-03,USC00274218,127.0
2025-02-04,USC00274218,102.0
2025-02-05,USC00274218,102.0
2025-02-06,USC00274218,102.0
2025-02-07,USC00274218,203.0
2025-02-08,USC00274218,203.0
2025-02-09,USC00274218,305.0
2025-02-10,USC00274218,305.0
2025-02-11,USC00274218,279.0
2025-02-12,USC00274218,279.0
2025-02-13,USC00274218,305.0
2025-02-14,USC00274218,279.0
2025-02-17,USC00274218,356.0
2025-02-18,USC00274218,356.0
2025-02-19,USC00274218,356.0
2025-02-20,USC00274218,356.0
2025-02-21,USC00274218,356.0
2025-02-24,USC00274218,330.0
2025-02-25,USC00274218,305.0
2025-02-26,USC00274218,279.0
2025-02-27,USC00274218,254.0
2025-02-28,USC00274218,279.0
2025-03-01,USC00274218,254.0
2025-03-02,USC00274218,229.0
2025-03-03,USC00274218,229.0
2025-03-04,USC00274218,229.0
2025-03-06,USC00274218,178.0
2025-03-07,USC00274218,127.0
2025-03-08,USC00274218,127.0
2025-03-09,USC00274218,127.0
2025-03-10,USC00274218,102.0
2025-03-11,USC00274218,51.0
2025-03-12,USC00274218,0.0
2025-03-13,USC00274218,0.0
2025-03-14,USC00274218,0.0
2025-03-15,USC00274218,0.0
2025-03-16,USC00274218,0.0
2025-03-17,USC00274218,0.0
2025-03-18,USC00274218,0.0
2025-03-19,USC00274218,0.0
2025-03-20,USC00274218,0.0
2025-03-21,USC00274218,0.0
2025-03-22,USC00274218,0.0
2025-03-23,USC00274218,0.0
2025-03-24,USC00274218,0.0
2025-02-01,USC00274234,102.0
2025-02-02,USC00274234,102.0
2025-02-03,USC00274234,152.0
2025-02-04,USC00274234,102.0
2025-02-05,USC00274234,102.0
2025-02-06,USC00274234,102.0
2025-02-07,USC00274234,152.0
2025-02-08,USC00274234,127.0
2025-02-09,USC00274234,254.0
2025-02-10,USC00274234,254.0
2025-02-11,USC00274234,229.0
2025-02-12,USC00274234,229.0
2025-02-13,USC00274234,254.0
2025-02-14,USC00274234,229.0
2025-02-15,USC00274234,229.0
2025-02-16,USC00274234,330.0
2025-02-17,USC00274234,356.0
2025-02-18,USC00274234,356.0
2025-02-19,USC00274234,330.0
2025-02-20,USC00274234,330.0
2025-02-21,USC00274234,330.0
2025-02-22,USC00274234,330.0
2025-02-23,USC00274234,305.0
2025-02-24,USC00274234,305.0
2025-02-25,USC00274234,279.0
2025-02-26,USC00274234,254.0
2025-02-27,USC00274234,229.0
2025-02-28,USC00274234,229.0
2025-03-01,USC00274234,203.0
2025-03-02,USC00274234,178.0
2025-03-03,USC00274234,178.0
2025-03-04,USC00274234,178.0
2025-03-05,USC00274234,152.0
2025-03-06,USC00274234,102.0
2025-03-07,USC00274234,25.0
2025-03-08,USC00274234,25.0
2025-03-09,USC00274234,25.0
2025-03-10,USC00274234,0.0
2025-03-11,USC00274234,0.0
2025-03-12,USC00274234,0.0
2025-03-13,USC00274234,0.0
2025-03-14,USC00274234,0.0
2025-03-15,USC00274234,0.0
2025-03-16,USC00274234,0.0
2025-03-17,USC00274234,0.0
2025-03-18,USC00274234,0.0
2025-03-19,USC00274234,0.0
2025-03-20,USC00274234,0.0
2025-03-21,USC00274234,0.0
2025-03-22,USC00274234,0.0
2025-03-23,USC00274234,0.0
2025-03-24,USC00274234,0.0
2025-03-25,USC00274234,0.0
2025-02-01,USC00274304,178.0
2025-02-02,USC00274304,178.0
2025-02-03,USC00274304,203.0
2025-02-04,USC00274304,203.0
2025-02-05,USC00274304,178.0
2025-02-06,USC00274304,178.0
2025-02-07,USC00274304,203.0
2025-02-08,USC00274304,178.0
2025-02-09,USC00274304,279.0
2025-02-10,USC00274304,279.0
2025-02-11,USC00274304,229.0
2025-02-12,USC00274304,229.0
2025-02-13,USC00274304,254.0
2025-02-14,USC00274304,229.0
2025-02-15,USC00274304,229.0
2025-02-16,USC00274304,381.0
2025-02-17,USC00274304,457.0
2025-02-18,USC00274304,457.0
2025-02-19,USC00274304,381.0
2025-02-20,USC00274304,381.0
2025-02-21,USC00274304,381.0
2025-02-22,USC00274304,381.0
2025-02-23,USC00274304,381.0
2025-02-24,USC00274304,356.0
2025-02-25,USC00274304,330.0
2025-02-26,USC00274304,305.0
2025-02-27,USC00274304,254.0
2025-02-28,USC00274304,229.0
2025-03-01,USC00274304,203.0
2025-03-02,USC00274304,203.0
2025-03-03,USC00274304,178.0
2025-03-04,USC00274304,178.0
2025-03-05,USC00274304,152.0
2025-03-06,USC00274304,102.0
2025-03-07,USC00274304,102.0
2025-03-08,USC00274304,102.0
2025-03-09,USC00274304,76.0
2025-03-10,USC00274304,51.0
2025-03-11,USC00274304,51.0
2025-03-12,USC00274304,51.0
2025-03-13,USC00274304,51.0
2025-03-14,USC00274304,51.0
2025-03-15,USC00274304,51.0
2025-03-16,USC00274304,25.0
2025-03-17,USC00274304,0.0
2025-03-18,USC00274304,0.0
2025-03-20,USC00274304,0.0
2025-03-21,USC00274304,0.0
2025-03-22,USC00274304,0.0
2025-03-23,USC00274304,0.0
2025-03-24,USC00274304,0.0
2025-02-01,USC00274329,305.0
2025-02-02,USC00274329,279.0
2025-02-03,USC00274329,305.0
2025-02-04,USC00274329,305.0
2025-02-05,USC00274329,305.0
2025-02-06,USC00274329,305.0
2025-02-07,USC00274329,330.0
2025-02-08,USC00274329,305.0
2025-02-09,USC00274329,406.0
2025-02-10,USC00274329,406.0
2025-02-11,USC00274329,381.0
2025-02-12,USC00274329,381.0
2025-02-13,USC00274329,356.0
2025-02-14,USC00274329,381.0
2025-02-15,USC00274329,356.0
2025-02-16,USC00274329,432.0
2025-02-17,USC00274329,533.0
2025-02-18,USC00274329,457.0
2025-02-19,USC00274329,457.0
2025-02-20,USC00274329,432.0
2025-02-21,USC00274329,457.0
2025-02-22,USC00274329,432.0
2025-02-23,USC00274329,432.0
2025-02-24,USC00274329,432.0
2025-02-25,USC00274329,406.0
2025-02-26,USC00274329,330.0
2025-02-28,USC00274329,305.0
2025-03-01,USC00274329,305.0
2025-03-02,USC00274329,406.0
2025-03-03,USC00274329,381.0
2025-03-04,USC00274329,356.0
2025-03-05,USC00274329,432.0
2025-03-06,USC00274329,305.0
2025-03-07,USC00274329,254.0
2025-03-08,USC00274329,254.0
2025-03-09,USC00274329,330.0
2025-03-10,USC00274329,279.0
2025-03-11,USC00274329,254.0
2025-03-12,USC00274329,178.0
2025-03-13,USC00274329,152.0
2025-03-14,USC00274329,127.0
2025-03-15,USC00274329,102.0
2025-03-16,USC00274329,51.0
2025-03-17,USC00274329,0.0
2025-03-18,USC00274329,0.0
2025-03-19,USC00274329,0.0
2025-03-20,USC00274329,0.0
2025-03-21,USC00274329,0.0
2025-03-22,USC00274329,51.0
2025-03-23,USC00274329,0.0
2025-03-24,USC00274329,0.0
2025-03-25,USC00274329,0.0
2025-02-01,USC00274399,178.0
2025-02-02,USC00274399,152.0
2025-02-03,USC00274399,203.0
2025-02-04,USC00274399,178.0
2025-02-05,USC00274399,178.0
2025-02-06,USC00274399,178.0
2025-02-07,USC00274399,254.0
2025-02-08,USC00274399,229.0
2025-02-09,USC00274399,381.0
2025-02-10,USC00274399,356.0
2025-02-11,USC00274399,356.0
2025-02-12,USC00274399,330.0
2025-02-13,USC00274399,330.0
2025-02-14,USC00274399,305.0
2025-02-15,USC00274399,305.0
2025-02-16,USC00274399,381.0
2025-02-17,USC00274399,381.0
2025-02-18,USC00274399,381.0
2025-02-19,USC00274399,381.0
2025-02-22,USC00274399,381.0
2025-02-23,USC00274399,356.0
2025-02-24,USC00274399,356.0
2025-02-25,USC00274399,356.0
2025-02-26,USC00274399,330.0
2025-02-27,USC00274399,330.0
2025-02-28,USC00274399,356.0
2025-03-01,USC00274399,356.0
2025-03-02,USC00274399,330.0
2025-03-03,USC00274399,330.0
2025-03-04,USC00274399,330.0
2025-03-05,USC00274399,330.0
2025-03-06,USC00274399,279.0
2025-03-07,USC00274399,254.0
2025-03-08,USC00274399,254.0
2025-03-09,USC00274399,229.0
2025-03-10,USC00274399,178.0
2025-03-11,USC00274399,127.0
2025-03-12,USC00274399,102.0
2025-03-13,USC00274399,76.0
2025-03-14,USC00274399,76.0
2025-03-15,USC00274399,25.0
2025-03-17,USC00274399,0.0
2025-03-18,USC00274399,0.0
2025-03-19,USC00274399,0.0
2025-03-20,USC00274399,0.0
2025-03-21,USC00274399,0.0
2025-03-22,USC00274399,0.0
2025-03-23,USC00274399,0.0
2025-03-24,USC00274399,0.0
2025-03-25,USC00274399,0.0
2025-02-01,USC00274480,229.0
2025-02-02,USC00274480,229.0
2025-02-03,USC00274480,305.0
2025-02-04,USC00274480,254.0
2025-02-05,USC00274480,229.0
2025-02-06,USC00274480,229.0
2025-02-07,USC00274480,356.0
2025-02-08,USC00274480,305.0
2025-02-09,USC00274480,508.0
2025-02-10,USC00274480,457.0
2025-02-11,USC00274480,457.0
2025-02-12,USC00274480,432.0
2025-02-13,USC00274480,457.0
2025-02-14,USC00274480,483.0
2025-02-15,USC00274480,457.0
2025-02-16,USC00274480,533.0
2025-02-17,USC00274480,584.0
2025-02-18,USC00274480,533.0
2025-02-19,USC00274480,533.0
2025-02-20,USC00274480,508.0
2025-02-21,USC00274480,457.0
2025-02-22,USC00274480,457.0
2025-02-23,USC00274480,406.0
2025-02-24,USC00274480,356.0
2025-02-25,USC00274480,305.0
2025-02-26,USC00274480,254.0
2025-02-27,USC00274480,254.0
2025-02-28,USC00274480,305.0
2025-03-02,USC00274480,305.0
2025-03-03,USC00274480,305.0
2025-03-04,USC00274480,305.0
2025-03-05,USC00274480,305.0
2025-03-06,USC00274480,254.0
2025-03-07,USC00274480,203.0
2025-03-08,USC00274480,203.0
2025-03-09,USC00274480,203.0
2025-03-10,USC00274480,152.0
2025-03-11,USC00274480,127.0
2025-03-12,USC00274480,102.0
2025-03-13,USC00274480,102.0
2025-03-14,USC00274480,76.0
2025-03-15,USC00274480,76.0
2025-03-16,USC00274480,51.0
2025-03-17,USC00274480,0.0
2025-03-18,USC00274480,0.0
2025-03-19,USC00274480,0.0
2025-03-20,USC00274480,0.0
2025-03-21,USC00274480,0.0
2025-03-22,USC00274480,0.0
2025-03-23,USC00274480,0.0
2025-03-24,USC00274480,0.0
2025-03-25,USC00274480,76.0
2025-02-01,USC00274810,508.0
2025-02-02,USC00274810,483.0
2025-02-04,USC00274810,686.0
2025-02-05,USC00274810,711.0
2025-02-06,USC00274810,635.0
2025-02-07,USC00274810,635.0
2025-02-08,USC00274810,711.0
2025-02-09,USC00274810,864.0
2025-02-10,USC00274810,864.0
2025-02-11,USC00274810,813.0
2025-02-13,USC00274810,838.0
2025-02-14,USC00274810,787.0
2025-02-15,USC00274810,787.0
2025-02-16,USC00274810,1270.0
2025-02-17,USC00274810,940.0
2025-02-18,USC00274810,838.0
2025-02-19,USC00274810,813.0
2025-02-20,USC00274810,813.0
2025-02-21,USC00274810,813.0
2025-02-23,USC00274810,787.0
2025-02-24,USC00274810,813.0
2025-02-25,USC00274810,762.0
2025-02-26,USC00274810,889.0
2025-02-27,USC00274810,864.0
2025-03-02,USC00274810,1118.0
2025-03-03,USC00274810,1067.0
2025-03-04,USC00274810,1372.0
2025-03-05,USC00274810,1016.0
2025-03-07,USC00274810,813.0
2025-03-09,USC00274810,813.0
2025-03-10,USC00274810,864.0
2025-03-11,USC00274810,838.0
2025-03-12,USC00274810,813.0
2025-03-15,USC00274810,813.0
2025-03-16,USC00274810,762.0
2025-03-17,USC00274810,686.0
2025-03-18,USC00274810,660.0
2025-03-19,USC00274810,660.0
2025-03-20,USC00274810,838.0
2025-03-21,USC00274810,610.0
2025-03-22,USC00274810,610.0
2025-03-23,USC00274810,559.0
2025-03-24,USC00274810,0.0
2025-03-25,USC00274810,635.0
2025-02-03,USC00275013,203.0
2025-02-04,USC00275013,178.0
2025-02-05,USC00275013,152.0
2025-02-06,USC00275013,102.0
2025-02-07,USC00275013,178.0
2025-02-08,USC00275013,178.0
2025-02-09,USC00275013,330.0
2025-02-10,USC00275013,330.0
2025-02-11,USC00275013,305.0
2025-02-12,USC00275013,305.0
2025-02-13,USC00275013,330.0
2025-02-14,USC00275013,305.0
2025-02-16,USC00275013,406.0
2025-02-17,USC00275013,508.0
2025-02-18,USC00275013,508.0
2025-02-19,USC00275013,508.0
2025-02-20,USC00275013,508.0
2025-02-21,USC00275013,432.0
2025-02-24,USC00275013,381.0
2025-02-25,USC00275013,305.0
2025-02-26,USC00275013,279.0
2025-02-27,USC00275013,305.0
2025-02-28,USC00275013,254.0
2025-03-03,USC00275013,178.0
2025-03-04,USC00275013,178.0
2025-03-05,USC00275013,178.0
2025-03-06,USC00275013,152.0
2025-03-10,USC00275013,102.0
2025-03-11,USC00275013,76.0
2025-03-13,USC00275013,0.0
2025-03-14,USC00275013,0.0
2025-03-17,USC00275013,0.0
2025-03-18,USC00275013,0.0
2025-03-19,USC00275013,0.0
2025-03-20,USC00275013,0.0
2025-03-21,USC00275013,0.0
2025-03-24,USC00275013,0.0
2025-03-25,USC00275013,0.0
2025-02-01,USC00275211,178.0
2025-02-02,USC00275211,203.0
2025-02-03,USC00275211,102.0
2025-02-04,USC00275211,102.0
2025-02-05,USC00275211,102.0
2025-02-06,USC00275211,203.0
2025-02-07,USC00275211,203.0
2025-02-08,USC00275211,356.0
2025-02-09,USC00275211,330.0
2025-02-10,USC00275211,330.0
2025-02-11,USC00275211,305.0
2025-02-12,USC00275211,330.0
2025-02-13,USC00275211,330.0
2025-02-14,USC00275211,330.0
2025-02-15,USC00275211,356.0
2025-02-16,USC00275211,457.0
2025-02-17,USC00275211,457.0
2025-02-18,USC00275211,457.0
2025-02-19,USC00275211,457.0
2025-02-20,USC00275211,406.0
2025-02-21,USC00275211,406.0
2025-02-22,USC00275211,406.0
2025-02-23,USC00275211,381.0
2025-02-24,USC00275211,330.0
2025-02-25,USC00275211,330.0
2025-02-26,USC00275211,305.0
2025-02-27,USC00275211,305.0
2025-02-28,USC00275211,305.0
2025-03-01,USC00275211,305.0
2025-03-02,USC00275211,279.0
2025-03-03,USC00275211,279.0
2025-03-04,USC00275211,279.0
2025-03-05,USC00275211,279.0
2025-03-07,USC00275211,102.0
2025-03-08,USC00275211,102.0
2025-03-09,USC00275211,102.0
2025-03-10,USC00275211,25.0
2025-03-11,USC00275211,0.0
2025-03-12,USC00275211,0.0
2025-03-13,USC00275211,0.0
2025-03-14,USC00275211,0.0
2025-03-15,USC00275211,0.0
2025-03-16,USC00275211,0.0
2025-03-19,USC00275211,0.0
2025-03-20,USC00275211,0.0
2025-03-21,USC00275211,0.0
2025-03-22,USC00275211,0.0
2025-03-23,USC00275211,0.0
2025-02-01,USC00275703,102.0
2025-02-02,USC00275703,102.0
2025-02-03,USC00275703,127.0
2025-02-04,USC00275703,102.0
2025-02-05,USC00275703,102.0
2025-02-06,USC00275703,76.0
2025-02-07,USC00275703,127.0
2025-02-08,USC00275703,127.0
2025-02-09,USC00275703,254.0
2025-02-10,USC00275703,229.0
2025-02-11,USC00275703,229.0
2025-02-12,USC00275703,229.0
2025-02-13,USC00275703,254.0
2025-02-14,USC00275703,203.0
2025-02-15,USC00275703,203.0
2025-02-16,USC00275703,330.0
2025-02-17,USC00275703,330.0
2025-02-18,USC00275703,305.0
2025-02-19,USC00275703,305.0
2025-02-20,USC00275703,254.0
2025-02-21,USC00275703,254.0
2025-02-22,USC00275703,254.0
2025-02-23,USC00275703,254.0
2025-02-24,USC00275703,254.0
2025-02-25,USC00275703,254.0
2025-02-26,USC00275703,229.0
2025-02-27,USC00275703,229.0
2025-02-28,USC00275703,203.0
2025-03-01,USC00275703,178.0
2025-03-02,USC00275703,152.0
2025-03-03,USC00275703,152.0
2025-03-04,USC00275703,127.0
2025-03-05,USC00275703,127.0
2025-03-07,USC00275703,0.0
2025-03-08,USC00275703,0.0
2025-03-09,USC00275703,0.0
2025-03-10,USC00275703,0.0
2025-03-11,USC00275703,0.0
2025-03-12,USC00275703,0.0
2025-03-13,USC00275703,0.0
2025-03-14,USC00275703,0.0
2025-03-15,USC00275703,0.0
2025-03-16,USC00275703,0.0
2025-03-17,USC00275703,0.0
2025-03-18,USC00275703,0.0
2025-03-19,USC00275703,0.0
2025-03-20,USC00275703,0.0
2025-03-21,USC00275703,0.0
2025-03-22,USC00275703,0.0
2025-03-23,USC00275703,0.0
2025-03-24,USC00275703,0.0
2025-03-25,USC00275703,0.0
2025-02-02,USC00275868,127.0
2025-02-03,USC00275868,178.0
2025-02-04,USC00275868,102.0
2025-02-05,USC00275868,102.0
2025-02-06,USC00275868,102.0
2025-02-08,USC00275868,203.0
2025-02-09,USC00275868,381.0
2025-02-10,USC00275868,330.0
2025-02-11,USC00275868,305.0
2025-02-12,USC00275868,305.0
2025-02-13,USC00275868,305.0
2025-02-16,USC00275868,356.0
2025-02-17,USC00275868,356.0
2025-02-18,USC00275868,356.0
2025-02-20,USC00275868,330.0
2025-02-24,USC00275868,305.0
2025-02-25,USC00275868,279.0
2025-02-26,USC00275868,279.0
2025-03-03,USC00275868,356.0
2025-03-04,USC00275868,356.0
2025-03-05,USC00275868,330.0
2025-03-06,USC00275868,254.0
2025-03-09,USC00275868,203.0
2025-03-10,USC00275868,178.0
2025-03-11,USC00275868,178.0
2025-03-12,USC00275868,102.0
2025-03-13,USC00275868,102.0
2025-03-16,USC00275868,0.0
2025-03-17,USC00275868,0.0
2025-03-22,USC00275868,0.0
2025-03-23,USC00275868,0.0
2025-03-24,USC00275868,0.0
2025-02-01,USC00275995,279.0
2025-02-02,USC00275995,279.0
2025-02-03,USC00275995,356.0
2025-02-04,USC00275995,330.0
2025-02-05,USC00275995,305.0
2025-02-06,USC00275995,279.0
2025-02-07,USC00275995,356.0
2025-02-08,USC00275995,330.0
2025-02-09,USC00275995,508.0
2025-02-10,USC00275995,457.0
2025-02-11,USC00275995,432.0
2025-02-12,USC00275995,381.0
2025-02-13,USC00275995,381.0
2025-02-14,USC00275995,406.0
2025-02-15,USC00275995,381.0
2025-02-16,USC00275995,432.0
2025-02-17,USC00275995,533.0
2025-02-18,USC00275995,533.0
2025-02-19,USC00275995,533.0
2025-02-21,USC00275995,533.0
2025-02-22,USC00275995,483.0
2025-02-23,USC00275995,457.0
2025-02-24,USC00275995,457.0
2025-02-25,USC00275995,457.0
2025-02-26,USC00275995,406.0
2025-02-27,USC00275995,381.0
2025-02-28,USC00275995,508.0
2025-03-01,USC00275995,533.0
2025-03-02,USC00275995,483.0
2025-03-03,USC00275995,483.0
2025-03-04,USC00275995,457.0
2025-03-05,USC00275995,432.0
2025-03-06,USC00275995,381.0
2025-03-07,USC00275995,330.0
2025-03-08,USC00275995,330.0
2025-03-09,USC00275995,330.0
2025-03-10,USC00275995,356.0
2025-03-11,USC00275995,279.0
2025-03-12,USC00275995,229.0
2025-03-13,USC00275995,203.0
2025-03-14,USC00275995,178.0
2025-03-15,USC00275995,152.0
2025-03-16,USC00275995,127.0
2025-03-19,USC00275995,0.0
2025-03-20,USC00275995,0.0
2025-03-21,USC00275995,0.0
2025-03-22,USC00275995,0.0
2025-03-23,USC00275995,0.0
2025-03-24,USC00275995,0.0
2025-03-25,USC00275995,102.0
2025-02-01,USC00276365,279.0
2025-02-02,USC00276365,254.0
2025-02-03,USC00276365,330.0
2025-02-04,USC00276365,381.0
2025-02-05,USC00276365,330.0
2025-02-06,USC00276365,330.0
2025-02-07,USC00276365,432.0
2025-02-08,USC00276365,381.0
2025-02-09,USC00276365,406.0
2025-02-10,USC00276365,406.0
2025-02-11,USC00276365,381.0
2025-02-12,USC00276365,356.0
2025-02-13,USC00276365,356.0
2025-02-14,USC00276365,432.0
2025-02-15,USC00276365,406.0
2025-02-16,USC00276365,457.0
2025-02-17,USC00276365,508.0
2025-02-18,USC00276365,457.0
2025-02-19,USC00276365,432.0
2025-02-20,USC00276365,432.0
2025-02-21,USC00276365,432.0
2025-02-22,USC00276365,406.0
2025-02-23,USC00276365,406.0
2025-02-24,USC00276365,406.0
2025-02-25,USC00276365,381.0
2025-02-26,USC00276365,356.0
2025-02-27,USC00276365,330.0
2025-02-28,USC00276365,356.0
2025-03-01,USC00276365,381.0
2025-03-02,USC00276365,406.0
2025-03-03,USC00276365,381.0
2025-03-04,USC00276365,381.0
2025-03-05,USC00276365,432.0
2025-03-06,USC00276365,330.0
2025-03-07,USC00276365,254.0
2025-03-08,USC00276365,254.0
2025-03-09,USC00276365,254.0
2025-03-10,USC00276365,279.0
2025-03-11,USC00276365,254.0
2025-03-12,USC00276365,229.0
2025-03-13,USC00276365,203.0
2025-03-14,USC00276365,203.0
2025-03-15,USC00276365,178.0
2025-03-16,USC00276365,127.0
2025-03-17,USC00276365,0.0
2025-03-18,USC00276365,0.0
2025-03-19,USC00276365,0.0
2025-03-20,USC00276365,0.0
2025-03-21,USC00276365,0.0
2025-03-22,USC00276365,0.0
2025-03-23,USC00276365,0.0
2025-03-24,USC00276365,0.0
2025-03-25,USC00276365,0.0
2025-02-01,USC00276368,152.0
2025-02-02,USC00276368,127.0
2025-02-03,USC00276368,152.0
2025-02-04,USC00276368,127.0
2025-02-05,USC00276368,127.0
2025-02-06,USC00276368,127.0
2025-02-07,USC00276368,229.0
2025-02-08,USC00276368,178.0
2025-02-09,USC00276368,381.0
2025-02-11,USC00276368,279.0
2025-02-12,USC00276368,254.0
2025-02-13,USC00276368,305.0
2025-02-14,USC00276368,254.0
2025-02-15,USC00276368,254.0
2025-02-16,USC00276368,330.0
2025-02-17,USC00276368,356.0
2025-02-18,USC00276368,356.0
2025-02-19,USC00276368,356.0
2025-02-20,USC00276368,356.0
2025-02-21,USC00276368,330.0
2025-02-22,USC00276368,330.0
2025-02-23,USC00276368,305.0
2025-02-24,USC00276368,305.0
2025-02-25,USC00276368,279.0
2025-02-26,USC00276368,254.0
2025-02-27,USC00276368,229.0
2025-02-28,USC00276368,254.0
2025-03-01,USC00276368,229.0
2025-03-02,USC00276368,229.0
2025-03-03,USC00276368,203.0
2025-03-04,USC00276368,178.0
2025-03-05,USC00276368,178.0
2025-03-06,USC00276368,127.0
2025-03-07,USC00276368,102.0
2025-03-08,USC00276368,51.0
2025-03-09,USC00276368,51.0
2025-03-10,USC00276368,51.0
2025-03-11,USC00276368,25.0
2025-03-12,USC00276368,0.0
2025-03-13,USC00276368,0.0
2025-03-16,USC00276368,0.0
2025-03-17,USC00276368,0.0
2025-03-18,USC00276368,0.0
2025-03-19,USC00276368,0.0
2025-03-20,USC00276368,0.0
2025-03-21,USC00276368,0.0
2025-03-22,USC00276368,0.0
2025-03-23,USC00276368,0.0
2025-03-24,USC00276368,0.0
2025-02-03,USC00276550,152.0
2025-02-04,USC00276550,127.0
2025-02-05,USC00276550,102.0
2025-02-06,USC00276550,102.0
2025-02-07,USC00276550,152.0
2025-02-10,USC00276550,305.0
2025-02-11,USC00276550,279.0
2025-02-12,USC00276550,254.0
2025-02-13,USC00276550,254.0
2025-02-14,USC00276550,229.0
2025-02-17,USC00276550,356.0
2025-02-18,USC00276550,356.0
2025-02-19,USC00276550,330.0
2025-02-20,USC00276550,330.0
2025-02-21,USC00276550,305.0
2025-02-24,USC00276550,305.0
2025-02-25,USC00276550,279.0
2025-02-26,USC00276550,279.0
2025-02-27,USC00276550,279.0
2025-02-28,USC00276550,279.0
2025-03-03,USC00276550,229.0
2025-03-04,USC00276550,203.0
2025-03-05,USC00276550,203.0
2025-03-06,USC00276550,127.0
2025-03-07,USC00276550,76.0
2025-03-10,USC00276550,76.0
2025-03-11,USC00276550,51.0
2025-03-12,USC00276550,25.0
2025-03-13,USC00276550,25.0
2025-03-14,USC00276550,25.0
2025-03-17,USC00276550,0.0
2025-03-18,USC00276550,0.0
2025-03-19,USC00276550,0.0
2025-03-20,USC00276550,0.0
2025-03-21,USC00276550,0.0
2025-03-24,USC00276550,0.0
2025-02-01,USC00276818,406.0
2025-02-02,USC00276818,406.0
2025-02-03,USC00276818,483.0
2025-02-04,USC00276818,483.0
2025-02-05,USC00276818,483.0
2025-02-06,USC00276818,508.0
2025-02-07,USC00276818,457.0
2025-02-08,USC00276818,508.0
2025-02-09,USC00276818,635.0
2025-02-11,USC00276818,686.0
2025-02-12,USC00276818,610.0
2025-02-13,USC00276818,635.0
2025-02-14,USC00276818,711.0
2025-02-15,USC00276818,635.0
2025-02-16,USC00276818,686.0
2025-02-17,USC00276818,813.0
2025-02-18,USC00276818,813.0
2025-02-20,USC00276818,813.0
2025-02-21,USC00276818,635.0
2025-02-22,USC00276818,635.0
2025-02-23,USC00276818,635.0
2025-02-24,USC00276818,635.0
2025-02-25,USC00276818,610.0
2025-02-26,USC00276818,559.0
2025-02-27,USC00276818,533.0
2025-02-28,USC00276818,610.0
2025-03-01,USC00276818,660.0
2025-03-02,USC00276818,635.0
2025-03-03,USC00276818,635.0
2025-03-04,USC00276818,635.0
2025-03-05,USC00276818,584.0
2025-03-06,USC00276818,610.0
2025-03-07,USC00276818,483.0
2025-03-08,USC00276818,432.0
2025-03-09,USC00276818,432.0
2025-03-10,USC00276818,533.0
2025-03-11,USC00276818,508.0
2025-03-12,USC00276818,483.0
2025-03-13,USC00276818,483.0
2025-03-14,USC00276818,406.0
2025-03-15,USC00276818,356.0
2025-03-16,USC00276818,305.0
2025-03-17,USC00276818,102.0
2025-03-18,USC00276818,0.0
2025-03-19,USC00276818,0.0
2025-03-20,USC00276818,0.0
2025-03-21,USC00276818,0.0
2025-03-22,USC00276818,0.0
2025-03-23,USC00276818,0.0
2025-03-24,USC00276818,0.0
2025-03-25,USC00276818,76.0
2025-02-02,USC00276856,305.0
2025-02-05,USC00276856,279.0
2025-02-06,USC00276856,279.0
2025-02-07,USC00276856,356.0
2025-02-09,USC00276856,406.0
2025-02-10,USC00276856,406.0
2025-02-11,USC00276856,406.0
2025-02-13,USC00276856,406.0
2025-02-14,USC00276856,432.0
2025-02-15,USC00276856,406.0
2025-02-16,USC00276856,432.0
2025-02-17,USC00276856,406.0
2025-02-18,USC00276856,406.0
2025-02-20,USC00276856,381.0
2025-02-21,USC00276856,406.0
2025-02-23,USC00276856,406.0
2025-02-24,USC00276856,381.0
2025-02-27,USC00276856,305.0
2025-02-28,USC00276856,356.0
2025-03-01,USC00276856,406.0
2025-03-03,USC00276856,406.0
2025-03-04,USC00276856,406.0
2025-03-05,USC00276856,432.0
2025-03-06,USC00276856,254.0
2025-03-07,USC00276856,229.0
2025-03-08,USC00276856,229.0
2025-03-09,USC00276856,229.0
2025-03-10,USC00276856,254.0
2025-03-11,USC00276856,254.0
2025-03-12,USC00276856,178.0
2025-03-13,USC00276856,178.0
2025-03-14,USC00276856,178.0
2025-03-15,USC00276856,102.0
2025-03-17,USC00276856,0.0
2025-03-18,USC00276856,0.0
2025-03-19,USC00276856,0.0
2025-03-20,USC00276856,0.0
2025-03-21,USC00276856,0.0
2025-03-22,USC00276856,0.0
2025-03-23,USC00276856,0.0
2025-03-24,USC00276856,0.0
2025-03-25,USC00276856,0.0
2025-02-03,USC00278539,203.0
2025-02-04,USC00278539,152.0
2025-02-05,USC00278539,152.0
2025-02-06,USC00278539,127.0
2025-02-07,USC00278539,229.0
2025-02-10,USC00278539,330.0
2025-02-11,USC00278539,330.0
2025-02-12,USC00278539,305.0
2025-02-13,USC00278539,330.0
2025-02-14,USC00278539,305.0
2025-02-18,USC00278539,406.0
2025-02-19,USC00278539,406.0
2025-02-20,USC00278539,381.0
2025-02-21,USC00278539,381.0
2025-02-22,USC00278539,381.0
2025-02-23,USC00278539,381.0
2025-02-24,USC00278539,381.0
2025-02-25,USC00278539,330.0
2025-02-26,USC00278539,305.0
2025-02-28,USC00278539,330.0
2025-03-03,USC00278539,279.0
2025-03-04,USC00278539,279.0
2025-03-05,USC00278539,254.0
2025-03-07,USC00278539,229.0
2025-03-10,USC00278539,203.0
2025-03-11,USC00278539,178.0
2025-03-12,USC00278539,152.0
2025-03-13,USC00278539,127.0
2025-03-14,USC00278539,102.0
2025-03-17,USC00278539,0.0
2025-03-18,USC00278539,0.0
2025-03-19,USC00278539,0.0
2025-03-20,USC00278539,0.0
2025-03-21,USC00278539,0.0
2025-03-22,USC00278539,0.0
2025-03-23,USC00278539,0.0
2025-03-24,USC00278539,0.0
2025-03-25,USC00278539,0.0
2025-02-01,USC00278614,330.0
2025-02-02,USC00278614,305.0
2025-02-03,USC00278614,381.0
2025-02-04,USC00278614,330.0
2025-02-05,USC00278614,330.0
2025-02-06,USC00278614,330.0
2025-02-07,USC00278614,406.0
2025-02-08,USC00278614,381.0
2025-02-09,USC00278614,559.0
2025-02-10,USC00278614,533.0
2025-02-11,USC00278614,483.0
2025-02-12,USC00278614,457.0
2025-02-13,USC00278614,457.0
2025-02-14,USC00278614,457.0
2025-02-15,USC00278614,457.0
2025-02-16,USC00278614,483.0
2025-02-17,USC00278614,559.0
2025-02-18,USC00278614,533.0
2025-02-19,USC00278614,533.0
2025-02-20,USC00278614,508.0
2025-02-21,USC00278614,508.0
2025-02-22,USC00278614,508.0
2025-02-23,USC00278614,508.0
2025-02-24,USC00278614,483.0
2025-02-25,USC00278614,483.0
2025-02-26,USC00278614,483.0
2025-02-27,USC00278614,483.0
2025-02-28,USC00278614,559.0
2025-03-01,USC00278614,584.0
2025-03-02,USC00278614,546.0
2025-03-03,USC00278614,546.0
2025-03-04,USC00278614,533.0
2025-03-05,USC00278614,533.0
2025-03-06,USC00278614,483.0
2025-03-07,USC00278614,432.0
2025-03-08,USC00278614,432.0
2025-03-09,USC00278614,432.0
2025-03-10,USC00278614,445.0
2025-03-11,USC00278614,406.0
2025-03-12,USC00278614,381.0
2025-03-13,USC00278614,381.0
2025-03-14,USC00278614,381.0
2025-03-15,USC00278614,356.0
2025-03-16,USC00278614,305.0
2025-03-17,USC00278614,229.0
2025-03-18,USC00278614,178.0
2025-03-19,USC00278614,178.0
2025-03-20,USC00278614,127.0
2025-03-21,USC00278614,76.0
2025-03-22,USC00278614,51.0
2025-03-23,USC00278614,25.0
2025-03-24,USC00278614,0.0
2025-03-25,USC00278614,140.0
2025-02-04,USC00279091,279.0
2025-02-05,USC00279091,229.0
2025-02-06,USC00279091,229.0
2025-02-07,USC00279091,279.0
2025-02-13,USC00279091,330.0
2025-02-16,USC00279091,330.0
2025-02-17,USC00279091,381.0
2025-02-18,USC00279091,356.0
2025-02-27,USC00279091,254.0
2025-02-28,USC00279091,330.0
2025-03-01,USC00279091,279.0
2025-03-02,USC00279091,279.0
2025-03-03,USC00279091,279.0
2025-03-11,USC00279091,127.0
2025-03-12,USC00279091,76.0
2025-03-19,USC00279091,0.0
2025-02-01,USC00279278,152.0
2025-02-02,USC00279278,152.0
2025-02-03,USC00279278,203.0
2025-02-04,USC00279278,178.0
2025-02-05,USC00279278,178.0
2025-02-06,USC00279278,178.0
2025-02-07,USC00279278,229.0
2025-02-08,USC00279278,229.0
2025-02-09,USC00279278,406.0
2025-02-10,USC00279278,356.0
2025-02-11,USC00279278,330.0
2025-02-12,USC00279278,305.0
2025-02-13,USC00279278,356.0
2025-02-14,USC00279278,305.0
2025-02-15,USC00279278,279.0
2025-02-16,USC00279278,432.0
2025-02-17,USC00279278,483.0
2025-02-18,USC00279278,457.0
2025-02-19,USC00279278,457.0
2025-02-20,USC00279278,457.0
2025-02-21,USC00279278,432.0
2025-02-22,USC00279278,432.0
2025-02-23,USC00279278,406.0
2025-02-24,USC00279278,406.0
2025-02-25,USC00279278,381.0
2025-02-26,USC00279278,330.0
2025-02-27,USC00279278,305.0
2025-02-28,USC00279278,305.0
2025-03-01,USC00279278,279.0
2025-03-02,USC00279278,229.0
2025-03-03,USC00279278,229.0
2025-03-04,USC00279278,203.0
2025-03-06,USC00279278,127.0
2025-03-07,USC00279278,76.0
2025-03-08,USC00279278,76.0
2025-03-09,USC00279278,51.0
2025-03-10,USC00279278,25.0
2025-03-11,USC00279278,0.0
2025-03-12,USC00279278,0.0
2025-03-13,USC00279278,0.0
2025-03-14,USC00279278,0.0
2025-03-15,USC00279278,0.0
2025-03-16,USC00279278,0.0
2025-03-17,USC00279278,0.0
2025-03-18,USC00279278,0.0
2025-03-19,USC00279278,0.0
2025-03-20,USC00279278,0.0
2025-03-21,USC00279278,0.0
2025-03-22,USC00279278,0.0
2025-03-23,USC00279278,0.0
2025-03-24,USC00279278,0.0
2025-03-25,USC00279278,0.0
2025-02-01,USC00279970,635.0
2025-02-02,USC00279970,635.0
2025-02-04,USC00279970,711.0
2025-02-05,USC00279970,737.0
2025-02-06,USC00279970,737.0
2025-02-07,USC00279970,762.0
2025-02-08,USC00279970,737.0
2025-02-09,USC00279970,864.0
2025-02-10,USC00279970,864.0
2025-02-11,USC00279970,838.0
2025-02-13,USC00279970,813.0
2025-02-14,USC00279970,864.0
2025-02-15,USC00279970,813.0
2025-02-16,USC00279970,889.0
2025-02-17,USC00279970,914.0
2025-02-18,USC00279970,914.0
2025-02-19,USC00279970,914.0
2025-02-20,USC00279970,889.0
2025-02-21,USC00279970,914.0
2025-02-23,USC00279970,914.0
2025-02-24,USC00279970,940.0
2025-02-25,USC00279970,914.0
2025-02-26,USC00279970,889.0
2025-02-27,USC00279970,889.0
2025-03-02,USC00279970,1067.0
2025-03-03,USC00279970,1016.0
2025-03-04,USC00279970,1016.0
2025-03-05,USC00279970,965.0
2025-03-07,USC00279970,787.0
2025-03-08,USC00279970,254.0
2025-03-09,USC00279970,813.0
2025-03-10,USC00279970,838.0
2025-03-11,USC00279970,813.0
2025-03-12,USC00279970,762.0
2025-03-15,USC00279970,762.0
2025-03-16,USC00279970,711.0
2025-03-17,USC00279970,660.0
2025-03-18,USC00279970,610.0
2025-03-19,USC00279970,508.0
2025-03-20,USC00279970,508.0
2025-03-21,USC00279970,406.0
2025-03-22,USC00279970,483.0
2025-03-23,USC00279970,508.0
2025-03-24,USC00279970,508.0
2025-03-25,USC00279970,533.0
2025-02-01,USW00014710,80.0
2025-02-02,USW00014710,80.0
2025-02-03,USW00014710,100.0
2025-02-04,USW00014710,30.0
2025-02-05,USW00014710,30.0
2025-02-06,USW00014710,80.0
2025-02-07,USW00014710,80.0
2025-02-08,USW00014710,80.0
2025-02-09,USW00014710,230.0
2025-02-10,USW00014710,200.0
2025-02-11,USW00014710,180.0
2025-02-12,USW00014710,180.0
2025-02-13,USW00014710,180.0
2025-02-14,USW00014710,180.0
2025-02-15,USW00014710,180.0
2025-02-16,USW00014710,280.0
2025-02-17,USW00014710,360.0
2025-02-18,USW00014710,300.0
2025-02-19,USW00014710,300.0
2025-02-20,USW00014710,300.0
2025-02-21,USW00014710,300.0
2025-02-22,USW00014710,300.0
2025-02-23,USW00014710,280.0
2025-02-24,USW00014710,250.0
2025-02-25,USW00014710,230.0
2025-02-26,USW00014710,180.0
2025-02-27,USW00014710,150.0
2025-02-28,USW00014710,130.0
2025-03-01,USW00014710,100.0
2025-03-02,USW00014710,80.0
2025-03-03,USW00014710,80.0
2025-03-04,USW00014710,80.0
2025-03-05,USW00014710,50.0
2025-03-06,USW00014710,0.0
2025-03-07,USW00014710,0.0
2025-03-08,USW00014710,0.0
2025-03-09,USW00014710,0.0
2025-03-10,USW00014710,0.0
2025-03-11,USW00014710,0.0
2025-03-12,USW00014710,0.0
2025-03-13,USW00014710,0.0
2025-03-14,USW00014710,0.0
2025-03-15,USW00014710,0.0
2025-03-16,USW00014710,0.0
2025-03-17,USW00014710,0.0
2025-03-18,USW00014710,0.0
2025-03-19,USW00014710,0.0
2025-03-20,USW00014710,0.0
2025-03-21,USW00014710,0.0
2025-03-22,USW00014710,0.0
2025-03-23,USW00014710,0.0
2025-03-24,USW00014710,0.0
2025-02-01,USW00014745,150.0
2025-02-02,USW00014745,150.0
2025-02-03,USW00014745,180.0
2025-02-04,USW00014745,130.0
2025-02-05,USW00014745,100.0
2025-02-06,USW00014745,180.0
2025-02-07,USW00014745,180.0
2025-02-08,USW00014745,180.0
2025-02-09,USW00014745,330.0
2025-02-10,USW00014745,250.0
2025-02-11,USW00014745,250.0
2025-02-12,USW00014745,250.0
2025-02-13,USW00014745,250.0
2025-02-14,USW00014745,250.0
2025-02-15,USW00014745,250.0
2025-02-16,USW00014745,300.0
2025-02-17,USW00014745,430.0
2025-02-18,USW00014745,360.0
2025-02-19,USW00014745,360.0
2025-02-20,USW00014745,330.0
2025-02-21,USW00014745,330.0
2025-02-22,USW00014745,330.0
2025-02-23,USW00014745,330.0
2025-02-24,USW00014745,300.0
2025-02-25,USW00014745,250.0
2025-02-26,USW00014745,250.0
2025-02-27,USW00014745,200.0
2025-02-28,USW00014745,200.0
2025-03-01,USW00014745,200.0
2025-03-02,USW00014745,180.0
2025-03-03,USW00014745,180.0
2025-03-04,USW00014745,180.0
2025-03-05,USW00014745,150.0
2025-03-06,USW00014745,130.0
2025-03-07,USW00014745,80.0
2025-03-08,USW00014745,80.0
2025-03-09,USW00014745,50.0
2025-03-10,USW00014745,30.0
2025-03-11,USW00014745,0.0
2025-03-12,USW00014745,0.0
2025-03-13,USW00014745,0.0
2025-03-14,USW00014745,0.0
2025-03-15,USW00014745,0.0
2025-03-16,USW00014745,0.0
2025-03-17,USW00014745,0.0
2025-03-18,USW00014745,0.0
2025-03-20,USW00014745,0.0
2025-03-21,USW00014745,0.0
2025-03-22,USW00014745,0.0
2025-03-23,USW00014745,0.0
2025-03-24,USW00014745,0.0
2025-02-01,USW00014755,178.0
2025-02-02,USW00014755,152.0
2025-02-03,USW00014755,178.0
2025-02-04,USW00014755,203.0
2025-02-05,USW00014755,178.0
2025-02-06,USW00014755,178.0
2025-02-07,USW00014755,178.0
2025-02-08,USW00014755,203.0
2025-02-09,USW00014755,330.0
2025-02-10,USW00014755,356.0
2025-02-11,USW00014755,330.0
2025-02-12,USW00014755,356.0
2025-02-13,USW00014755,305.0
2025-02-14,USW00014755,279.0
2025-02-16,USW00014755,279.0
2025-02-17,USW00014755,330.0
2025-02-18,USW00014755,229.0
2025-02-19,USW00014755,229.0
2025-02-20,USW00014755,229.0
2025-02-21,USW00014755,229.0
2025-02-25,USW00014755,203.0
2025-02-26,USW00014755,279.0
2025-02-27,USW00014755,279.0
2025-02-28,USW00014755,279.0
2025-03-01,USW00014755,305.0
2025-03-02,USW00014755,305.0
2025-03-03,USW00014755,305.0
2025-03-04,USW00014755,305.0
2025-03-05,USW00014755,330.0
2025-03-07,USW00014755,279.0
2025-03-08,USW00014755,254.0
2025-03-09,USW00014755,229.0
2025-03-10,USW00014755,254.0
2025-03-11,USW00014755,254.0
2025-03-12,USW00014755,254.0
2025-03-13,USW00014755,254.0
2025-03-14,USW00014755,254.0
2025-03-15,USW00014755,254.0
2025-03-16,USW00014755,229.0
2025-03-17,USW00014755,102.0
2025-03-18,USW00014755,76.0
2025-03-19,USW00014755,76.0
2025-03-20,USW00014755,76.0
2025-03-21,USW00014755,102.0
2025-03-22,USW00014755,102.0
2025-03-23,USW00014755,127.0
2025-03-24,USW00014755,102.0
2025-03-25,USW00014755,102.0
