DATE,ID,TMAX
2025-02-01,USC00270690,17.0
2025-02-02,USC00270690,-100.0
2025-02-03,USC00270690,-56.0
2025-02-04,USC00270690,28.0
2025-02-05,USC00270690,-39.0
2025-02-06,USC00270690,-106.0
2025-02-07,USC00270690,0.0
2025-02-08,USC00270690,-22.0
2025-02-09,USC00270690,-39.0
2025-02-10,USC00270690,-39.0
2025-02-11,USC00270690,-50.0
2025-02-12,USC00270690,-28.0
2025-02-13,USC00270690,-28.0
2025-02-14,USC00270690,11.0
2025-02-15,USC00270690,17.0
2025-02-16,USC00270690,-44.0
2025-02-17,USC00270690,-56.0
2025-02-18,USC00270690,-94.0
2025-02-19,USC00270690,-111.0
2025-02-20,USC00270690,-67.0
2025-02-21,USC00270690,-28.0
2025-02-22,USC00270690,-78.0
2025-02-23,USC00270690,-17.0
2025-02-24,USC00270690,-22.0
2025-02-25,USC00270690,44.0
2025-02-26,USC00270690,100.0
2025-02-27,USC00270690,33.0
2025-02-28,USC00270690,56.0
2025-03-01,USC00270690,17.0
2025-03-02,USC00270690,50.0
2025-03-03,USC00270690,-106.0
2025-03-04,USC00270690,-56.0
2025-03-05,USC00270690,56.0
2025-03-06,USC00270690,89.0
2025-03-07,USC00270690,106.0
2025-03-08,USC00270690,0.0
2025-03-09,USC00270690,-28.0
2025-03-10,USC00270690,6.0
2025-03-11,USC00270690,50.0
2025-03-12,USC00270690,150.0
2025-03-13,USC00270690,6.0
2025-03-14,USC00270690,39.0
2025-03-15,USC00270690,144.0
2025-03-16,USC00270690,178.0
2025-03-17,USC00270690,178.0
2025-03-18,USC00270690,83.0
2025-03-19,USC00270690,100.0
2025-03-20,USC00270690,156.0
2025-03-21,USC00270690,167.0
2025-03-22,USC00270690,33.0
2025-03-23,USC00270690,122.0
2025-03-24,USC00270690,-33.0
2025-03-25,USC00270690,11.0
2025-02-01,USC00270913,0.0
2025-02-02,USC00270913,-78.0
2025-02-08,USC00270913,-28.0
2025-02-09,USC00270913,-17.0
2025-02-10,USC00270913,-33.0
2025-02-01,USC00271190,-11.0
2025-02-02,USC00271190,-117.0
2025-02-04,USC00271190,6.0
2025-02-05,USC00271190,-72.0
2025-02-06,USC00271190,-150.0
2025-02-07,USC00271190,-50.0
2025-02-08,USC00271190,-72.0
2025-02-09,USC00271190,-100.0
2025-02-10,USC00271190,-83.0
2025-02-11,USC00271190,-83.0
2025-02-13,USC00271190,-72.0
2025-02-14,USC00271190,-28.0
2025-02-15,USC00271190,-67.0
2025-02-16,USC00271190,-28.0
2025-02-17,USC00271190,-106.0
2025-02-18,USC00271190,-139.0
2025-02-19,USC00271190,-172.0
2025-02-20,USC00271190,-94.0
2025-02-21,USC00271190,-61.0
2025-02-23,USC00271190,-67.0
2025-02-24,USC00271190,-61.0
2025-02-25,USC00271190,-17.0
2025-02-26,USC00271190,44.0
2025-02-27,USC00271190,11.0
2025-03-02,USC00271190,11.0
2025-03-03,USC00271190,-122.0
2025-03-04,USC00271190,-94.0
2025-03-05,USC00271190,-6.0
2025-03-07,USC00271190,50.0
2025-03-08,USC00271190,-100.0
2025-03-09,USC00271190,-100.0
2025-03-10,USC00271190,-39.0
2025-03-11,USC00271190,-6.0
2025-03-12,USC00271190,61.0
2025-03-15,USC00271190,72.0
2025-03-16,USC00271190,94.0
2025-03-17,USC00271190,94.0
2025-03-18,USC00271190,44.0
2025-03-19,USC00271190,22.0
2025-03-20,USC00271190,89.0
2025-03-21,USC00271190,89.0
2025-03-22,USC00271190,-6.0
2025-03-23,USC00271190,67.0
2025-03-24,USC00271190,-67.0
2025-03-25,USC00271190,-22.0
2025-02-01,USC00271647,0.0
2025-02-02,USC00271647,-111.0
2025-02-03,USC00271647,-72.0
2025-02-04,USC00271647,-6.0
2025-02-05,USC00271647,-67.0
2025-02-06,USC00271647,-117.0
2025-02-07,USC00271647,-22.0
2025-02-08,USC00271647,-33.0
2025-02-09,USC00271647,-44.0
2025-02-10,USC00271647,-33.0
2025-02-13,USC00271647,-28.0
2025-02-14,USC00271647,-6.0
2025-02-15,USC00271647,-6.0
2025-02-16,USC00271647,-56.0
2025-02-17,USC00271647,-56.0
2025-02-18,USC00271647,-111.0
2025-02-19,USC00271647,-128.0
2025-02-20,USC00271647,-78.0
2025-02-21,USC00271647,-50.0
2025-02-22,USC00271647,-94.0
2025-02-23,USC00271647,-17.0
2025-02-24,USC00271647,-39.0
2025-02-25,USC00271647,33.0
2025-02-26,USC00271647,78.0
2025-02-27,USC00271647,22.0
2025-03-01,USC00271647,6.0
2025-03-02,USC00271647,44.0
2025-03-03,USC00271647,-122.0
2025-03-04,USC00271647,-61.0
2025-03-05,USC00271647,33.0
2025-03-06,USC00271647,67.0
2025-03-08,USC00271647,-17.0
2025-03-09,USC00271647,-17.0
2025-03-10,USC00271647,-17.0
2025-03-11,USC00271647,28.0
2025-03-12,USC00271647,139.0
2025-03-13,USC00271647,-17.0
2025-03-14,USC00271647,56.0
2025-03-15,USC00271647,122.0
2025-03-16,USC00271647,172.0
2025-03-17,USC00271647,167.0
2025-03-18,USC00271647,72.0
2025-03-19,USC00271647,106.0
2025-03-20,USC00271647,189.0
2025-03-21,USC00271647,183.0
2025-03-22,USC00271647,22.0
2025-03-23,USC00271647,111.0
2025-03-24,USC00271647,-22.0
2025-02-01,USC00271800,0.0
2025-02-02,USC00271800,-100.0
2025-02-03,USC00271800,-67.0
2025-02-04,USC00271800,17.0
2025-02-05,USC00271800,-72.0
2025-02-06,USC00271800,-128.0
2025-02-07,USC00271800,-17.0
2025-02-08,USC00271800,-11.0
2025-02-09,USC00271800,-50.0
2025-02-10,USC00271800,-50.0
2025-02-11,USC00271800,-83.0
2025-02-12,USC00271800,-39.0
2025-02-13,USC00271800,-39.0
2025-02-14,USC00271800,0.0
2025-02-15,USC00271800,-94.0
2025-02-16,USC00271800,-56.0
2025-02-17,USC00271800,-50.0
2025-02-18,USC00271800,-106.0
2025-02-19,USC00271800,-122.0
2025-02-20,USC00271800,-89.0
2025-02-21,USC00271800,-44.0
2025-02-22,USC00271800,-94.0
2025-02-23,USC00271800,-39.0
2025-02-24,USC00271800,-44.0
2025-02-25,USC00271800,33.0
2025-02-26,USC00271800,78.0
2025-02-27,USC00271800,11.0
2025-02-28,USC00271800,39.0
2025-03-01,USC00271800,-6.0
2025-03-02,USC00271800,44.0
2025-03-03,USC00271800,-133.0
2025-03-04,USC00271800,-72.0
2025-03-06,USC00271800,67.0
2025-03-07,USC00271800,89.0
2025-03-08,USC00271800,-22.0
2025-03-09,USC00271800,-78.0
2025-03-10,USC00271800,0.0
2025-03-11,USC00271800,39.0
2025-03-12,USC00271800,128.0
2025-03-13,USC00271800,28.0
2025-03-14,USC00271800,128.0
2025-03-15,USC00271800,122.0
2025-03-16,USC00271800,161.0
2025-03-17,USC00271800,156.0
2025-03-18,USC00271800,72.0
2025-03-19,USC00271800,94.0
2025-03-20,USC00271800,128.0
2025-03-21,USC00271800,128.0
2025-03-22,USC00271800,6.0
2025-03-23,USC00271800,100.0
2025-03-24,USC00271800,-22.0
2025-03-25,USC00271800,0.0
2025-02-01,USC00272302,17.0
2025-02-02,USC00272302,-39.0
2025-02-03,USC00272302,-39.0
2025-02-04,USC00272302,61.0
2025-02-05,USC00272302,33.0
2025-02-06,USC00272302,33.0
2025-02-07,USC00272302,6.0
2025-02-08,USC00272302,11.0
2025-02-09,USC00272302,6.0
2025-02-10,USC00272302,11.0
2025-02-11,USC00272302,-6.0
2025-02-12,USC00272302,-6.0
2025-02-13,USC00272302,-6.0
2025-02-14,USC00272302,33.0
2025-02-15,USC00272302,-6.0
2025-02-16,USC00272302,-28.0
2025-02-17,USC00272302,-28.0
2025-02-18,USC00272302,-28.0
2025-02-19,USC00272302,-50.0
2025-02-20,USC00272302,-17.0
2025-02-22,USC00272302,-6.0
2025-02-23,USC00272302,28.0
2025-02-24,USC00272302,44.0
2025-02-25,USC00272302,67.0
2025-02-26,USC00272302,106.0
2025-02-27,USC00272302,89.0
2025-02-28,USC00272302,44.0
2025-03-01,USC00272302,61.0
2025-03-02,USC00272302,117.0
2025-03-03,USC00272302,-39.0
2025-03-04,USC00272302,-6.0
2025-03-05,USC00272302,89.0
2025-03-06,USC00272302,117.0
2025-03-07,USC00272302,144.0
2025-03-08,USC00272302,44.0
2025-03-09,USC00272302,28.0
2025-03-10,USC00272302,50.0
2025-03-11,USC00272302,139.0
2025-03-12,USC00272302,178.0
2025-03-13,USC00272302,56.0
2025-03-14,USC00272302,72.0
2025-03-15,USC00272302,139.0
2025-03-16,USC00272302,183.0
2025-03-17,USC00272302,194.0
2025-03-18,USC00272302,133.0
2025-03-19,USC00272302,122.0
2025-03-20,USC00272302,161.0
2025-03-21,USC00272302,150.0
2025-03-22,USC00272302,61.0
2025-03-23,USC00272302,167.0
2025-03-24,USC00272302,167.0
2025-03-25,USC00272302,17.0
2025-02-01,USC00272303,17.0
2025-02-02,USC00272303,-33.0
2025-02-03,USC00272303,-72.0
2025-02-04,USC00272303,11.0
2025-02-05,USC00272303,-11.0
2025-02-06,USC00272303,-78.0
2025-02-07,USC00272303,-17.0
2025-02-08,USC00272303,-11.0
2025-02-09,USC00272303,-17.0
2025-02-10,USC00272303,-11.0
2025-02-11,USC00272303,-28.0
2025-02-12,USC00272303,-11.0
2025-02-13,USC00272303,-28.0
2025-02-14,USC00272303,11.0
2025-02-15,USC00272303,-39.0
2025-02-16,USC00272303,-28.0
2025-02-17,USC00272303,-22.0
2025-02-18,USC00272303,-44.0
2025-02-19,USC00272303,-61.0
2025-02-20,USC00272303,-28.0
2025-02-21,USC00272303,6.0
2025-02-22,USC00272303,-11.0
2025-02-23,USC00272303,6.0
2025-02-24,USC00272303,28.0
2025-02-25,USC00272303,56.0
2025-02-26,USC00272303,89.0
2025-02-27,USC00272303,67.0
2025-02-28,USC00272303,22.0
2025-03-01,USC00272303,22.0
2025-03-02,USC00272303,89.0
2025-03-03,USC00272303,-56.0
2025-03-04,USC00272303,-6.0
2025-03-05,USC00272303,33.0
2025-03-06,USC00272303,33.0
2025-03-07,USC00272303,117.0
2025-03-08,USC00272303,39.0
2025-03-09,USC00272303,0.0
2025-03-10,USC00272303,22.0
2025-03-11,USC00272303,100.0
2025-03-12,USC00272303,156.0
2025-03-13,USC00272303,61.0
2025-03-14,USC00272303,56.0
2025-03-15,USC00272303,122.0
2025-03-16,USC00272303,150.0
2025-03-17,USC00272303,122.0
2025-03-18,USC00272303,83.0
2025-03-19,USC00272303,117.0
2025-03-20,USC00272303,167.0
2025-03-21,USC00272303,78.0
2025-03-22,USC00272303,72.0
2025-03-23,USC00272303,128.0
2025-03-24,USC00272303,28.0
2025-03-25,USC00272303,0.0
2025-02-01,USC00272800,28.0
2025-02-03,USC00272800,-61.0
2025-02-04,USC00272800,44.0
2025-02-05,USC00272800,28.0
2025-02-06,USC00272800,-61.0
2025-02-07,USC00272800,-11.0
2025-02-08,USC00272800,17.0
2025-02-09,USC00272800,6.0
2025-02-10,USC00272800,6.0
2025-02-11,USC00272800,-6.0
2025-02-12,USC00272800,-6.0
2025-02-13,USC00272800,0.0
2025-02-14,USC00272800,28.0
2025-02-15,USC00272800,-6.0
2025-02-16,USC00272800,-17.0
2025-02-17,USC00272800,6.0
2025-02-18,USC00272800,-17.0
2025-02-19,USC00272800,-44.0
2025-02-20,USC00272800,-22.0
2025-02-21,USC00272800,0.0
2025-02-22,USC00272800,-11.0
2025-02-23,USC00272800,22.0
2025-02-24,USC00272800,50.0
2025-02-25,USC00272800,67.0
2025-02-26,USC00272800,122.0
2025-02-27,USC00272800,94.0
2025-02-28,USC00272800,39.0
2025-03-01,USC00272800,61.0
2025-03-02,USC00272800,117.0
2025-03-03,USC00272800,-39.0
2025-03-04,USC00272800,-11.0
2025-03-05,USC00272800,83.0
2025-03-06,USC00272800,117.0
2025-03-07,USC00272800,144.0
2025-03-08,USC00272800,50.0
2025-03-09,USC00272800,28.0
2025-03-10,USC00272800,50.0
2025-03-11,USC00272800,133.0
2025-03-12,USC00272800,183.0
2025-03-14,USC00272800,61.0
2025-03-15,USC00272800,133.0
2025-03-16,USC00272800,172.0
2025-03-17,USC00272800,200.0
2025-03-18,USC00272800,139.0
2025-03-19,USC00272800,122.0
2025-03-20,USC00272800,150.0
2025-03-21,USC00272800,100.0
2025-03-23,USC00272800,167.0
2025-03-24,USC00272800,44.0
2025-03-25,USC00272800,22.0
2025-02-01,USC00272846,11.0
2025-02-02,USC00272846,-111.0
2025-02-03,USC00272846,-89.0
2025-02-04,USC00272846,6.0
2025-02-05,USC00272846,-67.0
2025-02-06,USC00272846,-128.0
2025-02-07,USC00272846,-11.0
2025-02-08,USC00272846,-22.0
2025-02-09,USC00272846,-56.0
2025-02-10,USC00272846,-28.0
2025-02-11,USC00272846,-72.0
2025-02-12,USC00272846,-44.0
2025-02-13,USC00272846,-28.0
2025-02-14,USC00272846,-17.0
2025-02-15,USC00272846,-94.0
2025-02-16,USC00272846,-50.0
2025-02-17,USC00272846,-67.0
2025-02-18,USC00272846,-117.0
2025-02-19,USC00272846,-133.0
2025-02-20,USC00272846,-83.0
2025-02-21,USC00272846,-44.0
2025-02-22,USC00272846,-89.0
2025-02-23,USC00272846,-28.0
2025-02-24,USC00272846,-33.0
2025-02-25,USC00272846,22.0
2025-02-26,USC00272846,100.0
2025-02-27,USC00272846,17.0
2025-02-28,USC00272846,22.0
2025-03-01,USC00272846,6.0
2025-03-02,USC00272846,28.0
2025-03-03,USC00272846,-133.0
2025-03-04,USC00272846,-78.0
2025-03-05,USC00272846,33.0
2025-03-06,USC00272846,33.0
2025-03-07,USC00272846,89.0
2025-03-08,USC00272846,-28.0
2025-03-09,USC00272846,-56.0
2025-03-10,USC00272846,-11.0
2025-03-11,USC00272846,11.0
2025-03-12,USC00272846,150.0
2025-03-13,USC00272846,-22.0
2025-03-14,USC00272846,44.0
2025-03-15,USC00272846,133.0
2025-03-16,USC00272846,189.0
2025-03-17,USC00272846,189.0
2025-03-18,USC00272846,61.0
2025-03-19,USC00272846,100.0
2025-03-20,USC00272846,156.0
2025-03-21,USC00272846,167.0
2025-03-22,USC00272846,22.0
2025-03-23,USC00272846,111.0
2025-03-24,USC00272846,-33.0
2025-03-25,USC00272846,-28.0
2025-02-01,USC00272999,-11.0
2025-02-02,USC00272999,-128.0
2025-02-03,USC00272999,-78.0
2025-02-04,USC00272999,0.0
2025-02-05,USC00272999,-83.0
2025-02-06,USC00272999,-139.0
2025-02-07,USC00272999,-33.0
2025-02-08,USC00272999,-44.0
2025-02-09,USC00272999,-56.0
2025-02-10,USC00272999,-39.0
2025-02-11,USC00272999,-67.0
2025-02-12,USC00272999,-50.0
2025-02-13,USC00272999,-50.0
2025-02-14,USC00272999,-17.0
2025-02-15,USC00272999,-94.0
2025-02-16,USC00272999,-61.0
2025-02-17,USC00272999,-78.0
2025-02-18,USC00272999,-133.0
2025-02-19,USC00272999,-144.0
2025-02-20,USC00272999,-100.0
2025-02-21,USC00272999,-56.0
2025-02-22,USC00272999,-94.0
2025-02-23,USC00272999,-39.0
2025-02-24,USC00272999,-39.0
2025-02-25,USC00272999,22.0
2025-02-26,USC00272999,83.0
2025-02-27,USC00272999,0.0
2025-02-28,USC00272999,6.0
2025-03-01,USC00272999,-28.0
2025-03-02,USC00272999,33.0
2025-03-03,USC00272999,-150.0
2025-03-04,USC00272999,-89.0
2025-03-05,USC00272999,28.0
2025-03-06,USC00272999,72.0
2025-03-07,USC00272999,72.0
2025-03-08,USC00272999,-50.0
2025-03-09,USC00272999,-78.0
2025-03-10,USC00272999,-33.0
2025-03-11,USC00272999,6.0
2025-03-12,USC00272999,139.0
2025-03-13,USC00272999,-28.0
2025-03-14,USC00272999,44.0
2025-03-15,USC00272999,128.0
2025-03-16,USC00272999,178.0
2025-03-17,USC00272999,167.0
2025-03-18,USC00272999,56.0
2025-03-19,USC00272999,83.0
2025-03-20,USC00272999,156.0
2025-03-21,USC00272999,172.0
2025-03-22,USC00272999,0.0
2025-03-23,USC00272999,106.0
2025-03-24,USC00272999,-39.0
2025-03-25,USC00272999,-11.0
2025-02-01,USC00273182,-17.0
2025-02-02,USC00273182,-56.0
2025-02-03,USC00273182,-67.0
2025-02-04,USC00273182,17.0
2025-02-05,USC00273182,-11.0
2025-02-06,USC00273182,-78.0
2025-02-07,USC00273182,-56.0
2025-02-08,USC00273182,6.0
2025-02-09,USC00273182,-11.0
2025-02-10,USC00273182,-17.0
2025-02-11,USC00273182,-28.0
2025-02-12,USC00273182,-11.0
2025-02-13,USC00273182,-33.0
2025-02-14,USC00273182,6.0
2025-02-16,USC00273182,-39.0
2025-02-17,USC00273182,-33.0
2025-02-18,USC00273182,-44.0
2025-02-19,USC00273182,-61.0
2025-02-20,USC00273182,-44.0
2025-02-21,USC00273182,-6.0
2025-02-23,USC00273182,0.0
2025-02-24,USC00273182,28.0
2025-02-25,USC00273182,50.0
2025-02-26,USC00273182,94.0
2025-02-27,USC00273182,72.0
2025-02-28,USC00273182,0.0
2025-03-08,USC00273182,33.0
2025-03-09,USC00273182,0.0
2025-03-10,USC00273182,22.0
2025-03-11,USC00273182,106.0
2025-03-12,USC00273182,150.0
2025-03-13,USC00273182,28.0
2025-03-14,USC00273182,56.0
2025-03-15,USC00273182,117.0
2025-03-16,USC00273182,156.0
2025-03-17,USC00273182,156.0
2025-03-18,USC00273182,89.0
2025-03-19,USC00273182,111.0
2025-03-20,USC00273182,161.0
2025-03-21,USC00273182,89.0
2025-03-22,USC00273182,39.0
2025-03-23,USC00273182,144.0
2025-03-24,USC00273182,28.0
2025-03-25,USC00273182,-6.0
2025-02-01,USC00273488,33.0
2025-02-02,USC00273488,-67.0
2025-02-04,USC00273488,28.0
2025-02-05,USC00273488,-39.0
2025-02-06,USC00273488,-106.0
2025-02-08,USC00273488,-17.0
2025-02-09,USC00273488,-33.0
2025-02-10,USC00273488,-22.0
2025-02-11,USC00273488,-39.0
2025-02-12,USC00273488,-17.0
2025-02-13,USC00273488,-22.0
2025-02-14,USC00273488,17.0
2025-02-15,USC00273488,-67.0
2025-02-16,USC00273488,-22.0
2025-02-17,USC00273488,-67.0
2025-02-18,USC00273488,-83.0
2025-02-19,USC00273488,-100.0
2025-02-20,USC00273488,-61.0
2025-02-21,USC00273488,-11.0
2025-02-22,USC00273488,-61.0
2025-02-23,USC00273488,-11.0
2025-02-24,USC00273488,-17.0
2025-02-25,USC00273488,33.0
2025-02-26,USC00273488,100.0
2025-02-27,USC00273488,50.0
2025-02-28,USC00273488,44.0
2025-03-01,USC00273488,22.0
2025-03-02,USC00273488,39.0
2025-03-03,USC00273488,-100.0
2025-03-04,USC00273488,-50.0
2025-03-05,USC00273488,61.0
2025-03-06,USC00273488,67.0
2025-03-07,USC00273488,117.0
2025-03-08,USC00273488,11.0
2025-03-09,USC00273488,-39.0
2025-03-10,USC00273488,11.0
2025-03-11,USC00273488,67.0
2025-03-12,USC00273488,167.0
2025-03-13,USC00273488,22.0
2025-03-14,USC00273488,50.0
2025-03-15,USC00273488,150.0
2025-03-16,USC00273488,183.0
2025-03-17,USC00273488,194.0
2025-03-18,USC00273488,89.0
2025-03-19,USC00273488,122.0
2025-03-20,USC00273488,156.0
2025-03-21,USC00273488,156.0
2025-03-22,USC00273488,33.0
2025-03-23,USC00273488,128.0
2025-03-24,USC00273488,6.0
2025-03-25,USC00273488,11.0
2025-02-02,USC00273535,-150.0
2025-02-03,USC00273535,-89.0
2025-02-04,USC00273535,-22.0
2025-02-05,USC00273535,-139.0
2025-02-06,USC00273535,-78.0
2025-02-07,USC00273535,-56.0
2025-02-08,USC00273535,-144.0
2025-02-09,USC00273535,-144.0
2025-02-10,USC00273535,-122.0
2025-02-12,USC00273535,-133.0
2025-02-15,USC00273535,-189.0
2025-02-19,USC00273535,-122.0
2025-02-20,USC00273535,-122.0
2025-02-21,USC00273535,-94.0
2025-02-22,USC00273535,-167.0
2025-02-23,USC00273535,-117.0
2025-02-24,USC00273535,-117.0
2025-02-25,USC00273535,-39.0
2025-02-26,USC00273535,-11.0
2025-02-27,USC00273535,-39.0
2025-02-28,USC00273535,-39.0
2025-03-01,USC00273535,-39.0
2025-03-03,USC00273535,-222.0
2025-03-04,USC00273535,-78.0
2025-03-05,USC00273535,-6.0
2025-03-06,USC00273535,50.0
2025-03-07,USC00273535,39.0
2025-03-08,USC00273535,-128.0
2025-03-09,USC00273535,-133.0
2025-03-10,USC00273535,-56.0
2025-03-11,USC00273535,11.0
2025-03-12,USC00273535,33.0
2025-03-13,USC00273535,-56.0
2025-03-14,USC00273535,-33.0
2025-03-16,USC00273535,89.0
2025-03-17,USC00273535,89.0
2025-03-18,USC00273535,44.0
2025-03-22,USC00273535,-33.0
2025-03-23,USC00273535,11.0
2025-03-24,USC00273535,-22.0
2025-02-12,USC00273626,-6.0
2025-02-13,USC00273626,0.0
2025-02-14,USC00273626,33.0
2025-03-05,USC00273626,83.0
2025-03-06,USC00273626,89.0
2025-03-07,USC00273626,139.0
2025-02-01,USC00273658,28.0
2025-02-02,USC00273658,-61.0
2025-02-03,USC00273658,-44.0
2025-02-04,USC00273658,33.0
2025-02-05,USC00273658,11.0
2025-02-06,USC00273658,-72.0
2025-02-07,USC00273658,0.0
2025-02-08,USC00273658,-11.0
2025-02-09,USC00273658,-17.0
2025-02-10,USC00273658,-22.0
2025-02-12,USC00273658,-22.0
2025-02-13,USC00273658,-22.0
2025-02-14,USC00273658,17.0
2025-02-15,USC00273658,-33.0
2025-02-16,USC00273658,-44.0
2025-02-17,USC00273658,-39.0
2025-02-18,USC00273658,-56.0
2025-02-19,USC00273658,-72.0
2025-02-20,USC00273658,-44.0
2025-02-22,USC00273658,-33.0
2025-02-23,USC00273658,0.0
2025-02-24,USC00273658,28.0
2025-02-25,USC00273658,50.0
2025-02-26,USC00273658,94.0
2025-02-27,USC00273658,72.0
2025-02-28,USC00273658,50.0
2025-03-01,USC00273658,56.0
2025-03-02,USC00273658,100.0
2025-03-03,USC00273658,-61.0
2025-03-04,USC00273658,-11.0
2025-03-05,USC00273658,67.0
2025-03-06,USC00273658,94.0
2025-03-07,USC00273658,133.0
2025-03-08,USC00273658,22.0
2025-03-09,USC00273658,6.0
2025-03-11,USC00273658,117.0
2025-03-12,USC00273658,161.0
2025-03-13,USC00273658,44.0
2025-03-14,USC00273658,50.0
2025-03-15,USC00273658,128.0
2025-03-16,USC00273658,172.0
2025-03-18,USC00273658,122.0
2025-03-19,USC00273658,94.0
2025-03-20,USC00273658,150.0
2025-03-21,USC00273658,133.0
2025-03-22,USC00273658,61.0
2025-03-23,USC00273658,89.0
2025-02-11,USC00273825,-6.0
2025-02-12,USC00273825,-33.0
2025-02-13,USC00273825,-6.0
2025-02-14,USC00273825,11.0
2025-02-18,USC00273825,-67.0
2025-02-19,USC00273825,-61.0
2025-02-20,USC00273825,-39.0
2025-02-21,USC00273825,-17.0
2025-03-11,USC00273825,128.0
2025-03-12,USC00273825,156.0
2025-03-13,USC00273825,39.0
2025-03-14,USC00273825,61.0
2025-02-03,USC00273850,33.0
2025-02-04,USC00273850,28.0
2025-02-05,USC00273850,-44.0
2025-02-06,USC00273850,-67.0
2025-02-10,USC00273850,-17.0
2025-02-11,USC00273850,-6.0
2025-02-12,USC00273850,-6.0
2025-02-13,USC00273850,28.0
2025-02-17,USC00273850,-22.0
2025-02-18,USC00273850,-56.0
2025-02-19,USC00273850,-33.0
2025-02-22,USC00273850,11.0
2025-02-23,USC00273850,17.0
2025-02-24,USC00273850,61.0
2025-02-25,USC00273850,78.0
2025-02-26,USC00273850,72.0
2025-02-27,USC00273850,50.0
2025-03-02,USC00273850,22.0
2025-03-03,USC00273850,-22.0
2025-03-04,USC00273850,33.0
2025-03-05,USC00273850,83.0
2025-03-06,USC00273850,111.0
2025-03-07,USC00273850,78.0
2025-03-09,USC00273850,17.0
2025-03-10,USC00273850,122.0
2025-03-11,USC00273850,172.0
2025-03-15,USC00273850,150.0
2025-03-17,USC00273850,172.0
2025-03-18,USC00273850,128.0
2025-03-19,USC00273850,178.0
2025-03-21,USC00273850,117.0
2025-03-09,USC00273856,-100.0
2025-03-17,USC00273856,100.0
2025-02-01,USC00273860,-28.0
2025-02-02,USC00273860,-94.0
2025-02-04,USC00273860,0.0
2025-02-05,USC00273860,-89.0
2025-02-06,USC00273860,-122.0
2025-02-07,USC00273860,-44.0
2025-02-08,USC00273860,-83.0
2025-02-09,USC00273860,-117.0
2025-02-10,USC00273860,-67.0
2025-02-11,USC00273860,-122.0
2025-02-13,USC00273860,-89.0
2025-02-14,USC00273860,-17.0
2025-02-15,USC00273860,-122.0
2025-02-16,USC00273860,-78.0
2025-02-17,USC00273860,-61.0
2025-02-18,USC00273860,-111.0
2025-02-23,USC00273860,-89.0
2025-02-24,USC00273860,-72.0
2025-02-25,USC00273860,-33.0
2025-02-26,USC00273860,-6.0
2025-02-27,USC00273860,-6.0
2025-03-02,USC00273860,-39.0
2025-03-03,USC00273860,-178.0
2025-03-04,USC00273860,-128.0
2025-03-05,USC00273860,22.0
2025-03-06,USC00273860,28.0
2025-03-07,USC00273860,50.0
2025-03-08,USC00273860,-122.0
2025-03-09,USC00273860,-122.0
2025-03-10,USC00273860,-56.0
2025-03-11,USC00273860,-22.0
2025-03-12,USC00273860,100.0
2025-03-15,USC00273860,111.0
2025-03-16,USC00273860,100.0
2025-03-17,USC00273860,89.0
2025-03-18,USC00273860,50.0
2025-03-19,USC00273860,89.0
2025-03-20,USC00273860,122.0
2025-03-22,USC00273860,-11.0
2025-03-23,USC00273860,6.0
2025-03-24,USC00273860,-78.0
2025-03-25,USC00273860,-28.0
2025-02-01,USC00274218,-11.0
2025-02-02,USC00274218,-17.0
2025-02-03,USC00274218,-67.0
2025-02-04,USC00274218,50.0
2025-02-05,USC00274218,11.0
2025-02-06,USC00274218,-56.0
2025-02-07,USC00274218,-72.0
2025-02-08,USC00274218,6.0
2025-02-09,USC00274218,6.0
2025-02-10,USC00274218,-6.0
2025-02-11,USC00274218,-6.0
2025-02-12,USC00274218,-11.0
2025-02-13,USC00274218,-17.0
2025-02-14,USC00274218,17.0
2025-02-15,USC00274218,-17.0
2025-02-16,USC00274218,-28.0
2025-02-17,USC00274218,-33.0
2025-02-18,USC00274218,-39.0
2025-02-19,USC00274218,-50.0
2025-02-20,USC00274218,-28.0
2025-02-21,USC00274218,-6.0
2025-02-22,USC00274218,-22.0
2025-02-23,USC00274218,17.0
2025-02-24,USC00274218,28.0
2025-02-25,USC00274218,67.0
2025-02-26,USC00274218,106.0
2025-02-27,USC00274218,78.0
2025-02-28,USC00274218,22.0
2025-03-01,USC00274218,39.0
2025-03-02,USC00274218,106.0
2025-03-03,USC00274218,-50.0
2025-03-04,USC00274218,-11.0
2025-03-06,USC00274218,106.0
2025-03-07,USC00274218,133.0
2025-03-08,USC00274218,33.0
2025-03-09,USC00274218,11.0
2025-03-10,USC00274218,33.0
2025-03-11,USC00274218,128.0
2025-03-12,USC00274218,172.0
2025-03-13,USC00274218,44.0
2025-03-14,USC00274218,61.0
2025-03-15,USC00274218,183.0
2025-03-16,USC00274218,111.0
2025-03-17,USC00274218,178.0
2025-03-18,USC00274218,122.0
2025-03-19,USC00274218,128.0
2025-03-20,USC00274218,167.0
2025-03-21,USC00274218,89.0
2025-03-22,USC00274218,56.0
2025-03-23,USC00274218,150.0
2025-03-24,USC00274218,50.0
2025-02-01,USC00274234,28.0
2025-02-02,USC00274234,-11.0
2025-02-03,USC00274234,-56.0
2025-02-04,USC00274234,61.0
2025-02-05,USC00274234,39.0
2025-02-06,USC00274234,-39.0
2025-02-07,USC00274234,-22.0
2025-02-08,USC00274234,22.0
2025-02-09,USC00274234,11.0
2025-02-10,USC00274234,0.0
2025-02-11,USC00274234,-6.0
2025-02-12,USC00274234,0.0
2025-02-13,USC00274234,0.0
2025-02-14,USC00274234,28.0
2025-02-15,USC00274234,-6.0
2025-02-16,USC00274234,-28.0
2025-02-17,USC00274234,11.0
2025-02-18,USC00274234,-17.0
2025-02-19,USC00274234,-39.0
2025-02-20,USC00274234,-11.0
2025-02-21,USC00274234,-17.0
2025-02-22,USC00274234,6.0
2025-02-23,USC00274234,28.0
2025-02-24,USC00274234,50.0
2025-02-25,USC00274234,72.0
2025-02-26,USC00274234,106.0
2025-02-27,USC00274234,106.0
2025-02-28,USC00274234,33.0
2025-03-01,USC00274234,67.0
2025-03-02,USC00274234,117.0
2025-03-03,USC00274234,-28.0
2025-03-04,USC00274234,0.0
2025-03-05,USC00274234,89.0
2025-03-06,USC00274234,122.0
2025-03-07,USC00274234,144.0
2025-03-08,USC00274234,44.0
2025-03-09,USC00274234,33.0
2025-03-10,USC00274234,67.0
2025-03-11,USC00274234,144.0
2025-03-12,USC00274234,183.0
2025-03-13,USC00274234,67.0
2025-03-14,USC00274234,78.0
2025-03-15,USC00274234,144.0
2025-03-16,USC00274234,189.0
2025-03-17,USC00274234,206.0
2025-03-18,USC00274234,139.0
2025-03-19,USC00274234,128.0
2025-03-20,USC00274234,167.0
2025-03-21,USC00274234,156.0
2025-03-22,USC00274234,67.0
2025-03-23,USC00274234,172.0
2025-03-24,USC00274234,61.0
2025-03-25,USC00274234,28.0
2025-02-01,USC00274304,39.0
2025-02-02,USC00274304,11.0
2025-02-03,USC00274304,-28.0
2025-02-04,USC00274304,44.0
2025-02-05,USC00274304,28.0
2025-02-06,USC00274304,-50.0
2025-02-07,USC00274304,6.0
2025-02-08,USC00274304,6.0
2025-02-09,USC00274304,6.0
2025-02-10,USC00274304,33.0
2025-02-11,USC00274304,-6.0
2025-02-12,USC00274304,-6.0
2025-02-13,USC00274304,11.0
2025-02-14,USC00274304,39.0
2025-02-15,USC00274304,-22.0
2025-02-16,USC00274304,-6.0
2025-02-17,USC00274304,-17.0
2025-02-18,USC00274304,-44.0
2025-02-19,USC00274304,-56.0
2025-02-20,USC00274304,-33.0
2025-02-21,USC00274304,11.0
2025-02-22,USC00274304,-22.0
2025-02-23,USC00274304,6.0
2025-02-24,USC00274304,39.0
2025-02-25,USC00274304,61.0
2025-02-26,USC00274304,111.0
2025-02-27,USC00274304,78.0
2025-02-28,USC00274304,50.0
2025-03-01,USC00274304,44.0
2025-03-02,USC00274304,106.0
2025-03-03,USC00274304,-50.0
2025-03-04,USC00274304,-22.0
2025-03-05,USC00274304,72.0
2025-03-06,USC00274304,94.0
2025-03-07,USC00274304,128.0
2025-03-08,USC00274304,28.0
2025-03-09,USC00274304,28.0
2025-03-10,USC00274304,44.0
2025-03-11,USC00274304,117.0
2025-03-12,USC00274304,156.0
2025-03-13,USC00274304,67.0
2025-03-14,USC00274304,89.0
2025-03-15,USC00274304,139.0
2025-03-16,USC00274304,167.0
2025-03-17,USC00274304,172.0
2025-03-18,USC00274304,156.0
2025-03-19,USC00274304,122.0
2025-03-20,USC00274304,161.0
2025-03-21,USC00274304,144.0
2025-03-22,USC00274304,89.0
2025-03-23,USC00274304,144.0
2025-03-24,USC00274304,33.0
2025-02-01,USC00274329,11.0
2025-02-02,USC00274329,-78.0
2025-02-03,USC00274329,-67.0
2025-02-04,USC00274329,11.0
2025-02-05,USC00274329,-33.0
2025-02-06,USC00274329,-111.0
2025-02-07,USC00274329,-33.0
2025-02-08,USC00274329,-22.0
2025-02-09,USC00274329,-33.0
2025-02-10,USC00274329,-28.0
2025-02-11,USC00274329,-39.0
2025-02-12,USC00274329,-33.0
2025-02-13,USC00274329,-22.0
2025-02-14,USC00274329,0.0
2025-02-15,USC00274329,-61.0
2025-02-16,USC00274329,-44.0
2025-02-17,USC00274329,-17.0
2025-02-18,USC00274329,-89.0
2025-02-19,USC00274329,-106.0
2025-02-20,USC00274329,-78.0
2025-02-21,USC00274329,-33.0
2025-02-22,USC00274329,-56.0
2025-02-23,USC00274329,-33.0
2025-02-24,USC00274329,-6.0
2025-02-25,USC00274329,33.0
2025-02-26,USC00274329,89.0
2025-02-28,USC00274329,11.0
2025-03-01,USC00274329,0.0
2025-03-02,USC00274329,56.0
2025-03-03,USC00274329,-106.0
2025-03-04,USC00274329,-56.0
2025-03-05,USC00274329,39.0
2025-03-06,USC00274329,67.0
2025-03-07,USC00274329,111.0
2025-03-08,USC00274329,0.0
2025-03-09,USC00274329,-33.0
2025-03-10,USC00274329,-11.0
2025-03-11,USC00274329,56.0
2025-03-12,USC00274329,133.0
2025-03-13,USC00274329,0.0
2025-03-14,USC00274329,44.0
2025-03-15,USC00274329,117.0
2025-03-16,USC00274329,178.0
2025-03-17,USC00274329,189.0
2025-03-18,USC00274329,89.0
2025-03-19,USC00274329,83.0
2025-03-20,USC00274329,178.0
2025-03-21,USC00274329,183.0
2025-03-22,USC00274329,22.0
2025-03-23,USC00274329,100.0
2025-03-24,USC00274329,-11.0
2025-03-25,USC00274329,-11.0
2025-02-01,USC00274399,6.0
2025-02-02,USC00274399,-28.0
2025-02-03,USC00274399,-67.0
2025-02-04,USC00274399,28.0
2025-02-05,USC00274399,17.0
2025-02-06,USC00274399,-61.0
2025-02-07,USC00274399,-17.0
2025-02-08,USC00274399,-6.0
2025-02-09,USC00274399,-11.0
2025-02-10,USC00274399,-11.0
2025-02-11,USC00274399,-17.0
2025-02-12,USC00274399,-11.0
2025-02-13,USC00274399,-11.0
2025-02-14,USC00274399,22.0
2025-02-15,USC00274399,-22.0
2025-02-16,USC00274399,-33.0
2025-02-17,USC00274399,-17.0
2025-02-18,USC00274399,-44.0
2025-02-19,USC00274399,-61.0
2025-02-20,USC00274399,-39.0
2025-02-21,USC00274399,-22.0
2025-02-22,USC00274399,-28.0
2025-02-23,USC00274399,11.0
2025-02-24,USC00274399,28.0
2025-02-25,USC00274399,56.0
2025-02-26,USC00274399,106.0
2025-02-27,USC00274399,78.0
2025-02-28,USC00274399,33.0
2025-03-01,USC00274399,44.0
2025-03-02,USC00274399,100.0
2025-03-03,USC00274399,-44.0
2025-03-04,USC00274399,-6.0
2025-03-05,USC00274399,78.0
2025-03-06,USC00274399,100.0
2025-03-07,USC00274399,111.0
2025-03-08,USC00274399,33.0
2025-03-09,USC00274399,17.0
2025-03-10,USC00274399,33.0
2025-03-11,USC00274399,139.0
2025-03-12,USC00274399,167.0
2025-03-13,USC00274399,50.0
2025-03-14,USC00274399,78.0
2025-03-15,USC00274399,150.0
2025-03-16,USC00274399,144.0
2025-03-17,USC00274399,172.0
2025-03-18,USC00274399,111.0
2025-03-19,USC00274399,139.0
2025-03-20,USC00274399,189.0
2025-03-21,USC00274399,156.0
2025-03-22,USC00274399,67.0
2025-03-23,USC00274399,144.0
2025-03-24,USC00274399,44.0
2025-03-25,USC00274399,11.0
2025-02-01,USC00274480,-11.0
2025-02-02,USC00274480,-17.0
2025-02-03,USC00274480,-17.0
2025-02-04,USC00274480,17.0
2025-02-05,USC00274480,-6.0
2025-02-06,USC00274480,-72.0
2025-02-07,USC00274480,-22.0
2025-02-08,USC00274480,-17.0
2025-02-09,USC00274480,-22.0
2025-02-10,USC00274480,-22.0
2025-02-11,USC00274480,-28.0
2025-02-12,USC00274480,-33.0
2025-02-13,USC00274480,-39.0
2025-02-14,USC00274480,-11.0
2025-02-15,USC00274480,-33.0
2025-02-16,USC00274480,-44.0
2025-02-17,USC00274480,-44.0
2025-02-18,USC00274480,-50.0
2025-02-19,USC00274480,-61.0
2025-02-20,USC00274480,-50.0
2025-02-21,USC00274480,6.0
2025-02-22,USC00274480,0.0
2025-02-23,USC00274480,0.0
2025-02-24,USC00274480,28.0
2025-02-25,USC00274480,50.0
2025-02-26,USC00274480,67.0
2025-02-27,USC00274480,67.0
2025-02-28,USC00274480,67.0
2025-03-02,USC00274480,56.0
2025-03-03,USC00274480,-61.0
2025-03-04,USC00274480,-44.0
2025-03-05,USC00274480,33.0
2025-03-06,USC00274480,72.0
2025-03-07,USC00274480,106.0
2025-03-08,USC00274480,11.0
2025-03-09,USC00274480,0.0
2025-03-10,USC00274480,33.0
2025-03-11,USC00274480,117.0
2025-03-12,USC00274480,150.0
2025-03-13,USC00274480,39.0
2025-03-14,USC00274480,44.0
2025-03-15,USC00274480,106.0
2025-03-16,USC00274480,139.0
2025-03-17,USC00274480,178.0
2025-03-18,USC00274480,144.0
2025-03-19,USC00274480,106.0
2025-03-20,USC00274480,139.0
2025-03-21,USC00274480,144.0
2025-03-22,USC00274480,61.0
2025-03-23,USC00274480,128.0
2025-03-24,USC00274480,22.0
2025-03-25,USC00274480,-11.0
2025-02-01,USC00274734,0.0
2025-02-02,USC00274734,-61.0
2025-02-03,USC00274734,-78.0
2025-02-04,USC00274734,11.0
2025-02-05,USC00274734,-39.0
2025-02-06,USC00274734,-94.0
2025-02-08,USC00274734,-6.0
2025-02-09,USC00274734,-17.0
2025-02-10,USC00274734,-11.0
2025-02-11,USC00274734,-33.0
2025-02-12,USC00274734,-11.0
2025-02-13,USC00274734,-22.0
2025-02-14,USC00274734,28.0
2025-02-15,USC00274734,-44.0
2025-02-16,USC00274734,-22.0
2025-02-17,USC00274734,-22.0
2025-02-18,USC00274734,-56.0
2025-02-19,USC00274734,-78.0
2025-02-20,USC00274734,-50.0
2025-02-21,USC00274734,0.0
2025-02-22,USC00274734,-56.0
2025-02-23,USC00274734,6.0
2025-02-24,USC00274734,-6.0
2025-02-25,USC00274734,39.0
2025-02-26,USC00274734,72.0
2025-02-27,USC00274734,50.0
2025-02-28,USC00274734,28.0
2025-03-01,USC00274734,22.0
2025-03-02,USC00274734,67.0
2025-03-03,USC00274734,-83.0
2025-03-04,USC00274734,-33.0
2025-03-05,USC00274734,33.0
2025-03-06,USC00274734,56.0
2025-03-07,USC00274734,100.0
2025-03-08,USC00274734,22.0
2025-03-09,USC00274734,-33.0
2025-03-10,USC00274734,11.0
2025-03-11,USC00274734,100.0
2025-03-12,USC00274734,161.0
2025-03-13,USC00274734,22.0
2025-03-14,USC00274734,39.0
2025-03-15,USC00274734,133.0
2025-03-16,USC00274734,156.0
2025-03-17,USC00274734,122.0
2025-03-18,USC00274734,78.0
2025-03-19,USC00274734,133.0
2025-03-20,USC00274734,150.0
2025-03-21,USC00274734,89.0
2025-03-22,USC00274734,33.0
2025-03-23,USC00274734,133.0
2025-03-24,USC00274734,11.0
2025-03-25,USC00274734,-6.0
2025-02-01,USC00274810,22.0
2025-02-02,USC00274810,-89.0
2025-02-04,USC00274810,33.0
2025-02-05,USC00274810,-56.0
2025-02-06,USC00274810,-100.0
2025-02-07,USC00274810,-33.0
2025-02-08,USC00274810,-22.0
2025-02-10,USC00274810,-22.0
2025-02-11,USC00274810,-44.0
2025-02-13,USC00274810,0.0
2025-02-14,USC00274810,-56.0
2025-02-15,USC00274810,-72.0
2025-02-16,USC00274810,-22.0
2025-02-17,USC00274810,-33.0
2025-02-18,USC00274810,-78.0
2025-02-19,USC00274810,-89.0
2025-02-20,USC00274810,-67.0
2025-02-21,USC00274810,0.0
2025-02-23,USC00274810,-11.0
2025-02-24,USC00274810,-39.0
2025-02-25,USC00274810,-6.0
2025-02-26,USC00274810,39.0
2025-02-27,USC00274810,17.0
2025-03-02,USC00274810,33.0
2025-03-03,USC00274810,-78.0
2025-03-04,USC00274810,-50.0
2025-03-05,USC00274810,6.0
2025-03-07,USC00274810,56.0
2025-03-08,USC00274810,-89.0
2025-03-09,USC00274810,-44.0
2025-03-10,USC00274810,-6.0
2025-03-11,USC00274810,44.0
2025-03-12,USC00274810,89.0
2025-03-15,USC00274810,100.0
2025-03-16,USC00274810,117.0
2025-03-17,USC00274810,78.0
2025-03-18,USC00274810,50.0
2025-03-19,USC00274810,78.0
2025-03-20,USC00274810,117.0
2025-03-21,USC00274810,44.0
2025-03-22,USC00274810,0.0
2025-03-23,USC00274810,83.0
2025-03-24,USC00274810,6.0
2025-03-25,USC00274810,-11.0
2025-02-04,USC00275013,39.0
2025-02-05,USC00275013,11.0
2025-02-06,USC00275013,-61.0
2025-02-07,USC00275013,0.0
2025-02-10,USC00275013,-11.0
2025-02-11,USC00275013,-33.0
2025-02-12,USC00275013,-17.0
2025-02-13,USC00275013,-28.0
2025-02-14,USC00275013,22.0
2025-02-17,USC00275013,-28.0
2025-02-18,USC00275013,-50.0
2025-02-19,USC00275013,-67.0
2025-02-20,USC00275013,-39.0
2025-02-21,USC00275013,-11.0
2025-02-25,USC00275013,61.0
2025-02-26,USC00275013,106.0
2025-02-27,USC00275013,72.0
2025-02-28,USC00275013,56.0
2025-03-04,USC00275013,-17.0
2025-03-05,USC00275013,67.0
2025-03-06,USC00275013,78.0
2025-03-11,USC00275013,128.0
2025-03-13,USC00275013,39.0
2025-03-14,USC00275013,67.0
2025-03-18,USC00275013,111.0
2025-03-19,USC00275013,122.0
2025-03-20,USC00275013,183.0
2025-03-21,USC00275013,139.0
2025-03-25,USC00275013,0.0
2025-02-01,USC00275211,-17.0
2025-02-02,USC00275211,-56.0
2025-02-03,USC00275211,44.0
2025-02-04,USC00275211,22.0
2025-02-05,USC00275211,-56.0
2025-02-06,USC00275211,-44.0
2025-02-07,USC00275211,11.0
2025-02-08,USC00275211,6.0
2025-02-09,USC00275211,-6.0
2025-02-10,USC00275211,-11.0
2025-02-11,USC00275211,-6.0
2025-02-12,USC00275211,-11.0
2025-02-13,USC00275211,22.0
2025-02-14,USC00275211,-17.0
2025-02-15,USC00275211,-17.0
2025-02-16,USC00275211,-33.0
2025-02-17,USC00275211,-28.0
2025-02-18,USC00275211,-44.0
2025-02-19,USC00275211,-28.0
2025-02-20,USC00275211,-39.0
2025-02-21,USC00275211,-17.0
2025-02-22,USC00275211,22.0
2025-02-23,USC00275211,44.0
2025-02-24,USC00275211,61.0
2025-02-25,USC00275211,100.0
2025-02-26,USC00275211,89.0
2025-02-27,USC00275211,22.0
2025-02-28,USC00275211,56.0
2025-03-01,USC00275211,56.0
2025-03-02,USC00275211,106.0
2025-03-03,USC00275211,-44.0
2025-03-04,USC00275211,-17.0
2025-03-05,USC00275211,78.0
2025-03-08,USC00275211,44.0
2025-03-09,USC00275211,56.0
2025-03-10,USC00275211,133.0
2025-03-11,USC00275211,172.0
2025-03-12,USC00275211,50.0
2025-03-13,USC00275211,44.0
2025-03-14,USC00275211,122.0
2025-03-15,USC00275211,172.0
2025-03-16,USC00275211,194.0
2025-03-19,USC00275211,144.0
2025-03-20,USC00275211,89.0
2025-03-21,USC00275211,56.0
2025-03-22,USC00275211,161.0
2025-03-23,USC00275211,44.0
2025-03-24,USC00275211,17.0
2025-02-01,USC00275703,28.0
2025-02-02,USC00275703,-17.0
2025-02-03,USC00275703,-44.0
2025-02-04,USC00275703,67.0
2025-02-05,USC00275703,33.0
2025-02-06,USC00275703,-50.0
2025-02-07,USC00275703,6.0
2025-02-08,USC00275703,17.0
2025-02-09,USC00275703,11.0
2025-02-10,USC00275703,0.0
2025-02-11,USC00275703,0.0
2025-02-12,USC00275703,6.0
2025-02-13,USC00275703,-11.0
2025-02-14,USC00275703,11.0
2025-02-15,USC00275703,-11.0
2025-02-16,USC00275703,-17.0
2025-02-17,USC00275703,6.0
2025-02-18,USC00275703,-33.0
2025-02-19,USC00275703,-44.0
2025-02-20,USC00275703,-6.0
2025-02-21,USC00275703,-11.0
2025-02-22,USC00275703,0.0
2025-02-23,USC00275703,33.0
2025-02-24,USC00275703,56.0
2025-02-25,USC00275703,78.0
2025-02-26,USC00275703,106.0
2025-02-27,USC00275703,94.0
2025-02-28,USC00275703,22.0
2025-03-01,USC00275703,56.0
2025-03-02,USC00275703,111.0
2025-03-03,USC00275703,-39.0
2025-03-04,USC00275703,-11.0
2025-03-05,USC00275703,89.0
2025-03-06,USC00275703,117.0
2025-03-07,USC00275703,144.0
2025-03-08,USC00275703,44.0
2025-03-09,USC00275703,22.0
2025-03-10,USC00275703,61.0
2025-03-11,USC00275703,144.0
2025-03-12,USC00275703,183.0
2025-03-13,USC00275703,61.0
2025-03-14,USC00275703,83.0
2025-03-15,USC00275703,156.0
2025-03-16,USC00275703,194.0
2025-03-17,USC00275703,194.0
2025-03-18,USC00275703,128.0
2025-03-19,USC00275703,111.0
2025-03-20,USC00275703,167.0
2025-03-21,USC00275703,161.0
2025-03-22,USC00275703,67.0
2025-03-23,USC00275703,167.0
2025-03-24,USC00275703,56.0
2025-03-25,USC00275703,11.0
2025-02-02,USC00275868,-50.0
2025-02-04,USC00275868,39.0
2025-02-05,USC00275868,-6.0
2025-02-06,USC00275868,-72.0
2025-02-09,USC00275868,-17.0
2025-02-10,USC00275868,-22.0
2025-02-11,USC00275868,-33.0
2025-02-12,USC00275868,-17.0
2025-02-13,USC00275868,-22.0
2025-02-16,USC00275868,-44.0
2025-02-17,USC00275868,-39.0
2025-02-20,USC00275868,-44.0
2025-02-24,USC00275868,17.0
2025-03-03,USC00275868,-61.0
2025-03-04,USC00275868,-28.0
2025-03-05,USC00275868,50.0
2025-03-06,USC00275868,94.0
2025-03-09,USC00275868,-6.0
2025-03-10,USC00275868,22.0
2025-03-11,USC00275868,111.0
2025-03-12,USC00275868,161.0
2025-03-13,USC00275868,28.0
2025-03-16,USC00275868,156.0
2025-03-17,USC00275868,167.0
2025-03-22,USC00275868,83.0
2025-03-23,USC00275868,139.0
2025-03-24,USC00275868,28.0
2025-02-01,USC00275995,-17.0
2025-02-02,USC00275995,-50.0
2025-02-03,USC00275995,-72.0
2025-02-04,USC00275995,11.0
2025-02-05,USC00275995,17.0
2025-02-06,USC00275995,-78.0
2025-02-07,USC00275995,-6.0
2025-02-08,USC00275995,6.0
2025-02-09,USC00275995,0.0
2025-02-10,USC00275995,-17.0
2025-02-11,USC00275995,-33.0
2025-02-12,USC00275995,6.0
2025-02-13,USC00275995,-22.0
2025-02-14,USC00275995,17.0
2025-02-15,USC00275995,-44.0
2025-02-16,USC00275995,-22.0
2025-02-17,USC00275995,-44.0
2025-02-18,USC00275995,-44.0
2025-02-19,USC00275995,-78.0
2025-02-20,USC00275995,6.0
2025-02-21,USC00275995,17.0
2025-02-22,USC00275995,-28.0
2025-02-23,USC00275995,17.0
2025-02-24,USC00275995,17.0
2025-02-25,USC00275995,39.0
2025-02-26,USC00275995,100.0
2025-02-27,USC00275995,72.0
2025-02-28,USC00275995,6.0
2025-03-01,USC00275995,11.0
2025-03-02,USC00275995,67.0
2025-03-03,USC00275995,-72.0
2025-03-04,USC00275995,-22.0
2025-03-05,USC00275995,50.0
2025-03-06,USC00275995,28.0
2025-03-07,USC00275995,128.0
2025-03-08,USC00275995,22.0
2025-03-09,USC00275995,-11.0
2025-03-10,USC00275995,28.0
2025-03-11,USC00275995,106.0
2025-03-12,USC00275995,167.0
2025-03-13,USC00275995,72.0
2025-03-14,USC00275995,44.0
2025-03-15,USC00275995,128.0
2025-03-16,USC00275995,172.0
2025-03-17,USC00275995,128.0
2025-03-18,USC00275995,111.0
2025-03-19,USC00275995,111.0
2025-03-20,USC00275995,156.0
2025-03-21,USC00275995,78.0
2025-03-22,USC00275995,50.0
2025-03-23,USC00275995,144.0
2025-03-24,USC00275995,22.0
2025-03-25,USC00275995,-11.0
2025-02-01,USC00276365,6.0
2025-02-02,USC00276365,-83.0
2025-02-03,USC00276365,-83.0
2025-02-04,USC00276365,0.0
2025-02-05,USC00276365,-50.0
2025-02-06,USC00276365,-117.0
2025-02-07,USC00276365,-39.0
2025-02-08,USC00276365,-33.0
2025-02-09,USC00276365,-28.0
2025-02-10,USC00276365,-22.0
2025-02-11,USC00276365,-44.0
2025-02-12,USC00276365,-28.0
2025-02-13,USC00276365,-33.0
2025-02-14,USC00276365,-11.0
2025-02-15,USC00276365,-67.0
2025-02-16,USC00276365,-56.0
2025-02-17,USC00276365,-22.0
2025-02-18,USC00276365,-89.0
2025-02-19,USC00276365,-111.0
2025-02-20,USC00276365,-83.0
2025-02-21,USC00276365,-33.0
2025-02-22,USC00276365,-67.0
2025-02-23,USC00276365,-33.0
2025-02-24,USC00276365,-6.0
2025-02-25,USC00276365,33.0
2025-02-26,USC00276365,83.0
2025-02-27,USC00276365,28.0
2025-02-28,USC00276365,6.0
2025-03-01,USC00276365,6.0
2025-03-02,USC00276365,56.0
2025-03-03,USC00276365,-106.0
2025-03-04,USC00276365,-56.0
2025-03-05,USC00276365,28.0
2025-03-06,USC00276365,100.0
2025-03-07,USC00276365,122.0
2025-03-08,USC00276365,6.0
2025-03-09,USC00276365,-56.0
2025-03-10,USC00276365,-6.0
2025-03-11,USC00276365,50.0
2025-03-12,USC00276365,144.0
2025-03-13,USC00276365,11.0
2025-03-14,USC00276365,56.0
2025-03-15,USC00276365,128.0
2025-03-16,USC00276365,189.0
2025-03-17,USC00276365,178.0
2025-03-18,USC00276365,61.0
2025-03-19,USC00276365,100.0
2025-03-20,USC00276365,189.0
2025-03-21,USC00276365,189.0
2025-03-22,USC00276365,17.0
2025-03-23,USC00276365,117.0
2025-03-24,USC00276365,-6.0
2025-03-25,USC00276365,-6.0
2025-02-04,USC00276550,33.0
2025-02-05,USC00276550,17.0
2025-02-06,USC00276550,-56.0
2025-02-07,USC00276550,-33.0
2025-02-11,USC00276550,-17.0
2025-02-12,USC00276550,-17.0
2025-02-13,USC00276550,-17.0
2025-02-14,USC00276550,22.0
2025-02-15,USC00276550,-44.0
2025-02-16,USC00276550,-22.0
2025-02-17,USC00276550,-17.0
2025-02-18,USC00276550,-39.0
2025-02-19,USC00276550,-61.0
2025-02-20,USC00276550,-39.0
2025-02-21,USC00276550,-28.0
2025-02-25,USC00276550,61.0
2025-02-26,USC00276550,100.0
2025-02-27,USC00276550,83.0
2025-02-28,USC00276550,22.0
2025-03-01,USC00276550,39.0
2025-03-02,USC00276550,100.0
2025-03-03,USC00276550,-50.0
2025-03-04,USC00276550,-11.0
2025-03-05,USC00276550,67.0
2025-03-06,USC00276550,89.0
2025-03-07,USC00276550,106.0
2025-03-08,USC00276550,28.0
2025-03-09,USC00276550,11.0
2025-03-10,USC00276550,28.0
2025-03-11,USC00276550,128.0
2025-03-12,USC00276550,167.0
2025-03-13,USC00276550,44.0
2025-03-14,USC00276550,78.0
2025-03-15,USC00276550,144.0
2025-03-16,USC00276550,150.0
2025-03-17,USC00276550,172.0
2025-03-18,USC00276550,111.0
2025-03-19,USC00276550,128.0
2025-03-20,USC00276550,183.0
2025-03-21,USC00276550,167.0
2025-03-22,USC00276550,56.0
2025-03-23,USC00276550,139.0
2025-03-24,USC00276550,139.0
2025-03-25,USC00276550,11.0
2025-02-01,USC00276818,22.0
2025-02-02,USC00276818,-61.0
2025-02-03,USC00276818,-78.0
2025-02-04,USC00276818,11.0
2025-02-05,USC00276818,-44.0
2025-02-06,USC00276818,-100.0
2025-02-07,USC00276818,-17.0
2025-02-08,USC00276818,-28.0
2025-02-09,USC00276818,-28.0
2025-02-11,USC00276818,-78.0
2025-02-12,USC00276818,-39.0
2025-02-13,USC00276818,-44.0
2025-02-14,USC00276818,6.0
2025-02-15,USC00276818,-106.0
2025-02-16,USC00276818,-50.0
2025-02-17,USC00276818,-44.0
2025-02-18,USC00276818,-117.0
2025-02-20,USC00276818,-56.0
2025-02-21,USC00276818,-33.0
2025-02-22,USC00276818,-61.0
2025-02-23,USC00276818,-17.0
2025-02-24,USC00276818,-11.0
2025-02-25,USC00276818,44.0
2025-02-26,USC00276818,72.0
2025-02-27,USC00276818,39.0
2025-02-28,USC00276818,33.0
2025-03-01,USC00276818,0.0
2025-03-02,USC00276818,50.0
2025-03-03,USC00276818,-94.0
2025-03-04,USC00276818,-50.0
2025-03-05,USC00276818,61.0
2025-03-06,USC00276818,50.0
2025-03-07,USC00276818,128.0
2025-03-08,USC00276818,-22.0
2025-03-09,USC00276818,-72.0
2025-03-10,USC00276818,-6.0
2025-03-11,USC00276818,50.0
2025-03-12,USC00276818,122.0
2025-03-13,USC00276818,0.0
2025-03-14,USC00276818,6.0
2025-03-15,USC00276818,100.0
2025-03-16,USC00276818,133.0
2025-03-17,USC00276818,144.0
2025-03-18,USC00276818,100.0
2025-03-19,USC00276818,94.0
2025-03-20,USC00276818,128.0
2025-03-21,USC00276818,128.0
2025-03-22,USC00276818,17.0
2025-03-23,USC00276818,106.0
2025-03-24,USC00276818,-22.0
2025-03-25,USC00276818,11.0
2025-02-02,USC00276856,-133.0
2025-02-05,USC00276856,-78.0
2025-02-06,USC00276856,-133.0
2025-02-07,USC00276856,-22.0
2025-02-09,USC00276856,-61.0
2025-02-10,USC00276856,-44.0
2025-02-11,USC00276856,-78.0
2025-02-13,USC00276856,-50.0
2025-02-14,USC00276856,-6.0
2025-02-15,USC00276856,-94.0
2025-02-16,USC00276856,-67.0
2025-02-17,USC00276856,-67.0
2025-02-18,USC00276856,-111.0
2025-02-20,USC00276856,-106.0
2025-02-21,USC00276856,-67.0
2025-02-23,USC00276856,-39.0
2025-02-24,USC00276856,-39.0
2025-02-27,USC00276856,0.0
2025-02-28,USC00276856,17.0
2025-03-01,USC00276856,-33.0
2025-03-02,USC00276856,11.0
2025-03-03,USC00276856,-144.0
2025-03-04,USC00276856,-78.0
2025-03-05,USC00276856,28.0
2025-03-06,USC00276856,67.0
2025-03-07,USC00276856,50.0
2025-03-08,USC00276856,-39.0
2025-03-09,USC00276856,-61.0
2025-03-10,USC00276856,-28.0
2025-03-11,USC00276856,-6.0
2025-03-12,USC00276856,128.0
2025-03-13,USC00276856,-33.0
2025-03-14,USC00276856,50.0
2025-03-16,USC00276856,172.0
2025-03-17,USC00276856,161.0
2025-03-19,USC00276856,78.0
2025-03-20,USC00276856,167.0
2025-03-21,USC00276856,183.0
2025-03-22,USC00276856,11.0
2025-03-23,USC00276856,106.0
2025-03-24,USC00276856,106.0
2025-03-25,USC00276856,-11.0
2025-02-01,USC00277833,0.0
2025-02-02,USC00277833,-39.0
2025-02-03,USC00277833,-72.0
2025-02-04,USC00277833,28.0
2025-02-05,USC00277833,0.0
2025-02-06,USC00277833,-72.0
2025-02-07,USC00277833,-17.0
2025-02-08,USC00277833,0.0
2025-02-09,USC00277833,-6.0
2025-02-10,USC00277833,-17.0
2025-02-11,USC00277833,-28.0
2025-02-12,USC00277833,-6.0
2025-02-13,USC00277833,-33.0
2025-02-14,USC00277833,17.0
2025-02-15,USC00277833,-22.0
2025-02-16,USC00277833,-39.0
2025-02-17,USC00277833,-28.0
2025-02-18,USC00277833,-39.0
2025-02-19,USC00277833,-61.0
2025-02-20,USC00277833,-44.0
2025-02-21,USC00277833,0.0
2025-02-22,USC00277833,-33.0
2025-02-23,USC00277833,6.0
2025-02-24,USC00277833,28.0
2025-02-25,USC00277833,61.0
2025-02-26,USC00277833,94.0
2025-02-27,USC00277833,78.0
2025-02-28,USC00277833,22.0
2025-03-01,USC00277833,44.0
2025-03-02,USC00277833,83.0
2025-03-03,USC00277833,-56.0
2025-03-04,USC00277833,-33.0
2025-03-05,USC00277833,61.0
2025-03-06,USC00277833,78.0
2025-03-07,USC00277833,133.0
2025-03-08,USC00277833,33.0
2025-03-09,USC00277833,11.0
2025-03-10,USC00277833,39.0
2025-03-11,USC00277833,111.0
2025-03-12,USC00277833,161.0
2025-03-13,USC00277833,33.0
2025-03-14,USC00277833,50.0
2025-03-15,USC00277833,122.0
2025-03-16,USC00277833,167.0
2025-03-17,USC00277833,156.0
2025-03-18,USC00277833,106.0
2025-03-19,USC00277833,106.0
2025-03-20,USC00277833,156.0
2025-03-21,USC00277833,83.0
2025-03-22,USC00277833,39.0
2025-03-23,USC00277833,150.0
2025-03-24,USC00277833,22.0
2025-03-25,USC00277833,-6.0
2025-02-04,USC00278539,28.0
2025-02-05,USC00278539,17.0
2025-02-06,USC00278539,17.0
2025-02-07,USC00278539,-33.0
2025-02-11,USC00278539,-17.0
2025-02-12,USC00278539,-11.0
2025-02-13,USC00278539,-11.0
2025-02-14,USC00278539,17.0
2025-02-19,USC00278539,-39.0
2025-02-20,USC00278539,-39.0
2025-02-21,USC00278539,-33.0
2025-02-25,USC00278539,61.0
2025-02-26,USC00278539,89.0
2025-02-28,USC00278539,33.0
2025-03-04,USC00278539,-17.0
2025-03-05,USC00278539,56.0
2025-03-11,USC00278539,117.0
2025-03-12,USC00278539,167.0
2025-03-14,USC00278539,78.0
2025-03-18,USC00278539,106.0
2025-03-19,USC00278539,122.0
2025-03-20,USC00278539,189.0
2025-03-21,USC00278539,128.0
2025-03-25,USC00278539,11.0
2025-02-01,USC00278614,6.0
2025-02-02,USC00278614,-39.0
2025-02-03,USC00278614,-72.0
2025-02-04,USC00278614,11.0
2025-02-05,USC00278614,6.0
2025-02-06,USC00278614,-67.0
2025-02-07,USC00278614,-28.0
2025-02-08,USC00278614,0.0
2025-02-09,USC00278614,-11.0
2025-02-10,USC00278614,-28.0
2025-02-11,USC00278614,-28.0
2025-02-12,USC00278614,0.0
2025-02-13,USC00278614,-33.0
2025-02-14,USC00278614,17.0
2025-02-15,USC00278614,-39.0
2025-02-16,USC00278614,-22.0
2025-02-17,USC00278614,-22.0
2025-02-18,USC00278614,-39.0
2025-02-19,USC00278614,-67.0
2025-02-20,USC00278614,-28.0
2025-02-21,USC00278614,11.0
2025-02-22,USC00278614,-11.0
2025-02-23,USC00278614,-6.0
2025-02-24,USC00278614,28.0
2025-02-25,USC00278614,44.0
2025-02-26,USC00278614,44.0
2025-02-27,USC00278614,89.0
2025-02-28,USC00278614,22.0
2025-03-01,USC00278614,39.0
2025-03-02,USC00278614,61.0
2025-03-03,USC00278614,-56.0
2025-03-04,USC00278614,-17.0
2025-03-05,USC00278614,44.0
2025-03-06,USC00278614,50.0
2025-03-07,USC00278614,133.0
2025-03-08,USC00278614,28.0
2025-03-09,USC00278614,6.0
2025-03-10,USC00278614,22.0
2025-03-11,USC00278614,100.0
2025-03-12,USC00278614,156.0
2025-03-13,USC00278614,61.0
2025-03-14,USC00278614,44.0
2025-03-15,USC00278614,128.0
2025-03-16,USC00278614,161.0
2025-03-17,USC00278614,128.0
2025-03-18,USC00278614,78.0
2025-03-19,USC00278614,106.0
2025-03-20,USC00278614,156.0
2025-03-21,USC00278614,78.0
2025-03-22,USC00278614,61.0
2025-03-23,USC00278614,133.0
2025-03-24,USC00278614,28.0
2025-03-25,USC00278614,-17.0
2025-02-01,USC00278856,0.0
2025-02-02,USC00278856,-39.0
2025-02-03,USC00278856,-72.0
2025-02-04,USC00278856,33.0
2025-02-05,USC00278856,11.0
2025-02-06,USC00278856,-56.0
2025-02-07,USC00278856,0.0
2025-02-08,USC00278856,6.0
2025-02-09,USC00278856,0.0
2025-02-10,USC00278856,-6.0
2025-02-11,USC00278856,-11.0
2025-02-12,USC00278856,-6.0
2025-02-13,USC00278856,-11.0
2025-02-14,USC00278856,33.0
2025-02-15,USC00278856,-17.0
2025-02-17,USC00278856,-17.0
2025-02-18,USC00278856,-44.0
2025-02-19,USC00278856,-61.0
2025-02-20,USC00278856,-33.0
2025-02-21,USC00278856,-28.0
2025-02-22,USC00278856,-22.0
2025-02-23,USC00278856,17.0
2025-02-24,USC00278856,22.0
2025-02-25,USC00278856,56.0
2025-02-26,USC00278856,100.0
2025-02-27,USC00278856,72.0
2025-02-28,USC00278856,39.0
2025-03-01,USC00278856,33.0
2025-03-02,USC00278856,89.0
2025-03-03,USC00278856,-56.0
2025-03-04,USC00278856,-11.0
2025-03-05,USC00278856,61.0
2025-03-06,USC00278856,100.0
2025-03-07,USC00278856,111.0
2025-03-08,USC00278856,28.0
2025-03-09,USC00278856,11.0
2025-03-10,USC00278856,56.0
2025-03-11,USC00278856,128.0
2025-03-12,USC00278856,167.0
2025-03-13,USC00278856,44.0
2025-03-14,USC00278856,83.0
2025-03-15,USC00278856,139.0
2025-03-16,USC00278856,133.0
2025-03-17,USC00278856,172.0
2025-03-18,USC00278856,111.0
2025-03-19,USC00278856,128.0
2025-03-20,USC00278856,194.0
2025-03-21,USC00278856,122.0
2025-03-22,USC00278856,61.0
2025-03-23,USC00278856,144.0
2025-03-24,USC00278856,39.0
2025-03-25,USC00278856,11.0
2025-02-02,USC00278961,-67.0
2025-02-03,USC00278961,-67.0
2025-02-04,USC00278961,11.0
2025-02-05,USC00278961,-39.0
2025-02-06,USC00278961,-89.0
2025-02-07,USC00278961,-22.0
2025-02-08,USC00278961,-33.0
2025-02-09,USC00278961,-33.0
2025-02-10,USC00278961,-28.0
2025-02-11,USC00278961,-61.0
2025-02-12,USC00278961,-39.0
2025-02-15,USC00278961,-61.0
2025-02-16,USC00278961,-44.0
2025-02-17,USC00278961,-33.0
2025-02-18,USC00278961,-78.0
2025-02-19,USC00278961,-94.0
2025-02-20,USC00278961,-33.0
2025-02-21,USC00278961,6.0
2025-02-22,USC00278961,-61.0
2025-02-23,USC00278961,-11.0
2025-02-24,USC00278961,-6.0
2025-02-25,USC00278961,22.0
2025-02-26,USC00278961,72.0
2025-02-27,USC00278961,39.0
2025-02-28,USC00278961,17.0
2025-03-01,USC00278961,6.0
2025-03-02,USC00278961,72.0
2025-03-03,USC00278961,-94.0
2025-03-04,USC00278961,-50.0
2025-03-05,USC00278961,22.0
2025-03-06,USC00278961,83.0
2025-03-07,USC00278961,106.0
2025-03-08,USC00278961,6.0
2025-03-09,USC00278961,-33.0
2025-03-10,USC00278961,6.0
2025-03-11,USC00278961,83.0
2025-03-12,USC00278961,150.0
2025-03-13,USC00278961,33.0
2025-03-14,USC00278961,28.0
2025-03-15,USC00278961,122.0
2025-03-16,USC00278961,150.0
2025-03-17,USC00278961,150.0
2025-03-18,USC00278961,78.0
2025-03-19,USC00278961,111.0
2025-03-20,USC00278961,161.0
2025-03-21,USC00278961,111.0
2025-03-22,USC00278961,28.0
2025-03-23,USC00278961,111.0
2025-03-24,USC00278961,0.0
2025-03-25,USC00278961,-11.0
2025-02-04,USC00279091,33.0
2025-02-05,USC00279091,-6.0
2025-02-06,USC00279091,-78.0
2025-02-07,USC00279091,-22.0
2025-02-13,USC00279091,-17.0
2025-02-16,USC00279091,-28.0
2025-02-17,USC00279091,-39.0
2025-02-18,USC00279091,-56.0
2025-02-27,USC00279091,89.0
2025-02-28,USC00279091,6.0
2025-03-01,USC00279091,17.0
2025-03-02,USC00279091,67.0
2025-03-03,USC00279091,-72.0
2025-03-11,USC00279091,106.0
2025-03-12,USC00279091,167.0
2025-03-19,USC00279091,128.0
2025-02-01,USC00279278,28.0
2025-02-02,USC00279278,-6.0
2025-02-03,USC00279278,-50.0
2025-02-04,USC00279278,50.0
2025-02-05,USC00279278,39.0
2025-02-06,USC00279278,-67.0
2025-02-07,USC00279278,0.0
2025-02-08,USC00279278,28.0
2025-02-09,USC00279278,22.0
2025-02-10,USC00279278,22.0
2025-02-11,USC00279278,17.0
2025-02-12,USC00279278,0.0
2025-02-13,USC00279278,0.0
2025-02-14,USC00279278,33.0
2025-02-15,USC00279278,6.0
2025-02-16,USC00279278,-11.0
2025-02-17,USC00279278,6.0
2025-02-18,USC00279278,-11.0
2025-02-19,USC00279278,-22.0
2025-02-20,USC00279278,-11.0
2025-02-21,USC00279278,11.0
2025-02-22,USC00279278,6.0
2025-02-23,USC00279278,39.0
2025-02-24,USC00279278,61.0
2025-02-25,USC00279278,78.0
2025-02-26,USC00279278,106.0
2025-02-27,USC00279278,89.0
2025-02-28,USC00279278,44.0
2025-03-01,USC00279278,67.0
2025-03-02,USC00279278,106.0
2025-03-03,USC00279278,-17.0
2025-03-04,USC00279278,0.0
2025-03-06,USC00279278,106.0
2025-03-07,USC00279278,139.0
2025-03-08,USC00279278,56.0
2025-03-09,USC00279278,39.0
2025-03-10,USC00279278,67.0
2025-03-11,USC00279278,139.0
2025-03-12,USC00279278,183.0
2025-03-13,USC00279278,72.0
2025-03-14,USC00279278,61.0
2025-03-15,USC00279278,139.0
2025-03-16,USC00279278,178.0
2025-03-17,USC00279278,194.0
2025-03-18,USC00279278,139.0
2025-03-19,USC00279278,117.0
2025-03-20,USC00279278,150.0
2025-03-21,USC00279278,111.0
2025-03-22,USC00279278,72.0
2025-03-23,USC00279278,172.0
2025-03-24,USC00279278,50.0
2025-03-25,USC00279278,22.0
2025-02-01,USC00279970,6.0
2025-02-02,USC00279970,-89.0
2025-02-04,USC00279970,0.0
2025-02-05,USC00279970,-78.0
2025-02-06,USC00279970,-100.0
2025-02-08,USC00279970,-67.0
2025-02-09,USC00279970,-78.0
2025-02-10,USC00279970,-39.0
2025-02-11,USC00279970,-39.0
2025-02-13,USC00279970,-11.0
2025-02-14,USC00279970,-6.0
2025-02-15,USC00279970,-39.0
2025-02-16,USC00279970,-6.0
2025-02-17,USC00279970,-56.0
2025-02-18,USC00279970,-106.0
2025-02-19,USC00279970,-122.0
2025-02-21,USC00279970,-33.0
2025-02-23,USC00279970,-44.0
2025-02-24,USC00279970,-33.0
2025-02-25,USC00279970,22.0
2025-02-26,USC00279970,111.0
2025-02-27,USC00279970,-11.0
2025-03-02,USC00279970,67.0
2025-03-03,USC00279970,-128.0
2025-03-04,USC00279970,-67.0
2025-03-05,USC00279970,44.0
2025-03-07,USC00279970,111.0
2025-03-09,USC00279970,-22.0
2025-03-10,USC00279970,-6.0
2025-03-11,USC00279970,17.0
2025-03-12,USC00279970,100.0
2025-03-15,USC00279970,100.0
2025-03-16,USC00279970,122.0
2025-03-17,USC00279970,111.0
2025-03-18,USC00279970,39.0
2025-03-19,USC00279970,83.0
2025-03-20,USC00279970,89.0
2025-03-21,USC00279970,44.0
2025-03-22,USC00279970,17.0
2025-03-23,USC00279970,44.0
2025-03-24,USC00279970,-44.0
2025-02-01,USW00014710,11.0
2025-02-02,USW00014710,-55.0
2025-02-03,USW00014710,61.0
2025-02-04,USW00014710,44.0
2025-02-05,USW00014710,-38.0
2025-02-06,USW00014710,-49.0
2025-02-07,USW00014710,28.0
2025-02-08,USW00014710,6.0
2025-02-09,USW00014710,11.0
2025-02-10,USW00014710,0.0
2025-02-11,USW00014710,0.0
2025-02-12,USW00014710,-10.0
2025-02-13,USW00014710,39.0
2025-02-14,USW00014710,6.0
2025-02-15,USW00014710,-21.0
2025-02-16,USW00014710,-10.0
2025-02-17,USW00014710,-16.0
2025-02-18,USW00014710,-32.0
2025-02-19,USW00014710,-16.0
2025-02-20,USW00014710,-5.0
2025-02-21,USW00014710,0.0
2025-02-22,USW00014710,28.0
2025-02-23,USW00014710,50.0
2025-02-24,USW00014710,67.0
2025-02-25,USW00014710,106.0
2025-02-26,USW00014710,94.0
2025-02-27,USW00014710,44.0
2025-02-28,USW00014710,67.0
2025-03-01,USW00014710,111.0
2025-03-02,USW00014710,-32.0
2025-03-03,USW00014710,0.0
2025-03-04,USW00014710,89.0
2025-03-05,USW00014710,122.0
2025-03-06,USW00014710,156.0
2025-03-07,USW00014710,61.0
2025-03-08,USW00014710,39.0
2025-03-09,USW00014710,72.0
2025-03-10,USW00014710,150.0
2025-03-11,USW00014710,194.0
2025-03-12,USW00014710,117.0
2025-03-13,USW00014710,72.0
2025-03-14,USW00014710,144.0
2025-03-15,USW00014710,200.0
2025-03-16,USW00014710,211.0
2025-03-17,USW00014710,178.0
2025-03-18,USW00014710,139.0
2025-03-19,USW00014710,167.0
2025-03-20,USW00014710,139.0
2025-03-21,USW00014710,78.0
2025-03-22,USW00014710,183.0
2025-03-23,USW00014710,61.0
2025-03-24,USW00014710,33.0
2025-02-01,USW00014745,-5.0
2025-02-02,USW00014745,-60.0
2025-02-03,USW00014745,39.0
2025-02-04,USW00014745,22.0
2025-02-05,USW00014745,-60.0
2025-02-06,USW00014745,-66.0
2025-02-07,USW00014745,6.0
2025-02-08,USW00014745,-5.0
2025-02-09,USW00014745,-5.0
2025-02-10,USW00014745,-16.0
2025-02-11,USW00014745,-10.0
2025-02-12,USW00014745,-21.0
2025-02-13,USW00014745,22.0
2025-02-14,USW00014745,-16.0
2025-02-15,USW00014745,-27.0
2025-02-16,USW00014745,-21.0
2025-02-17,USW00014745,-21.0
2025-02-18,USW00014745,-55.0
2025-02-19,USW00014745,-32.0
2025-02-20,USW00014745,-10.0
2025-02-21,USW00014745,-27.0
2025-02-22,USW00014745,17.0
2025-02-23,USW00014745,33.0
2025-02-24,USW00014745,56.0
2025-02-25,USW00014745,94.0
2025-02-26,USW00014745,78.0
2025-02-27,USW00014745,17.0
2025-02-28,USW00014745,50.0
2025-03-01,USW00014745,94.0
2025-03-02,USW00014745,-49.0
2025-03-03,USW00014745,-21.0
2025-03-04,USW00014745,72.0
2025-03-05,USW00014745,111.0
2025-03-06,USW00014745,133.0
2025-03-07,USW00014745,39.0
2025-03-08,USW00014745,17.0
2025-03-09,USW00014745,50.0
2025-03-10,USW00014745,128.0
2025-03-11,USW00014745,183.0
2025-03-12,USW00014745,89.0
2025-03-13,USW00014745,61.0
2025-03-14,USW00014745,133.0
2025-03-15,USW00014745,178.0
2025-03-16,USW00014745,194.0
2025-03-17,USW00014745,161.0
2025-03-18,USW00014745,128.0
2025-03-19,USW00014745,172.0
2025-03-20,USW00014745,100.0
2025-03-21,USW00014745,67.0
2025-03-22,USW00014745,161.0
2025-03-23,USW00014745,39.0
2025-03-24,USW00014745,17.0
2025-02-01,USW00014755,-67.0
2025-02-02,USW00014755,-172.0
2025-02-03,USW00014755,-117.0
2025-02-04,USW00014755,-39.0
2025-02-05,USW00014755,-161.0
2025-02-06,USW00014755,-117.0
2025-02-07,USW00014755,-78.0
2025-02-08,USW00014755,-144.0
2025-02-09,USW00014755,-144.0
2025-02-10,USW00014755,-139.0
2025-02-11,USW00014755,-167.0
2025-02-12,USW00014755,-167.0
2025-02-13,USW00014755,-94.0
2025-02-14,USW00014755,-39.0
2025-02-16,USW00014755,-89.0
2025-02-17,USW00014755,-39.0
2025-02-18,USW00014755,-144.0
2025-02-19,USW00014755,-128.0
2025-02-20,USW00014755,-106.0
2025-02-21,USW00014755,-100.0
2025-02-25,USW00014755,-61.0
2025-02-26,USW00014755,-22.0
2025-02-27,USW00014755,-50.0
2025-02-28,USW00014755,-39.0
2025-03-01,USW00014755,-89.0
2025-03-02,USW00014755,-44.0
2025-03-03,USW00014755,-206.0
2025-03-04,USW00014755,-139.0
2025-03-05,USW00014755,-17.0
2025-03-07,USW00014755,17.0
2025-03-08,USW00014755,-150.0
2025-03-09,USW00014755,-172.0
2025-03-10,USW00014755,-89.0
2025-03-11,USW00014755,-44.0
2025-03-12,USW00014755,11.0
2025-03-13,USW00014755,-94.0
2025-03-14,USW00014755,-50.0
2025-03-15,USW00014755,28.0
2025-03-16,USW00014755,44.0
2025-03-17,USW00014755,56.0
2025-03-18,USW00014755,28.0
2025-03-19,USW00014755,39.0
2025-03-20,USW00014755,56.0
2025-03-21,USW00014755,28.0
2025-03-22,USW00014755,-72.0
2025-03-23,USW00014755,-33.0
2025-03-24,USW00014755,-78.0
2025-03-25,USW00014755,-44.0
2025-02-01,USW00054728,-21.0
2025-02-02,USW00054728,-66.0
2025-02-03,USW00054728,11.0
2025-02-04,USW00054728,0.0
2025-02-05,USW00054728,-116.0
2025-02-06,USW00054728,-21.0
2025-02-07,USW00054728,-16.0
2025-02-08,USW00054728,-38.0
2025-02-09,USW00054728,-38.0
2025-02-10,USW00054728,-55.0
2025-02-11,USW00054728,-27.0
2025-02-12,USW00054728,-21.0
2025-02-13,USW00054728,11.0
2025-02-14,USW00054728,-49.0
2025-02-15,USW00054728,-43.0
2025-02-16,USW00054728,-10.0
2025-02-17,USW00054728,-43.0
2025-02-18,USW00054728,-105.0
2025-02-19,USW00054728,-77.0
2025-02-20,USW00054728,-38.0
2025-02-21,USW00054728,-71.0
2025-02-22,USW00054728,-27.0
2025-02-23,USW00054728,-21.0
2025-02-24,USW00054728,50.0
2025-02-25,USW00054728,89.0
2025-02-26,USW00054728,28.0
2025-02-27,USW00054728,28.0
2025-02-28,USW00054728,17.0
2025-03-01,USW00054728,67.0
2025-03-02,USW00054728,-116.0
2025-03-03,USW00054728,-60.0
2025-03-04,USW00054728,33.0
2025-03-05,USW00054728,100.0
2025-03-06,USW00054728,106.0
2025-03-07,USW00054728,-5.0
2025-03-08,USW00054728,-43.0
2025-03-09,USW00054728,-10.0
2025-03-10,USW00054728,61.0
2025-03-11,USW00054728,156.0
2025-03-12,USW00054728,28.0
2025-03-13,USW00054728,61.0
2025-03-14,USW00054728,139.0
2025-03-15,USW00054728,194.0
2025-03-16,USW00054728,189.0
2025-03-17,USW00054728,111.0
2025-03-18,USW00054728,106.0
2025-03-19,USW00054728,194.0
2025-03-20,USW00054728,189.0
2025-03-21,USW00054728,56.0
2025-03-22,USW00054728,122.0
2025-03-23,USW00054728,-6.0
2025-02-01,USW00054770,0.0
2025-02-02,USW00054770,-66.0
2025-02-03,USW00054770,28.0
2025-02-04,USW00054770,22.0
2025-02-05,USW00054770,-60.0
2025-02-06,USW00054770,-21.0
2025-02-07,USW00054770,-5.0
2025-02-08,USW00054770,-16.0
2025-02-09,USW00054770,-16.0
2025-02-10,USW00054770,-27.0
2025-02-11,USW00054770,-21.0
2025-02-12,USW00054770,-21.0
2025-02-13,USW00054770,22.0
2025-02-14,USW00054770,-27.0
2025-02-15,USW00054770,-43.0
2025-02-16,USW00054770,-27.0
2025-02-17,USW00054770,-49.0
2025-02-18,USW00054770,-66.0
2025-02-19,USW00054770,-43.0
2025-02-20,USW00054770,-10.0
2025-02-21,USW00054770,-27.0
2025-02-22,USW00054770,0.0
2025-02-23,USW00054770,22.0
2025-02-26,USW00054770,67.0
2025-02-27,USW00054770,44.0
2025-02-28,USW00054770,33.0
2025-03-01,USW00054770,94.0
2025-03-02,USW00054770,-60.0
2025-03-03,USW00054770,-21.0
2025-03-04,USW00054770,56.0
2025-03-05,USW00054770,94.0
2025-03-06,USW00054770,111.0
2025-03-07,USW00054770,17.0
2025-03-08,USW00054770,6.0
2025-03-09,USW00054770,28.0
2025-03-10,USW00054770,122.0
2025-03-11,USW00054770,150.0
2025-03-12,USW00054770,56.0
2025-03-13,USW00054770,61.0
2025-03-14,USW00054770,139.0
2025-03-15,USW00054770,161.0
2025-03-16,USW00054770,172.0
2025-03-17,USW00054770,150.0
2025-03-18,USW00054770,122.0
2025-03-19,USW00054770,167.0
2025-03-20,USW00054770,144.0
2025-02-01,USW00054791,-10.0
2025-02-02,USW00054791,-60.0
2025-02-03,USW00054791,50.0
2025-02-04,USW00054791,33.0
2025-02-05,USW00054791,-66.0
2025-02-06,USW00054791,-55.0
2025-02-07,USW00054791,17.0
2025-02-08,USW00054791,0.0
2025-02-09,USW00054791,-5.0
2025-02-10,USW00054791,-10.0
2025-02-11,USW00054791,0.0
2025-02-12,USW00054791,-32.0
2025-02-13,USW00054791,11.0
2025-02-14,USW00054791,-16.0
2025-02-15,USW00054791,-10.0
2025-02-16,USW00054791,-43.0
2025-02-17,USW00054791,-21.0
2025-02-18,USW00054791,-49.0
2025-02-19,USW00054791,-21.0
2025-02-20,USW00054791,0.0
2025-02-21,USW00054791,-10.0
2025-02-22,USW00054791,17.0
2025-02-23,USW00054791,44.0
2025-02-24,USW00054791,50.0
2025-02-25,USW00054791,111.0
2025-02-26,USW00054791,89.0
2025-02-27,USW00054791,33.0
2025-02-28,USW00054791,61.0
2025-03-01,USW00054791,100.0
2025-03-02,USW00054791,-49.0
2025-03-03,USW00054791,-10.0
2025-03-04,USW00054791,67.0
2025-03-05,USW00054791,83.0
2025-03-06,USW00054791,144.0
2025-03-07,USW00054791,44.0
2025-03-08,USW00054791,28.0
2025-03-09,USW00054791,50.0
2025-03-10,USW00054791,133.0
2025-03-11,USW00054791,183.0
2025-03-12,USW00054791,83.0
2025-03-13,USW00054791,56.0
2025-03-14,USW00054791,128.0
2025-03-15,USW00054791,144.0
2025-03-16,USW00054791,183.0
2025-03-17,USW00054791,167.0
2025-03-18,USW00054791,117.0
2025-03-19,USW00054791,156.0
2025-03-20,USW00054791,83.0
2025-03-21,USW00054791,61.0
2025-03-22,USW00054791,167.0
2025-03-23,USW00054791,39.0
2025-02-01,USW00054794,-8.0
2025-02-02,USW00054794,-62.0
2025-02-03,USW00054794,36.0
2025-02-04,USW00054794,33.0
2025-02-05,USW00054794,-59.0
2025-02-06,USW00054794,-51.0
2025-02-07,USW00054794,17.0
2025-02-08,USW00054794,-1.0
2025-02-09,USW00054794,-1.0
2025-02-10,USW00054794,-1.0
2025-02-11,USW00054794,-9.0
2025-02-12,USW00054794,-17.0
2025-02-13,USW00054794,22.0
2025-02-14,USW00054794,-6.0
2025-02-15,USW00054794,-18.0
2025-02-16,USW00054794,-36.0
2025-02-17,USW00054794,-25.0
2025-02-18,USW00054794,-42.0
2025-02-19,USW00054794,-28.0
2025-02-20,USW00054794,-3.0
2025-02-21,USW00054794,-15.0
2025-02-22,USW00054794,12.0
2025-02-23,USW00054794,44.0
2025-02-24,USW00054794,48.0
2025-02-25,USW00054794,106.0
2025-02-26,USW00054794,96.0
2025-02-27,USW00054794,35.0
2025-02-28,USW00054794,61.0
2025-03-01,USW00054794,95.0
2025-03-02,USW00054794,-40.0
2025-03-03,USW00054794,-15.0
2025-03-04,USW00054794,72.0
2025-03-05,USW00054794,90.0
2025-03-06,USW00054794,137.0
2025-03-07,USW00054794,49.0
2025-03-08,USW00054794,25.0
2025-03-09,USW00054794,50.0
2025-03-10,USW00054794,128.0
2025-03-11,USW00054794,174.0
2025-03-12,USW00054794,90.0
2025-03-13,USW00054794,46.0
2025-03-14,USW00054794,108.0
2025-03-15,USW00054794,122.0
2025-03-16,USW00054794,198.0
2025-03-17,USW00054794,172.0
2025-03-18,USW00054794,113.0
2025-03-19,USW00054794,123.0
2025-03-20,USW00054794,73.0
2025-03-21,USW00054794,56.0
2025-03-22,USW00054794,161.0
2025-03-23,USW00054794,46.0
2025-02-01,USW00054795,-7.0
2025-02-02,USW00054795,-62.0
2025-02-03,USW00054795,38.0
2025-02-04,USW00054795,34.0
2025-02-05,USW00054795,-61.0
2025-02-06,USW00054795,-52.0
2025-02-07,USW00054795,13.0
2025-02-08,USW00054795,2.0
2025-02-09,USW00054795,-4.0
2025-02-10,USW00054795,-4.0
2025-02-11,USW00054795,-7.0
2025-02-12,USW00054795,-11.0
2025-02-13,USW00054795,24.0
2025-02-14,USW00054795,-2.0
2025-02-15,USW00054795,-18.0
2025-02-16,USW00054795,4.0
2025-02-17,USW00054795,-24.0
2025-02-18,USW00054795,-43.0
2025-02-19,USW00054795,-30.0
2025-02-20,USW00054795,-4.0
2025-02-21,USW00054795,-17.0
2025-02-22,USW00054795,12.0
2025-02-23,USW00054795,46.0
2025-02-24,USW00054795,52.0
2025-02-25,USW00054795,112.0
2025-02-26,USW00054795,94.0
2025-02-27,USW00054795,38.0
2025-02-28,USW00054795,63.0
2025-03-01,USW00054795,110.0
2025-03-02,USW00054795,-43.0
2025-03-03,USW00054795,-19.0
2025-03-04,USW00054795,76.0
2025-03-05,USW00054795,80.0
2025-03-06,USW00054795,139.0
2025-03-07,USW00054795,44.0
2025-03-08,USW00054795,29.0
2025-03-09,USW00054795,49.0
2025-03-10,USW00054795,126.0
2025-03-11,USW00054795,178.0
2025-03-12,USW00054795,85.0
2025-03-13,USW00054795,49.0
2025-03-14,USW00054795,107.0
2025-03-15,USW00054795,132.0
2025-03-16,USW00054795,204.0
2025-03-17,USW00054795,174.0
2025-03-18,USW00054795,114.0
2025-03-19,USW00054795,122.0
2025-03-20,USW00054795,82.0
2025-03-21,USW00054795,61.0
2025-03-22,USW00054795,167.0
2025-03-23,USW00054795,42.0
2025-02-01,USW00094700,-21.0
2025-02-02,USW00094700,-71.0
2025-02-03,USW00094700,22.0
2025-02-04,USW00094700,0.0
2025-02-05,USW00094700,-110.0
2025-02-06,USW00094700,-21.0
2025-02-07,USW00094700,-10.0
2025-02-08,USW00094700,-32.0
2025-02-09,USW00094700,-32.0
2025-02-10,USW00094700,-55.0
2025-02-11,USW00094700,-21.0
2025-02-12,USW00094700,-21.0
2025-02-13,USW00094700,6.0
2025-02-14,USW00094700,-66.0
2025-02-15,USW00094700,-38.0
2025-02-16,USW00094700,-43.0
2025-02-17,USW00094700,-49.0
2025-02-18,USW00094700,-110.0
2025-02-19,USW00094700,-66.0
2025-02-20,USW00094700,-16.0
2025-02-21,USW00094700,-66.0
2025-02-22,USW00094700,-16.0
2025-02-23,USW00094700,-21.0
2025-02-24,USW00094700,50.0
2025-02-25,USW00094700,106.0
2025-02-26,USW00094700,44.0
2025-02-27,USW00094700,39.0
2025-02-28,USW00094700,22.0
2025-03-01,USW00094700,56.0
2025-03-02,USW00094700,-105.0
2025-03-03,USW00094700,-55.0
2025-03-04,USW00094700,44.0
2025-03-05,USW00094700,83.0
2025-03-06,USW00094700,106.0
2025-03-07,USW00094700,-5.0
2025-03-08,USW00094700,-43.0
2025-03-09,USW00094700,0.0
2025-03-10,USW00094700,44.0
2025-03-11,USW00094700,150.0
2025-03-12,USW00094700,28.0
2025-03-13,USW00094700,33.0
2025-03-14,USW00094700,139.0
2025-03-15,USW00094700,183.0
2025-03-16,USW00094700,200.0
2025-03-17,USW00094700,106.0
2025-03-18,USW00094700,106.0
2025-03-19,USW00094700,172.0
2025-03-20,USW00094700,167.0
2025-03-21,USW00094700,61.0
2025-03-22,USW00094700,122.0
2025-03-23,USW00094700,-11.0
2025-02-01,USW00094765,-5.0
2025-02-02,USW00094765,-60.0
2025-02-03,USW00094765,39.0
2025-02-04,USW00094765,17.0
2025-02-05,USW00094765,-60.0
2025-02-06,USW00094765,-49.0
2025-02-07,USW00094765,17.0
2025-02-08,USW00094765,0.0
2025-02-09,USW00094765,0.0
2025-02-10,USW00094765,-16.0
2025-02-11,USW00094765,0.0
2025-02-12,USW00094765,-10.0
2025-02-13,USW00094765,28.0
2025-02-14,USW00094765,-21.0
2025-02-15,USW00094765,-38.0
2025-02-16,USW00094765,-10.0
2025-02-17,USW00094765,-38.0
2025-02-18,USW00094765,-55.0
2025-02-19,USW00094765,-27.0
2025-02-20,USW00094765,-16.0
2025-02-21,USW00094765,-32.0
2025-02-22,USW00094765,11.0
2025-02-23,USW00094765,22.0
2025-02-24,USW00094765,61.0
2025-02-25,USW00094765,78.0
2025-02-26,USW00094765,72.0
2025-02-27,USW00094765,28.0
2025-02-28,USW00094765,39.0
2025-03-01,USW00094765,78.0
2025-03-02,USW00094765,-60.0
2025-03-03,USW00094765,-10.0
2025-03-04,USW00094765,44.0
2025-03-05,USW00094765,94.0
2025-03-06,USW00094765,106.0
2025-03-07,USW00094765,33.0
2025-03-08,USW00094765,0.0
2025-03-09,USW00094765,28.0
2025-03-10,USW00094765,122.0
2025-03-11,USW00094765,172.0
2025-03-12,USW00094765,72.0
2025-03-13,USW00094765,72.0
2025-03-14,USW00094765,156.0
2025-03-15,USW00094765,156.0
2025-03-16,USW00094765,189.0
2025-03-17,USW00094765,117.0
2025-03-18,USW00094765,133.0
2025-03-19,USW00094765,194.0
2025-03-20,USW00094765,161.0
2025-03-21,USW00094765,100.0
2025-03-22,USW00094765,144.0
2025-03-23,USW00094765,39.0
