DATE,ID,TMIN
2025-02-01,USC00270690,-122.0
2025-02-02,USC00270690,-272.0
2025-02-03,USC00270690,-244.0
2025-02-04,USC00270690,-78.0
2025-02-05,USC00270690,-156.0
2025-02-06,USC00270690,-228.0
2025-02-07,USC00270690,-222.0
2025-02-08,USC00270690,-111.0
2025-02-09,USC00270690,-128.0
2025-02-10,USC00270690,-117.0
2025-02-11,USC00270690,-189.0
2025-02-12,USC00270690,-183.0
2025-02-13,USC00270690,-150.0
2025-02-14,USC00270690,-111.0
2025-02-15,USC00270690,-172.0
2025-02-16,USC00270690,-167.0
2025-02-17,USC00270690,-128.0
2025-02-18,USC00270690,-150.0
2025-02-19,USC00270690,-183.0
2025-02-20,USC00270690,-228.0
2025-02-21,USC00270690,-222.0
2025-02-22,USC00270690,-117.0
2025-02-23,USC00270690,-111.0
2025-02-24,USC00270690,-67.0
2025-02-25,USC00270690,-61.0
2025-02-26,USC00270690,-28.0
2025-02-27,USC00270690,-83.0
2025-02-28,USC00270690,-61.0
2025-03-01,USC00270690,-72.0
2025-03-02,USC00270690,-167.0
2025-03-03,USC00270690,-222.0
2025-03-04,USC00270690,-217.0
2025-03-05,USC00270690,-217.0
2025-03-06,USC00270690,-6.0
2025-03-07,USC00270690,-89.0
2025-03-08,USC00270690,-89.0
2025-03-09,USC00270690,-78.0
2025-03-10,USC00270690,-50.0
2025-03-11,USC00270690,-44.0
2025-03-12,USC00270690,-56.0
2025-03-13,USC00270690,-72.0
2025-03-14,USC00270690,-72.0
2025-03-15,USC00270690,-61.0
2025-03-16,USC00270690,-28.0
2025-03-17,USC00270690,17.0
2025-03-18,USC00270690,-44.0
2025-03-19,USC00270690,-39.0
2025-03-20,USC00270690,-39.0
2025-03-21,USC00270690,28.0
2025-03-22,USC00270690,-44.0
2025-03-23,USC00270690,-100.0
2025-03-24,USC00270690,-94.0
2025-03-25,USC00270690,-50.0
2025-02-01,USC00270913,-83.0
2025-02-02,USC00270913,-239.0
2025-02-08,USC00270913,-122.0
2025-02-09,USC00270913,-78.0
2025-02-10,USC00270913,-117.0
2025-02-01,USC00271190,-117.0
2025-02-02,USC00271190,-222.0
2025-02-04,USC00271190,-100.0
2025-02-05,USC00271190,-200.0
2025-02-06,USC00271190,-200.0
2025-02-07,USC00271190,-156.0
2025-02-08,USC00271190,-144.0
2025-02-09,USC00271190,-144.0
2025-02-10,USC00271190,-139.0
2025-02-11,USC00271190,-167.0
2025-02-13,USC00271190,-161.0
2025-02-14,USC00271190,-172.0
2025-02-15,USC00271190,-178.0
2025-02-16,USC00271190,-172.0
2025-02-17,USC00271190,-178.0
2025-02-18,USC00271190,-211.0
2025-02-19,USC00271190,-206.0
2025-02-20,USC00271190,-183.0
2025-02-21,USC00271190,-156.0
2025-02-23,USC00271190,-178.0
2025-02-24,USC00271190,-111.0
2025-02-25,USC00271190,-128.0
2025-02-26,USC00271190,-39.0
2025-02-27,USC00271190,-83.0
2025-03-02,USC00271190,-217.0
2025-03-03,USC00271190,-228.0
2025-03-04,USC00271190,-194.0
2025-03-05,USC00271190,-94.0
2025-03-07,USC00271190,-144.0
2025-03-08,USC00271190,-144.0
2025-03-09,USC00271190,-139.0
2025-03-10,USC00271190,-117.0
2025-03-11,USC00271190,-117.0
2025-03-12,USC00271190,-100.0
2025-03-15,USC00271190,-11.0
2025-03-16,USC00271190,28.0
2025-03-17,USC00271190,22.0
2025-03-18,USC00271190,-72.0
2025-03-19,USC00271190,-67.0
2025-03-20,USC00271190,-11.0
2025-03-21,USC00271190,-11.0
2025-03-22,USC00271190,-67.0
2025-03-23,USC00271190,-144.0
2025-03-24,USC00271190,-150.0
2025-03-25,USC00271190,-106.0
2025-02-01,USC00271647,-117.0
2025-02-02,USC00271647,-317.0
2025-02-03,USC00271647,-317.0
2025-02-04,USC00271647,-72.0
2025-02-05,USC00271647,-161.0
2025-02-06,USC00271647,-267.0
2025-02-07,USC00271647,-267.0
2025-02-08,USC00271647,-133.0
2025-02-09,USC00271647,-144.0
2025-02-10,USC00271647,-139.0
2025-02-13,USC00271647,-200.0
2025-02-14,USC00271647,-133.0
2025-02-15,USC00271647,-239.0
2025-02-16,USC00271647,-244.0
2025-02-17,USC00271647,-144.0
2025-02-18,USC00271647,-167.0
2025-02-19,USC00271647,-183.0
2025-02-20,USC00271647,-267.0
2025-02-21,USC00271647,-272.0
2025-02-22,USC00271647,-128.0
2025-02-23,USC00271647,-117.0
2025-02-24,USC00271647,-83.0
2025-02-25,USC00271647,-89.0
2025-02-26,USC00271647,-39.0
2025-02-27,USC00271647,-122.0
2025-03-01,USC00271647,-106.0
2025-03-02,USC00271647,-183.0
2025-03-03,USC00271647,-278.0
2025-03-04,USC00271647,-156.0
2025-03-05,USC00271647,-122.0
2025-03-06,USC00271647,-39.0
2025-03-08,USC00271647,-106.0
2025-03-09,USC00271647,-100.0
2025-03-10,USC00271647,-94.0
2025-03-11,USC00271647,-89.0
2025-03-12,USC00271647,-72.0
2025-03-13,USC00271647,-128.0
2025-03-14,USC00271647,-111.0
2025-03-15,USC00271647,-78.0
2025-03-16,USC00271647,-33.0
2025-03-17,USC00271647,22.0
2025-03-18,USC00271647,-56.0
2025-03-19,USC00271647,-56.0
2025-03-20,USC00271647,-50.0
2025-03-21,USC00271647,11.0
2025-03-22,USC00271647,-61.0
2025-03-23,USC00271647,-106.0
2025-03-24,USC00271647,-117.0
2025-02-01,USC00271800,-106.0
2025-02-02,USC00271800,-261.0
2025-02-03,USC00271800,-267.0
2025-02-04,USC00271800,-78.0
2025-02-05,USC00271800,-178.0
2025-02-06,USC00271800,-200.0
2025-02-07,USC00271800,-200.0
2025-02-08,USC00271800,-206.0
2025-02-09,USC00271800,-111.0
2025-02-10,USC00271800,-100.0
2025-02-11,USC00271800,-172.0
2025-02-12,USC00271800,-178.0
2025-02-13,USC00271800,-172.0
2025-02-14,USC00271800,-172.0
2025-02-15,USC00271800,-183.0
2025-02-16,USC00271800,-183.0
2025-02-17,USC00271800,-139.0
2025-02-18,USC00271800,-167.0
2025-02-19,USC00271800,-189.0
2025-02-20,USC00271800,-217.0
2025-02-21,USC00271800,-217.0
2025-02-22,USC00271800,-144.0
2025-02-23,USC00271800,-144.0
2025-02-24,USC00271800,-72.0
2025-02-25,USC00271800,-67.0
2025-02-26,USC00271800,-17.0
2025-02-27,USC00271800,-67.0
2025-02-28,USC00271800,-50.0
2025-03-01,USC00271800,-89.0
2025-03-02,USC00271800,-189.0
2025-03-03,USC00271800,-233.0
2025-03-04,USC00271800,-239.0
2025-03-06,USC00271800,-28.0
2025-03-07,USC00271800,-117.0
2025-03-08,USC00271800,-117.0
2025-03-09,USC00271800,-100.0
2025-03-10,USC00271800,-89.0
2025-03-11,USC00271800,-33.0
2025-03-12,USC00271800,-56.0
2025-03-13,USC00271800,-67.0
2025-03-14,USC00271800,-67.0
2025-03-15,USC00271800,-67.0
2025-03-16,USC00271800,28.0
2025-03-17,USC00271800,39.0
2025-03-18,USC00271800,-56.0
2025-03-19,USC00271800,-61.0
2025-03-20,USC00271800,-61.0
2025-03-21,USC00271800,0.0
2025-03-22,USC00271800,-78.0
2025-03-23,USC00271800,-117.0
2025-03-24,USC00271800,-117.0
2025-03-25,USC00271800,-72.0
2025-02-01,USC00272302,-100.0
2025-02-02,USC00272302,-194.0
2025-02-03,USC00272302,-194.0
2025-02-04,USC00272302,-194.0
2025-02-05,USC00272302,-111.0
2025-02-06,USC00272302,-161.0
2025-02-07,USC00272302,-139.0
2025-02-08,USC00272302,-128.0
2025-02-09,USC00272302,-117.0
2025-02-10,USC00272302,-89.0
2025-02-11,USC00272302,-178.0
2025-02-12,USC00272302,-167.0
2025-02-13,USC00272302,-128.0
2025-02-14,USC00272302,-56.0
2025-02-15,USC00272302,-128.0
2025-02-16,USC00272302,-117.0
2025-02-17,USC00272302,-117.0
2025-02-18,USC00272302,-100.0
2025-02-19,USC00272302,-128.0
2025-02-20,USC00272302,-150.0
2025-02-22,USC00272302,-100.0
2025-02-23,USC00272302,-83.0
2025-02-24,USC00272302,-83.0
2025-02-25,USC00272302,-22.0
2025-02-26,USC00272302,-6.0
2025-02-27,USC00272302,-22.0
2025-02-28,USC00272302,-22.0
2025-03-01,USC00272302,-17.0
2025-03-02,USC00272302,-117.0
2025-03-03,USC00272302,-144.0
2025-03-04,USC00272302,-122.0
2025-03-05,USC00272302,-122.0
2025-03-06,USC00272302,-6.0
2025-03-07,USC00272302,-39.0
2025-03-08,USC00272302,-28.0
2025-03-09,USC00272302,-67.0
2025-03-10,USC00272302,-67.0
2025-03-11,USC00272302,-44.0
2025-03-12,USC00272302,-39.0
2025-03-13,USC00272302,-17.0
2025-03-14,USC00272302,-39.0
2025-03-15,USC00272302,-22.0
2025-03-16,USC00272302,-22.0
2025-03-17,USC00272302,72.0
2025-03-18,USC00272302,11.0
2025-03-19,USC00272302,-33.0
2025-03-20,USC00272302,-28.0
2025-03-21,USC00272302,33.0
2025-03-22,USC00272302,-33.0
2025-03-23,USC00272302,-44.0
2025-03-24,USC00272302,-39.0
2025-03-25,USC00272302,-22.0
2025-02-01,USC00272303,-94.0
2025-02-02,USC00272303,-244.0
2025-02-03,USC00272303,-250.0
2025-02-04,USC00272303,-83.0
2025-02-05,USC00272303,-144.0
2025-02-06,USC00272303,-200.0
2025-02-07,USC00272303,-194.0
2025-02-08,USC00272303,-83.0
2025-02-09,USC00272303,-94.0
2025-02-10,USC00272303,-122.0
2025-02-11,USC00272303,-206.0
2025-02-12,USC00272303,-206.0
2025-02-13,USC00272303,-156.0
2025-02-14,USC00272303,-83.0
2025-02-15,USC00272303,-117.0
2025-02-16,USC00272303,-133.0
2025-02-17,USC00272303,-94.0
2025-02-18,USC00272303,-122.0
2025-02-19,USC00272303,-156.0
2025-02-20,USC00272303,-189.0
2025-02-21,USC00272303,-194.0
2025-02-22,USC00272303,-139.0
2025-02-23,USC00272303,-133.0
2025-02-24,USC00272303,-33.0
2025-02-25,USC00272303,-33.0
2025-02-26,USC00272303,-17.0
2025-02-27,USC00272303,-39.0
2025-02-28,USC00272303,-33.0
2025-03-01,USC00272303,-56.0
2025-03-02,USC00272303,-144.0
2025-03-03,USC00272303,-211.0
2025-03-04,USC00272303,-217.0
2025-03-05,USC00272303,-100.0
2025-03-06,USC00272303,-11.0
2025-03-07,USC00272303,-61.0
2025-03-08,USC00272303,-67.0
2025-03-09,USC00272303,-56.0
2025-03-10,USC00272303,-67.0
2025-03-11,USC00272303,-17.0
2025-03-12,USC00272303,0.0
2025-03-13,USC00272303,-44.0
2025-03-14,USC00272303,-61.0
2025-03-15,USC00272303,-61.0
2025-03-16,USC00272303,-22.0
2025-03-17,USC00272303,44.0
2025-03-18,USC00272303,-11.0
2025-03-19,USC00272303,-33.0
2025-03-20,USC00272303,-39.0
2025-03-21,USC00272303,11.0
2025-03-22,USC00272303,-11.0
2025-03-23,USC00272303,-67.0
2025-03-24,USC00272303,-72.0
2025-03-25,USC00272303,-61.0
2025-02-01,USC00272800,-22.0
2025-02-03,USC00272800,-156.0
2025-02-04,USC00272800,-67.0
2025-02-05,USC00272800,-133.0
2025-02-06,USC00272800,-217.0
2025-02-07,USC00272800,-172.0
2025-02-08,USC00272800,-172.0
2025-02-09,USC00272800,-94.0
2025-02-10,USC00272800,-111.0
2025-02-11,USC00272800,-228.0
2025-02-12,USC00272800,-161.0
2025-02-13,USC00272800,-83.0
2025-02-14,USC00272800,-56.0
2025-02-15,USC00272800,-167.0
2025-02-16,USC00272800,-83.0
2025-02-17,USC00272800,-72.0
2025-02-18,USC00272800,-106.0
2025-02-19,USC00272800,-150.0
2025-02-20,USC00272800,-194.0
2025-02-21,USC00272800,-183.0
2025-02-22,USC00272800,-111.0
2025-02-23,USC00272800,-111.0
2025-02-24,USC00272800,-28.0
2025-02-25,USC00272800,-28.0
2025-02-26,USC00272800,-17.0
2025-02-27,USC00272800,-17.0
2025-02-28,USC00272800,-22.0
2025-03-01,USC00272800,-17.0
2025-03-02,USC00272800,-122.0
2025-03-03,USC00272800,-183.0
2025-03-04,USC00272800,-167.0
2025-03-05,USC00272800,-28.0
2025-03-06,USC00272800,17.0
2025-03-07,USC00272800,-44.0
2025-03-08,USC00272800,-33.0
2025-03-09,USC00272800,-44.0
2025-03-10,USC00272800,-44.0
2025-03-11,USC00272800,-22.0
2025-03-12,USC00272800,11.0
2025-03-13,USC00272800,-17.0
2025-03-14,USC00272800,-56.0
2025-03-15,USC00272800,-56.0
2025-03-16,USC00272800,-11.0
2025-03-17,USC00272800,-6.0
2025-03-18,USC00272800,17.0
2025-03-19,USC00272800,-28.0
2025-03-20,USC00272800,-28.0
2025-03-21,USC00272800,39.0
2025-03-23,USC00272800,-50.0
2025-03-24,USC00272800,-50.0
2025-03-25,USC00272800,-17.0
2025-02-01,USC00272846,-111.0
2025-02-02,USC00272846,-317.0
2025-02-03,USC00272846,-317.0
2025-02-04,USC00272846,-100.0
2025-02-05,USC00272846,-183.0
2025-02-06,USC00272846,-294.0
2025-02-07,USC00272846,-272.0
2025-02-08,USC00272846,-111.0
2025-02-09,USC00272846,-117.0
2025-02-10,USC00272846,-178.0
2025-02-11,USC00272846,-217.0
2025-02-12,USC00272846,-222.0
2025-02-13,USC00272846,-200.0
2025-02-14,USC00272846,-128.0
2025-02-15,USC00272846,-217.0
2025-02-16,USC00272846,-217.0
2025-02-17,USC00272846,-139.0
2025-02-18,USC00272846,-167.0
2025-02-19,USC00272846,-183.0
2025-02-20,USC00272846,-272.0
2025-02-21,USC00272846,-272.0
2025-02-22,USC00272846,-122.0
2025-02-23,USC00272846,-133.0
2025-02-24,USC00272846,-122.0
2025-02-25,USC00272846,-100.0
2025-02-26,USC00272846,-39.0
2025-02-27,USC00272846,-122.0
2025-02-28,USC00272846,-100.0
2025-03-01,USC00272846,-106.0
2025-03-02,USC00272846,-178.0
2025-03-03,USC00272846,-250.0
2025-03-05,USC00272846,-144.0
2025-03-06,USC00272846,-33.0
2025-03-07,USC00272846,-100.0
2025-03-08,USC00272846,-100.0
2025-03-09,USC00272846,-94.0
2025-03-10,USC00272846,-83.0
2025-03-11,USC00272846,-83.0
2025-03-12,USC00272846,-83.0
2025-03-13,USC00272846,-133.0
2025-03-14,USC00272846,-117.0
2025-03-15,USC00272846,-94.0
2025-03-16,USC00272846,-50.0
2025-03-17,USC00272846,0.0
2025-03-18,USC00272846,-56.0
2025-03-19,USC00272846,-61.0
2025-03-20,USC00272846,-28.0
2025-03-21,USC00272846,-17.0
2025-03-22,USC00272846,-50.0
2025-03-23,USC00272846,-111.0
2025-03-24,USC00272846,-117.0
2025-03-25,USC00272846,-100.0
2025-02-01,USC00272999,-133.0
2025-02-02,USC00272999,-344.0
2025-02-03,USC00272999,-328.0
2025-02-04,USC00272999,-94.0
2025-02-05,USC00272999,-211.0
2025-02-06,USC00272999,-311.0
2025-02-08,USC00272999,-139.0
2025-02-09,USC00272999,-167.0
2025-02-10,USC00272999,-139.0
2025-02-11,USC00272999,-272.0
2025-02-12,USC00272999,-272.0
2025-02-13,USC00272999,-244.0
2025-02-14,USC00272999,-144.0
2025-02-15,USC00272999,-244.0
2025-02-16,USC00272999,-244.0
2025-02-17,USC00272999,-156.0
2025-02-18,USC00272999,-183.0
2025-02-19,USC00272999,-194.0
2025-02-20,USC00272999,-250.0
2025-02-21,USC00272999,-250.0
2025-02-22,USC00272999,-144.0
2025-02-23,USC00272999,-161.0
2025-02-24,USC00272999,-117.0
2025-02-25,USC00272999,-94.0
2025-02-26,USC00272999,-22.0
2025-02-27,USC00272999,-139.0
2025-02-28,USC00272999,-61.0
2025-03-01,USC00272999,-133.0
2025-03-02,USC00272999,-183.0
2025-03-03,USC00272999,-300.0
2025-03-05,USC00272999,-111.0
2025-03-06,USC00272999,-28.0
2025-03-07,USC00272999,-111.0
2025-03-08,USC00272999,-111.0
2025-03-09,USC00272999,-117.0
2025-03-10,USC00272999,-94.0
2025-03-11,USC00272999,-117.0
2025-03-12,USC00272999,-111.0
2025-03-13,USC00272999,-128.0
2025-03-14,USC00272999,-78.0
2025-03-15,USC00272999,-61.0
2025-03-16,USC00272999,6.0
2025-03-17,USC00272999,22.0
2025-03-18,USC00272999,-67.0
2025-03-19,USC00272999,-56.0
2025-03-20,USC00272999,0.0
2025-03-21,USC00272999,0.0
2025-03-22,USC00272999,-78.0
2025-03-23,USC00272999,-128.0
2025-03-24,USC00272999,-128.0
2025-03-25,USC00272999,-72.0
2025-02-01,USC00273182,-117.0
2025-02-02,USC00273182,-233.0
2025-02-03,USC00273182,-233.0
2025-02-04,USC00273182,-83.0
2025-02-05,USC00273182,-172.0
2025-02-06,USC00273182,-217.0
2025-02-07,USC00273182,-217.0
2025-02-08,USC00273182,-128.0
2025-02-09,USC00273182,-128.0
2025-02-10,USC00273182,-106.0
2025-02-11,USC00273182,-228.0
2025-02-12,USC00273182,-228.0
2025-02-13,USC00273182,-172.0
2025-02-14,USC00273182,-78.0
2025-02-16,USC00273182,-172.0
2025-02-17,USC00273182,-94.0
2025-02-18,USC00273182,-117.0
2025-02-19,USC00273182,-161.0
2025-02-20,USC00273182,-178.0
2025-02-21,USC00273182,-172.0
2025-02-23,USC00273182,-106.0
2025-02-24,USC00273182,-111.0
2025-02-25,USC00273182,-39.0
2025-02-26,USC00273182,-33.0
2025-02-27,USC00273182,-50.0
2025-02-28,USC00273182,-39.0
2025-03-08,USC00273182,-61.0
2025-03-09,USC00273182,-61.0
2025-03-10,USC00273182,-50.0
2025-03-11,USC00273182,-44.0
2025-03-12,USC00273182,-28.0
2025-03-13,USC00273182,-56.0
2025-03-14,USC00273182,-67.0
2025-03-15,USC00273182,-61.0
2025-03-16,USC00273182,-33.0
2025-03-17,USC00273182,-67.0
2025-03-18,USC00273182,-11.0
2025-03-19,USC00273182,-44.0
2025-03-20,USC00273182,-44.0
2025-03-21,USC00273182,22.0
2025-03-22,USC00273182,-39.0
2025-03-23,USC00273182,-67.0
2025-03-24,USC00273182,-67.0
2025-03-25,USC00273182,-61.0
2025-02-01,USC00273488,-128.0
2025-02-03,USC00273488,-233.0
2025-02-04,USC00273488,-72.0
2025-02-05,USC00273488,-150.0
2025-02-06,USC00273488,-233.0
2025-02-07,USC00273488,-228.0
2025-02-08,USC00273488,-89.0
2025-02-09,USC00273488,-94.0
2025-02-11,USC00273488,-200.0
2025-02-13,USC00273488,-161.0
2025-02-14,USC00273488,-106.0
2025-02-15,USC00273488,-161.0
2025-02-16,USC00273488,-161.0
2025-02-17,USC00273488,-83.0
2025-02-18,USC00273488,-139.0
2025-02-19,USC00273488,-167.0
2025-02-20,USC00273488,-233.0
2025-02-21,USC00273488,-228.0
2025-02-22,USC00273488,-111.0
2025-02-23,USC00273488,-117.0
2025-02-24,USC00273488,-61.0
2025-02-25,USC00273488,-56.0
2025-02-26,USC00273488,-44.0
2025-02-27,USC00273488,-72.0
2025-02-28,USC00273488,-44.0
2025-03-01,USC00273488,-78.0
2025-03-02,USC00273488,-156.0
2025-03-03,USC00273488,-200.0
2025-03-04,USC00273488,-194.0
2025-03-05,USC00273488,-111.0
2025-03-06,USC00273488,-6.0
2025-03-07,USC00273488,-83.0
2025-03-08,USC00273488,-83.0
2025-03-09,USC00273488,-67.0
2025-03-10,USC00273488,-61.0
2025-03-11,USC00273488,-44.0
2025-03-12,USC00273488,-39.0
2025-03-13,USC00273488,-61.0
2025-03-14,USC00273488,-72.0
2025-03-15,USC00273488,-44.0
2025-03-16,USC00273488,-22.0
2025-03-17,USC00273488,33.0
2025-03-18,USC00273488,-39.0
2025-03-19,USC00273488,-44.0
2025-03-20,USC00273488,-22.0
2025-03-21,USC00273488,28.0
2025-03-22,USC00273488,-44.0
2025-03-23,USC00273488,-89.0
2025-03-24,USC00273488,-89.0
2025-03-25,USC00273488,-44.0
2025-02-02,USC00273535,-233.0
2025-02-03,USC00273535,-200.0
2025-02-04,USC00273535,-161.0
2025-02-05,USC00273535,-250.0
2025-02-06,USC00273535,-200.0
2025-02-07,USC00273535,-144.0
2025-02-08,USC00273535,-161.0
2025-02-09,USC00273535,-161.0
2025-02-10,USC00273535,-161.0
2025-02-12,USC00273535,-211.0
2025-02-15,USC00273535,-206.0
2025-02-19,USC00273535,-250.0
2025-02-20,USC00273535,-161.0
2025-02-21,USC00273535,-183.0
2025-02-22,USC00273535,-189.0
2025-02-23,USC00273535,-189.0
2025-02-24,USC00273535,-117.0
2025-02-25,USC00273535,-117.0
2025-02-26,USC00273535,-50.0
2025-02-27,USC00273535,-106.0
2025-02-28,USC00273535,-106.0
2025-03-01,USC00273535,-161.0
2025-03-03,USC00273535,-250.0
2025-03-04,USC00273535,-250.0
2025-03-05,USC00273535,-83.0
2025-03-06,USC00273535,-11.0
2025-03-07,USC00273535,-178.0
2025-03-08,USC00273535,-178.0
2025-03-09,USC00273535,-156.0
2025-03-10,USC00273535,-139.0
2025-03-11,USC00273535,-56.0
2025-03-12,USC00273535,-122.0
2025-03-13,USC00273535,-122.0
2025-03-14,USC00273535,-56.0
2025-03-16,USC00273535,33.0
2025-03-17,USC00273535,33.0
2025-03-18,USC00273535,-89.0
2025-03-22,USC00273535,-100.0
2025-03-23,USC00273535,-178.0
2025-03-24,USC00273535,-178.0
2025-02-12,USC00273626,-172.0
2025-02-13,USC00273626,-83.0
2025-02-14,USC00273626,-50.0
2025-03-05,USC00273626,-50.0
2025-03-06,USC00273626,11.0
2025-03-07,USC00273626,-39.0
2025-02-01,USC00273658,-67.0
2025-02-02,USC00273658,-217.0
2025-02-03,USC00273658,-100.0
2025-02-04,USC00273658,-44.0
2025-02-05,USC00273658,-133.0
2025-02-06,USC00273658,-172.0
2025-02-07,USC00273658,-122.0
2025-02-08,USC00273658,-106.0
2025-02-09,USC00273658,-78.0
2025-02-10,USC00273658,-78.0
2025-02-12,USC00273658,-150.0
2025-02-13,USC00273658,-117.0
2025-02-14,USC00273658,-78.0
2025-02-15,USC00273658,-128.0
2025-02-16,USC00273658,-89.0
2025-02-17,USC00273658,-94.0
2025-02-18,USC00273658,-128.0
2025-02-19,USC00273658,-156.0
2025-02-20,USC00273658,-178.0
2025-02-22,USC00273658,-128.0
2025-02-23,USC00273658,-100.0
2025-02-24,USC00273658,-39.0
2025-02-25,USC00273658,-17.0
2025-02-26,USC00273658,6.0
2025-02-27,USC00273658,-28.0
2025-02-28,USC00273658,-17.0
2025-03-01,USC00273658,-28.0
2025-03-02,USC00273658,-144.0
2025-03-03,USC00273658,-161.0
2025-03-04,USC00273658,-161.0
2025-03-05,USC00273658,-11.0
2025-03-06,USC00273658,44.0
2025-03-07,USC00273658,-67.0
2025-03-08,USC00273658,-50.0
2025-03-09,USC00273658,-67.0
2025-03-11,USC00273658,-44.0
2025-03-12,USC00273658,-6.0
2025-03-13,USC00273658,-33.0
2025-03-14,USC00273658,-56.0
2025-03-15,USC00273658,-11.0
2025-03-16,USC00273658,0.0
2025-03-18,USC00273658,-11.0
2025-03-19,USC00273658,-39.0
2025-03-20,USC00273658,-39.0
2025-03-21,USC00273658,28.0
2025-03-22,USC00273658,-17.0
2025-03-23,USC00273658,-67.0
2025-02-11,USC00273825,-172.0
2025-02-12,USC00273825,-167.0
2025-02-13,USC00273825,-78.0
2025-02-14,USC00273825,-78.0
2025-02-18,USC00273825,-117.0
2025-02-19,USC00273825,-150.0
2025-02-20,USC00273825,-183.0
2025-02-21,USC00273825,-167.0
2025-03-11,USC00273825,-61.0
2025-03-12,USC00273825,-44.0
2025-03-13,USC00273825,-33.0
2025-03-14,USC00273825,-56.0
2025-02-03,USC00273850,-89.0
2025-02-04,USC00273850,-44.0
2025-02-05,USC00273850,-161.0
2025-02-06,USC00273850,-200.0
2025-02-10,USC00273850,-78.0
2025-02-11,USC00273850,-200.0
2025-02-12,USC00273850,-144.0
2025-02-13,USC00273850,-50.0
2025-02-17,USC00273850,-100.0
2025-02-18,USC00273850,-117.0
2025-02-19,USC00273850,-183.0
2025-02-22,USC00273850,-150.0
2025-02-23,USC00273850,-50.0
2025-02-24,USC00273850,-28.0
2025-02-25,USC00273850,-6.0
2025-02-26,USC00273850,-6.0
2025-02-27,USC00273850,-33.0
2025-03-02,USC00273850,-139.0
2025-03-03,USC00273850,-200.0
2025-03-04,USC00273850,-100.0
2025-03-05,USC00273850,-11.0
2025-03-06,USC00273850,33.0
2025-03-07,USC00273850,-61.0
2025-03-09,USC00273850,-56.0
2025-03-10,USC00273850,-28.0
2025-03-11,USC00273850,-33.0
2025-03-15,USC00273850,-17.0
2025-03-17,USC00273850,44.0
2025-03-18,USC00273850,-22.0
2025-03-19,USC00273850,-28.0
2025-03-21,USC00273850,-6.0
2025-03-09,USC00273856,-139.0
2025-03-17,USC00273856,22.0
2025-02-01,USC00273860,-94.0
2025-02-02,USC00273860,-211.0
2025-02-04,USC00273860,-111.0
2025-02-05,USC00273860,-189.0
2025-02-06,USC00273860,-211.0
2025-02-07,USC00273860,-128.0
2025-02-08,USC00273860,-150.0
2025-02-09,USC00273860,-150.0
2025-02-10,USC00273860,-139.0
2025-02-11,USC00273860,-178.0
2025-02-13,USC00273860,-150.0
2025-02-14,USC00273860,-150.0
2025-02-15,USC00273860,-161.0
2025-02-16,USC00273860,-178.0
2025-02-17,USC00273860,-189.0
2025-02-18,USC00273860,-222.0
2025-02-23,USC00273860,-128.0
2025-02-24,USC00273860,-150.0
2025-02-25,USC00273860,-150.0
2025-02-26,USC00273860,-33.0
2025-02-27,USC00273860,-78.0
2025-03-02,USC00273860,-222.0
2025-03-03,USC00273860,-222.0
2025-03-04,USC00273860,-178.0
2025-03-05,USC00273860,-128.0
2025-03-06,USC00273860,0.0
2025-03-07,USC00273860,-150.0
2025-03-08,USC00273860,-150.0
2025-03-09,USC00273860,-139.0
2025-03-10,USC00273860,-139.0
2025-03-11,USC00273860,-56.0
2025-03-12,USC00273860,-133.0
2025-03-15,USC00273860,-78.0
2025-03-16,USC00273860,50.0
2025-03-17,USC00273860,11.0
2025-03-18,USC00273860,-61.0
2025-03-19,USC00273860,-50.0
2025-03-20,USC00273860,22.0
2025-03-22,USC00273860,-83.0
2025-03-23,USC00273860,-167.0
2025-03-24,USC00273860,-167.0
2025-03-25,USC00273860,-94.0
2025-02-01,USC00274218,-94.0
2025-02-02,USC00274218,-211.0
2025-02-03,USC00274218,-222.0
2025-02-04,USC00274218,-83.0
2025-02-05,USC00274218,-144.0
2025-02-06,USC00274218,-194.0
2025-02-07,USC00274218,-194.0
2025-02-08,USC00274218,-122.0
2025-02-09,USC00274218,-128.0
2025-02-10,USC00274218,-78.0
2025-02-11,USC00274218,-183.0
2025-02-12,USC00274218,-178.0
2025-02-13,USC00274218,-167.0
2025-02-14,USC00274218,-67.0
2025-02-15,USC00274218,-150.0
2025-02-16,USC00274218,-150.0
2025-02-17,USC00274218,-72.0
2025-02-18,USC00274218,-111.0
2025-02-19,USC00274218,-150.0
2025-02-20,USC00274218,-161.0
2025-02-21,USC00274218,-161.0
2025-02-22,USC00274218,-111.0
2025-02-23,USC00274218,-111.0
2025-02-24,USC00274218,-67.0
2025-02-25,USC00274218,-22.0
2025-02-26,USC00274218,-17.0
2025-02-27,USC00274218,-39.0
2025-02-28,USC00274218,-22.0
2025-03-01,USC00274218,-22.0
2025-03-02,USC00274218,-117.0
2025-03-03,USC00274218,-144.0
2025-03-04,USC00274218,-144.0
2025-03-06,USC00274218,-11.0
2025-03-07,USC00274218,-56.0
2025-03-08,USC00274218,-56.0
2025-03-09,USC00274218,-39.0
2025-03-10,USC00274218,-44.0
2025-03-11,USC00274218,-50.0
2025-03-12,USC00274218,-50.0
2025-03-13,USC00274218,-33.0
2025-03-14,USC00274218,-56.0
2025-03-15,USC00274218,-56.0
2025-03-16,USC00274218,72.0
2025-03-17,USC00274218,94.0
2025-03-18,USC00274218,-11.0
2025-03-19,USC00274218,-39.0
2025-03-20,USC00274218,-39.0
2025-03-21,USC00274218,28.0
2025-03-22,USC00274218,-6.0
2025-03-23,USC00274218,-50.0
2025-03-24,USC00274218,-50.0
2025-02-01,USC00274234,-22.0
2025-02-02,USC00274234,-194.0
2025-02-03,USC00274234,-200.0
2025-02-04,USC00274234,-67.0
2025-02-05,USC00274234,-133.0
2025-02-06,USC00274234,-161.0
2025-02-07,USC00274234,-139.0
2025-02-08,USC00274234,-122.0
2025-02-09,USC00274234,-117.0
2025-02-10,USC00274234,-89.0
2025-02-11,USC00274234,-178.0
2025-02-12,USC00274234,-172.0
2025-02-13,USC00274234,-100.0
2025-02-14,USC00274234,-44.0
2025-02-15,USC00274234,-128.0
2025-02-16,USC00274234,-128.0
2025-02-17,USC00274234,-56.0
2025-02-18,USC00274234,-94.0
2025-02-19,USC00274234,-128.0
2025-02-20,USC00274234,-161.0
2025-02-21,USC00274234,-156.0
2025-02-22,USC00274234,-106.0
2025-02-23,USC00274234,-94.0
2025-02-24,USC00274234,-56.0
2025-02-25,USC00274234,-28.0
2025-02-26,USC00274234,-17.0
2025-02-27,USC00274234,-28.0
2025-02-28,USC00274234,-33.0
2025-03-01,USC00274234,-28.0
2025-03-02,USC00274234,-111.0
2025-03-03,USC00274234,-150.0
2025-03-04,USC00274234,-139.0
2025-03-05,USC00274234,-72.0
2025-03-06,USC00274234,0.0
2025-03-07,USC00274234,-39.0
2025-03-08,USC00274234,-33.0
2025-03-09,USC00274234,-67.0
2025-03-10,USC00274234,-56.0
2025-03-11,USC00274234,-39.0
2025-03-12,USC00274234,-22.0
2025-03-13,USC00274234,-17.0
2025-03-14,USC00274234,-39.0
2025-03-15,USC00274234,-22.0
2025-03-16,USC00274234,-11.0
2025-03-17,USC00274234,83.0
2025-03-18,USC00274234,11.0
2025-03-19,USC00274234,-33.0
2025-03-20,USC00274234,-22.0
2025-03-21,USC00274234,39.0
2025-03-22,USC00274234,-33.0
2025-03-23,USC00274234,-39.0
2025-03-24,USC00274234,-33.0
2025-03-25,USC00274234,-11.0
2025-02-01,USC00274304,-61.0
2025-02-02,USC00274304,-222.0
2025-02-03,USC00274304,-189.0
2025-02-04,USC00274304,-28.0
2025-02-05,USC00274304,-117.0
2025-02-06,USC00274304,-156.0
2025-02-07,USC00274304,-106.0
2025-02-08,USC00274304,-83.0
2025-02-09,USC00274304,-61.0
2025-02-10,USC00274304,-83.0
2025-02-11,USC00274304,-172.0
2025-02-12,USC00274304,-139.0
2025-02-13,USC00274304,-83.0
2025-02-14,USC00274304,-72.0
2025-02-15,USC00274304,-117.0
2025-02-16,USC00274304,-56.0
2025-02-17,USC00274304,-78.0
2025-02-18,USC00274304,-106.0
2025-02-19,USC00274304,-133.0
2025-02-20,USC00274304,-161.0
2025-02-21,USC00274304,-89.0
2025-02-22,USC00274304,-111.0
2025-02-23,USC00274304,-72.0
2025-02-24,USC00274304,-33.0
2025-02-25,USC00274304,-11.0
2025-02-26,USC00274304,28.0
2025-02-27,USC00274304,-17.0
2025-02-28,USC00274304,11.0
2025-03-01,USC00274304,-6.0
2025-03-02,USC00274304,-100.0
2025-03-03,USC00274304,-144.0
2025-03-04,USC00274304,-122.0
2025-03-05,USC00274304,-61.0
2025-03-06,USC00274304,-156.0
2025-03-07,USC00274304,-50.0
2025-03-08,USC00274304,-39.0
2025-03-09,USC00274304,-50.0
2025-03-10,USC00274304,-22.0
2025-03-11,USC00274304,-33.0
2025-03-12,USC00274304,6.0
2025-03-13,USC00274304,-6.0
2025-03-14,USC00274304,-33.0
2025-03-15,USC00274304,0.0
2025-03-16,USC00274304,44.0
2025-03-17,USC00274304,83.0
2025-03-18,USC00274304,-161.0
2025-03-19,USC00274304,-22.0
2025-03-20,USC00274304,0.0
2025-03-21,USC00274304,33.0
2025-03-22,USC00274304,-17.0
2025-03-23,USC00274304,-56.0
2025-03-24,USC00274304,-56.0
2025-02-01,USC00274329,-100.0
2025-02-02,USC00274329,-267.0
2025-02-03,USC00274329,-267.0
2025-02-04,USC00274329,-78.0
2025-02-05,USC00274329,-172.0
2025-02-06,USC00274329,-233.0
2025-02-07,USC00274329,-233.0
2025-02-08,USC00274329,-106.0
2025-02-09,USC00274329,-106.0
2025-02-10,USC00274329,-89.0
2025-02-11,USC00274329,-167.0
2025-02-12,USC00274329,-161.0
2025-02-13,USC00274329,-139.0
2025-02-14,USC00274329,-122.0
2025-02-15,USC00274329,-178.0
2025-02-16,USC00274329,-178.0
2025-02-17,USC00274329,-122.0
2025-02-18,USC00274329,-156.0
2025-02-19,USC00274329,-183.0
2025-02-20,USC00274329,-222.0
2025-02-21,USC00274329,-222.0
2025-02-22,USC00274329,-122.0
2025-02-23,USC00274329,-122.0
2025-02-24,USC00274329,-50.0
2025-02-25,USC00274329,-50.0
2025-02-26,USC00274329,-11.0
2025-02-28,USC00274329,-11.0
2025-03-01,USC00274329,-22.0
2025-03-02,USC00274329,-167.0
2025-03-03,USC00274329,-228.0
2025-03-04,USC00274329,-261.0
2025-03-05,USC00274329,-106.0
2025-03-06,USC00274329,-11.0
2025-03-07,USC00274329,-100.0
2025-03-08,USC00274329,-94.0
2025-03-09,USC00274329,-83.0
2025-03-10,USC00274329,-83.0
2025-03-11,USC00274329,-33.0
2025-03-12,USC00274329,-50.0
2025-03-13,USC00274329,-78.0
2025-03-14,USC00274329,-78.0
2025-03-15,USC00274329,-56.0
2025-03-16,USC00274329,-11.0
2025-03-17,USC00274329,78.0
2025-03-18,USC00274329,-44.0
2025-03-19,USC00274329,-44.0
2025-03-20,USC00274329,-28.0
2025-03-21,USC00274329,22.0
2025-03-22,USC00274329,-67.0
2025-03-23,USC00274329,-94.0
2025-03-24,USC00274329,-94.0
2025-03-25,USC00274329,-39.0
2025-02-01,USC00274399,-106.0
2025-02-02,USC00274399,-217.0
2025-02-03,USC00274399,-211.0
2025-02-04,USC00274399,-67.0
2025-02-05,USC00274399,-161.0
2025-02-06,USC00274399,-189.0
2025-02-07,USC00274399,-161.0
2025-02-08,USC00274399,-111.0
2025-02-09,USC00274399,-89.0
2025-02-10,USC00274399,-106.0
2025-02-11,USC00274399,-172.0
2025-02-12,USC00274399,-178.0
2025-02-13,USC00274399,-172.0
2025-02-14,USC00274399,-67.0
2025-02-15,USC00274399,-150.0
2025-02-16,USC00274399,-139.0
2025-02-17,USC00274399,-67.0
2025-02-18,USC00274399,-106.0
2025-02-19,USC00274399,-144.0
2025-02-20,USC00274399,-178.0
2025-02-21,USC00274399,-172.0
2025-02-22,USC00274399,-133.0
2025-02-23,USC00274399,-122.0
2025-02-24,USC00274399,-83.0
2025-02-25,USC00274399,-33.0
2025-02-26,USC00274399,-17.0
2025-02-27,USC00274399,-28.0
2025-02-28,USC00274399,-17.0
2025-03-01,USC00274399,-39.0
2025-03-02,USC00274399,-128.0
2025-03-03,USC00274399,-183.0
2025-03-04,USC00274399,-183.0
2025-03-05,USC00274399,-100.0
2025-03-06,USC00274399,-17.0
2025-03-07,USC00274399,-50.0
2025-03-08,USC00274399,-50.0
2025-03-09,USC00274399,-83.0
2025-03-10,USC00274399,-89.0
2025-03-11,USC00274399,-61.0
2025-03-12,USC00274399,-61.0
2025-03-13,USC00274399,-22.0
2025-03-14,USC00274399,-56.0
2025-03-15,USC00274399,-56.0
2025-03-16,USC00274399,-17.0
2025-03-17,USC00274399,33.0
2025-03-18,USC00274399,-11.0
2025-03-19,USC00274399,-44.0
2025-03-20,USC00274399,-44.0
2025-03-21,USC00274399,39.0
2025-03-22,USC00274399,-56.0
2025-03-23,USC00274399,-56.0
2025-03-24,USC00274399,-56.0
2025-03-25,USC00274399,-17.0
2025-02-01,USC00274480,-122.0
2025-02-02,USC00274480,-211.0
2025-02-03,USC00274480,-200.0
2025-02-04,USC00274480,-39.0
2025-02-05,USC00274480,-150.0
2025-02-06,USC00274480,-194.0
2025-02-07,USC00274480,-194.0
2025-02-08,USC00274480,-122.0
2025-02-09,USC00274480,-100.0
2025-02-10,USC00274480,-106.0
2025-02-11,USC00274480,-189.0
2025-02-12,USC00274480,-189.0
2025-02-13,USC00274480,-144.0
2025-02-14,USC00274480,-61.0
2025-02-15,USC00274480,-128.0
2025-02-16,USC00274480,-67.0
2025-02-17,USC00274480,-89.0
2025-02-18,USC00274480,-117.0
2025-02-19,USC00274480,-167.0
2025-02-20,USC00274480,-178.0
2025-02-21,USC00274480,-172.0
2025-02-22,USC00274480,-78.0
2025-02-23,USC00274480,-67.0
2025-02-24,USC00274480,-56.0
2025-02-25,USC00274480,-56.0
2025-02-26,USC00274480,-33.0
2025-02-27,USC00274480,-39.0
2025-02-28,USC00274480,-22.0
2025-03-02,USC00274480,-133.0
2025-03-03,USC00274480,-167.0
2025-03-04,USC00274480,-161.0
2025-03-05,USC00274480,-78.0
2025-03-06,USC00274480,6.0
2025-03-07,USC00274480,-72.0
2025-03-08,USC00274480,-61.0
2025-03-09,USC00274480,-61.0
2025-03-10,USC00274480,-61.0
2025-03-11,USC00274480,-22.0
2025-03-12,USC00274480,6.0
2025-03-13,USC00274480,-50.0
2025-03-14,USC00274480,-50.0
2025-03-15,USC00274480,-44.0
2025-03-16,USC00274480,6.0
2025-03-17,USC00274480,78.0
2025-03-18,USC00274480,-6.0
2025-03-19,USC00274480,-11.0
2025-03-20,USC00274480,-6.0
2025-03-21,USC00274480,28.0
2025-03-22,USC00274480,-22.0
2025-03-23,USC00274480,-56.0
2025-03-24,USC00274480,-56.0
2025-03-25,USC00274480,-50.0
2025-02-01,USC00274734,-128.0
2025-02-02,USC00274734,-233.0
2025-02-03,USC00274734,-233.0
2025-02-04,USC00274734,-83.0
2025-02-05,USC00274734,-139.0
2025-02-06,USC00274734,-222.0
2025-02-08,USC00274734,-100.0
2025-02-09,USC00274734,-94.0
2025-02-10,USC00274734,-100.0
2025-02-11,USC00274734,-211.0
2025-02-12,USC00274734,-217.0
2025-02-13,USC00274734,-156.0
2025-02-14,USC00274734,-94.0
2025-02-15,USC00274734,-133.0
2025-02-16,USC00274734,-133.0
2025-02-18,USC00274734,-133.0
2025-02-19,USC00274734,-156.0
2025-02-20,USC00274734,-172.0
2025-02-21,USC00274734,-161.0
2025-02-22,USC00274734,-111.0
2025-02-23,USC00274734,-106.0
2025-02-24,USC00274734,-67.0
2025-02-25,USC00274734,-56.0
2025-02-26,USC00274734,-44.0
2025-02-27,USC00274734,-50.0
2025-02-28,USC00274734,-44.0
2025-03-01,USC00274734,-67.0
2025-03-02,USC00274734,-156.0
2025-03-03,USC00274734,-178.0
2025-03-04,USC00274734,-178.0
2025-03-05,USC00274734,-106.0
2025-03-06,USC00274734,-28.0
2025-03-07,USC00274734,-78.0
2025-03-08,USC00274734,-78.0
2025-03-09,USC00274734,-72.0
2025-03-10,USC00274734,-67.0
2025-03-11,USC00274734,-44.0
2025-03-12,USC00274734,-44.0
2025-03-13,USC00274734,-67.0
2025-03-14,USC00274734,-61.0
2025-03-15,USC00274734,-56.0
2025-03-16,USC00274734,-28.0
2025-03-17,USC00274734,33.0
2025-03-18,USC00274734,-28.0
2025-03-19,USC00274734,-39.0
2025-03-20,USC00274734,-22.0
2025-03-21,USC00274734,33.0
2025-03-22,USC00274734,-50.0
2025-03-23,USC00274734,-83.0
2025-03-24,USC00274734,-83.0
2025-03-25,USC00274734,-50.0
2025-02-01,USC00274810,-122.0
2025-02-02,USC00274810,-189.0
2025-02-04,USC00274810,-78.0
2025-02-05,USC00274810,-178.0
2025-02-06,USC00274810,-178.0
2025-02-07,USC00274810,-156.0
2025-02-08,USC00274810,-106.0
2025-02-09,USC00274810,-100.0
2025-02-10,USC00274810,-89.0
2025-02-11,USC00274810,-133.0
2025-02-13,USC00274810,-122.0
2025-02-14,USC00274810,-122.0
2025-02-15,USC00274810,-139.0
2025-02-16,USC00274810,-167.0
2025-02-17,USC00274810,-222.0
2025-02-18,USC00274810,-178.0
2025-02-19,USC00274810,-200.0
2025-02-20,USC00274810,-189.0
2025-02-21,USC00274810,-122.0
2025-02-23,USC00274810,-133.0
2025-02-24,USC00274810,-78.0
2025-02-25,USC00274810,-67.0
2025-02-26,USC00274810,-17.0
2025-02-27,USC00274810,-61.0
2025-03-02,USC00274810,-206.0
2025-03-03,USC00274810,-206.0
2025-03-04,USC00274810,-194.0
2025-03-05,USC00274810,-89.0
2025-03-07,USC00274810,-122.0
2025-03-08,USC00274810,-144.0
2025-03-09,USC00274810,-144.0
2025-03-10,USC00274810,-106.0
2025-03-12,USC00274810,-67.0
2025-03-15,USC00274810,-56.0
2025-03-16,USC00274810,-11.0
2025-03-17,USC00274810,39.0
2025-03-18,USC00274810,-61.0
2025-03-19,USC00274810,-50.0
2025-03-20,USC00274810,-33.0
2025-03-21,USC00274810,0.0
2025-03-22,USC00274810,-56.0
2025-03-23,USC00274810,-128.0
2025-03-24,USC00274810,-122.0
2025-03-25,USC00274810,-72.0
2025-02-05,USC00275013,-133.0
2025-02-06,USC00275013,-183.0
2025-02-07,USC00275013,-172.0
2025-02-10,USC00275013,-89.0
2025-02-11,USC00275013,-178.0
2025-02-12,USC00275013,-183.0
2025-02-13,USC00275013,-161.0
2025-02-14,USC00275013,-67.0
2025-02-17,USC00275013,-139.0
2025-02-18,USC00275013,-117.0
2025-02-19,USC00275013,-150.0
2025-02-20,USC00275013,-156.0
2025-02-21,USC00275013,-161.0
2025-02-25,USC00275013,-33.0
2025-02-26,USC00275013,11.0
2025-02-27,USC00275013,-28.0
2025-02-28,USC00275013,-6.0
2025-03-04,USC00275013,-167.0
2025-03-05,USC00275013,-72.0
2025-03-06,USC00275013,28.0
2025-03-11,USC00275013,-44.0
2025-03-13,USC00275013,-17.0
2025-03-14,USC00275013,-50.0
2025-03-18,USC00275013,-11.0
2025-03-19,USC00275013,-28.0
2025-03-20,USC00275013,-33.0
2025-03-21,USC00275013,22.0
2025-03-25,USC00275013,-11.0
2025-02-01,USC00275211,-200.0
2025-02-02,USC00275211,-189.0
2025-02-03,USC00275211,-94.0
2025-02-04,USC00275211,-117.0
2025-02-05,USC00275211,-172.0
2025-02-06,USC00275211,-156.0
2025-02-07,USC00275211,-161.0
2025-02-08,USC00275211,-139.0
2025-02-09,USC00275211,-122.0
2025-02-10,USC00275211,-206.0
2025-02-11,USC00275211,-211.0
2025-02-12,USC00275211,-144.0
2025-02-13,USC00275211,-56.0
2025-02-14,USC00275211,-150.0
2025-02-15,USC00275211,-150.0
2025-02-16,USC00275211,-61.0
2025-02-17,USC00275211,-94.0
2025-02-18,USC00275211,-133.0
2025-02-19,USC00275211,-150.0
2025-02-20,USC00275211,-133.0
2025-02-21,USC00275211,-94.0
2025-02-22,USC00275211,-94.0
2025-02-23,USC00275211,-28.0
2025-02-24,USC00275211,-28.0
2025-02-25,USC00275211,-11.0
2025-02-26,USC00275211,-22.0
2025-02-27,USC00275211,-22.0
2025-02-28,USC00275211,-17.0
2025-03-01,USC00275211,-17.0
2025-03-02,USC00275211,-111.0
2025-03-03,USC00275211,-139.0
2025-03-04,USC00275211,-122.0
2025-03-05,USC00275211,-56.0
2025-03-07,USC00275211,-44.0
2025-03-08,USC00275211,-44.0
2025-03-09,USC00275211,-39.0
2025-03-10,USC00275211,-33.0
2025-03-11,USC00275211,-6.0
2025-03-12,USC00275211,-17.0
2025-03-13,USC00275211,-50.0
2025-03-14,USC00275211,-44.0
2025-03-15,USC00275211,-17.0
2025-03-16,USC00275211,56.0
2025-03-19,USC00275211,-22.0
2025-03-20,USC00275211,28.0
2025-03-21,USC00275211,-28.0
2025-03-22,USC00275211,-44.0
2025-03-23,USC00275211,-44.0
2025-03-24,USC00275211,-17.0
2025-02-01,USC00275703,-22.0
2025-02-02,USC00275703,-200.0
2025-02-03,USC00275703,-150.0
2025-02-04,USC00275703,-72.0
2025-02-05,USC00275703,-122.0
2025-02-06,USC00275703,-161.0
2025-02-07,USC00275703,-139.0
2025-02-08,USC00275703,-106.0
2025-02-09,USC00275703,-106.0
2025-02-10,USC00275703,-94.0
2025-02-11,USC00275703,-161.0
2025-02-12,USC00275703,-161.0
2025-02-13,USC00275703,-111.0
2025-02-14,USC00275703,-56.0
2025-02-15,USC00275703,-122.0
2025-02-16,USC00275703,-111.0
2025-02-17,USC00275703,-67.0
2025-02-18,USC00275703,-122.0
2025-02-19,USC00275703,-133.0
2025-02-20,USC00275703,-156.0
2025-02-21,USC00275703,-117.0
2025-02-22,USC00275703,-106.0
2025-02-23,USC00275703,-150.0
2025-02-24,USC00275703,-44.0
2025-02-25,USC00275703,-44.0
2025-02-26,USC00275703,6.0
2025-02-27,USC00275703,-28.0
2025-02-28,USC00275703,-22.0
2025-03-01,USC00275703,-11.0
2025-03-02,USC00275703,-117.0
2025-03-03,USC00275703,-139.0
2025-03-04,USC00275703,-106.0
2025-03-05,USC00275703,-22.0
2025-03-06,USC00275703,11.0
2025-03-07,USC00275703,-44.0
2025-03-08,USC00275703,-39.0
2025-03-09,USC00275703,-61.0
2025-03-10,USC00275703,-61.0
2025-03-11,USC00275703,-50.0
2025-03-12,USC00275703,6.0
2025-03-13,USC00275703,-11.0
2025-03-14,USC00275703,-22.0
2025-03-15,USC00275703,-33.0
2025-03-16,USC00275703,22.0
2025-03-17,USC00275703,67.0
2025-03-18,USC00275703,11.0
2025-03-19,USC00275703,-33.0
2025-03-20,USC00275703,-33.0
2025-03-21,USC00275703,28.0
2025-03-22,USC00275703,-28.0
2025-03-23,USC00275703,-44.0
2025-03-24,USC00275703,-44.0
2025-03-25,USC00275703,-22.0
2025-02-02,USC00275868,-256.0
2025-02-04,USC00275868,-61.0
2025-02-05,USC00275868,-183.0
2025-02-06,USC00275868,-200.0
2025-02-09,USC00275868,-67.0
2025-02-10,USC00275868,-106.0
2025-02-11,USC00275868,-222.0
2025-02-12,USC00275868,-222.0
2025-02-13,USC00275868,-217.0
2025-02-16,USC00275868,-183.0
2025-02-17,USC00275868,-94.0
2025-02-20,USC00275868,-206.0
2025-02-24,USC00275868,-33.0
2025-03-03,USC00275868,-194.0
2025-03-04,USC00275868,-167.0
2025-03-05,USC00275868,-100.0
2025-03-06,USC00275868,-39.0
2025-03-09,USC00275868,-94.0
2025-03-10,USC00275868,-39.0
2025-03-11,USC00275868,-22.0
2025-03-12,USC00275868,-22.0
2025-03-13,USC00275868,-50.0
2025-03-16,USC00275868,-33.0
2025-03-17,USC00275868,50.0
2025-03-22,USC00275868,-50.0
2025-03-23,USC00275868,-100.0
2025-03-24,USC00275868,-56.0
2025-02-01,USC00275995,-117.0
2025-02-02,USC00275995,-228.0
2025-02-03,USC00275995,-217.0
2025-02-04,USC00275995,-78.0
2025-02-05,USC00275995,-139.0
2025-02-06,USC00275995,-206.0
2025-02-07,USC00275995,-161.0
2025-02-08,USC00275995,-83.0
2025-02-09,USC00275995,-83.0
2025-02-10,USC00275995,-128.0
2025-02-11,USC00275995,-200.0
2025-02-12,USC00275995,-172.0
2025-02-13,USC00275995,-106.0
2025-02-14,USC00275995,-83.0
2025-02-15,USC00275995,-117.0
2025-02-16,USC00275995,-117.0
2025-02-17,USC00275995,-94.0
2025-02-18,USC00275995,-122.0
2025-02-19,USC00275995,-139.0
2025-02-20,USC00275995,-178.0
2025-02-21,USC00275995,-117.0
2025-02-22,USC00275995,-111.0
2025-02-23,USC00275995,-94.0
2025-02-24,USC00275995,-61.0
2025-02-25,USC00275995,-50.0
2025-02-26,USC00275995,-39.0
2025-02-27,USC00275995,-50.0
2025-02-28,USC00275995,-33.0
2025-03-01,USC00275995,-61.0
2025-03-02,USC00275995,-139.0
2025-03-03,USC00275995,-194.0
2025-03-04,USC00275995,-150.0
2025-03-05,USC00275995,-83.0
2025-03-06,USC00275995,-6.0
2025-03-07,USC00275995,-67.0
2025-03-08,USC00275995,-67.0
2025-03-09,USC00275995,-50.0
2025-03-10,USC00275995,-44.0
2025-03-11,USC00275995,-33.0
2025-03-12,USC00275995,-17.0
2025-03-13,USC00275995,-50.0
2025-03-14,USC00275995,-50.0
2025-03-15,USC00275995,-28.0
2025-03-16,USC00275995,-22.0
2025-03-17,USC00275995,44.0
2025-03-18,USC00275995,-6.0
2025-03-19,USC00275995,-28.0
2025-03-20,USC00275995,-6.0
2025-03-21,USC00275995,22.0
2025-03-22,USC00275995,-17.0
2025-03-23,USC00275995,-67.0
2025-03-24,USC00275995,-67.0
2025-03-25,USC00275995,-72.0
2025-02-01,USC00276365,-117.0
2025-02-02,USC00276365,-328.0
2025-02-03,USC00276365,-306.0
2025-02-04,USC00276365,-94.0
2025-02-05,USC00276365,-228.0
2025-02-06,USC00276365,-272.0
2025-02-07,USC00276365,-239.0
2025-02-08,USC00276365,-150.0
2025-02-09,USC00276365,-144.0
2025-02-10,USC00276365,-111.0
2025-02-11,USC00276365,-189.0
2025-02-12,USC00276365,-194.0
2025-02-13,USC00276365,-183.0
2025-02-14,USC00276365,-150.0
2025-02-15,USC00276365,-239.0
2025-02-16,USC00276365,-194.0
2025-02-17,USC00276365,-144.0
2025-02-18,USC00276365,-172.0
2025-02-19,USC00276365,-217.0
2025-02-20,USC00276365,-278.0
2025-02-21,USC00276365,-222.0
2025-02-22,USC00276365,-133.0
2025-02-23,USC00276365,-122.0
2025-02-24,USC00276365,-67.0
2025-02-25,USC00276365,-61.0
2025-02-26,USC00276365,-33.0
2025-02-27,USC00276365,-106.0
2025-02-28,USC00276365,-56.0
2025-03-01,USC00276365,-94.0
2025-03-02,USC00276365,-189.0
2025-03-03,USC00276365,-289.0
2025-03-04,USC00276365,-222.0
2025-03-05,USC00276365,-83.0
2025-03-06,USC00276365,-28.0
2025-03-07,USC00276365,-100.0
2025-03-08,USC00276365,-94.0
2025-03-09,USC00276365,-133.0
2025-03-10,USC00276365,-117.0
2025-03-11,USC00276365,-61.0
2025-03-12,USC00276365,-67.0
2025-03-13,USC00276365,-100.0
2025-03-14,USC00276365,-100.0
2025-03-15,USC00276365,-67.0
2025-03-16,USC00276365,-39.0
2025-03-17,USC00276365,28.0
2025-03-18,USC00276365,-67.0
2025-03-19,USC00276365,-61.0
2025-03-20,USC00276365,-50.0
2025-03-21,USC00276365,-6.0
2025-03-22,USC00276365,-83.0
2025-03-23,USC00276365,-106.0
2025-03-24,USC00276365,-111.0
2025-03-25,USC00276365,-72.0
2025-02-04,USC00276550,-72.0
2025-02-05,USC00276550,-133.0
2025-02-06,USC00276550,-183.0
2025-02-07,USC00276550,-161.0
2025-02-11,USC00276550,-167.0
2025-02-12,USC00276550,-172.0
2025-02-13,USC00276550,-161.0
2025-02-14,USC00276550,-67.0
2025-02-15,USC00276550,-150.0
2025-02-16,USC00276550,-67.0
2025-02-17,USC00276550,-156.0
2025-02-18,USC00276550,-111.0
2025-02-19,USC00276550,-150.0
2025-02-20,USC00276550,-200.0
2025-02-21,USC00276550,-194.0
2025-02-25,USC00276550,-33.0
2025-02-26,USC00276550,-17.0
2025-02-27,USC00276550,-28.0
2025-02-28,USC00276550,-17.0
2025-03-01,USC00276550,-22.0
2025-03-02,USC00276550,-128.0
2025-03-03,USC00276550,-178.0
2025-03-04,USC00276550,-178.0
2025-03-05,USC00276550,-83.0
2025-03-06,USC00276550,-11.0
2025-03-07,USC00276550,-56.0
2025-03-08,USC00276550,-56.0
2025-03-09,USC00276550,-78.0
2025-03-10,USC00276550,-78.0
2025-03-11,USC00276550,-44.0
2025-03-12,USC00276550,-39.0
2025-03-13,USC00276550,-22.0
2025-03-14,USC00276550,-50.0
2025-03-15,USC00276550,-50.0
2025-03-16,USC00276550,-17.0
2025-03-17,USC00276550,-50.0
2025-03-18,USC00276550,-22.0
2025-03-19,USC00276550,-28.0
2025-03-20,USC00276550,-28.0
2025-03-21,USC00276550,33.0
2025-03-22,USC00276550,-44.0
2025-03-23,USC00276550,-50.0
2025-03-24,USC00276550,-61.0
2025-03-25,USC00276550,0.0
2025-02-01,USC00276818,-117.0
2025-02-02,USC00276818,-233.0
2025-02-03,USC00276818,-239.0
2025-02-04,USC00276818,-83.0
2025-02-05,USC00276818,-156.0
2025-02-06,USC00276818,-217.0
2025-02-07,USC00276818,-161.0
2025-02-08,USC00276818,-111.0
2025-02-09,USC00276818,-111.0
2025-02-11,USC00276818,-156.0
2025-02-12,USC00276818,-156.0
2025-02-13,USC00276818,-161.0
2025-02-14,USC00276818,-122.0
2025-02-15,USC00276818,-133.0
2025-02-16,USC00276818,-139.0
2025-02-17,USC00276818,-128.0
2025-02-18,USC00276818,-161.0
2025-02-20,USC00276818,-183.0
2025-02-21,USC00276818,-183.0
2025-02-22,USC00276818,-144.0
2025-02-23,USC00276818,-144.0
2025-02-24,USC00276818,-139.0
2025-02-25,USC00276818,-144.0
2025-02-26,USC00276818,-11.0
2025-02-27,USC00276818,-83.0
2025-02-28,USC00276818,-56.0
2025-03-01,USC00276818,-100.0
2025-03-02,USC00276818,-167.0
2025-03-03,USC00276818,-189.0
2025-03-04,USC00276818,-189.0
2025-03-05,USC00276818,-111.0
2025-03-06,USC00276818,-11.0
2025-03-07,USC00276818,-83.0
2025-03-08,USC00276818,-111.0
2025-03-09,USC00276818,-106.0
2025-03-10,USC00276818,-78.0
2025-03-11,USC00276818,-39.0
2025-03-12,USC00276818,-33.0
2025-03-13,USC00276818,-67.0
2025-03-14,USC00276818,-67.0
2025-03-15,USC00276818,-78.0
2025-03-16,USC00276818,6.0
2025-03-17,USC00276818,44.0
2025-03-18,USC00276818,-44.0
2025-03-19,USC00276818,-50.0
2025-03-20,USC00276818,-28.0
2025-03-21,USC00276818,-33.0
2025-03-22,USC00276818,-22.0
2025-03-23,USC00276818,-106.0
2025-03-24,USC00276818,-106.0
2025-03-25,USC00276818,-78.0
2025-02-02,USC00276856,-333.0
2025-02-05,USC00276856,-194.0
2025-02-06,USC00276856,-278.0
2025-02-07,USC00276856,-250.0
2025-02-09,USC00276856,-144.0
2025-02-10,USC00276856,-144.0
2025-02-11,USC00276856,-222.0
2025-02-13,USC00276856,-222.0
2025-02-14,USC00276856,-133.0
2025-02-15,USC00276856,-228.0
2025-02-16,USC00276856,-228.0
2025-02-17,USC00276856,-139.0
2025-02-18,USC00276856,-172.0
2025-02-20,USC00276856,-256.0
2025-02-21,USC00276856,-250.0
2025-02-23,USC00276856,-122.0
2025-02-24,USC00276856,-106.0
2025-02-27,USC00276856,-122.0
2025-02-28,USC00276856,-100.0
2025-03-01,USC00276856,-122.0
2025-03-02,USC00276856,-172.0
2025-03-03,USC00276856,-272.0
2025-03-04,USC00276856,-250.0
2025-03-05,USC00276856,-106.0
2025-03-06,USC00276856,-22.0
2025-03-07,USC00276856,-106.0
2025-03-08,USC00276856,-106.0
2025-03-09,USC00276856,-100.0
2025-03-10,USC00276856,-100.0
2025-03-11,USC00276856,-106.0
2025-03-12,USC00276856,-94.0
2025-03-13,USC00276856,-122.0
2025-03-14,USC00276856,-111.0
2025-03-15,USC00276856,-61.0
2025-03-17,USC00276856,22.0
2025-03-19,USC00276856,-56.0
2025-03-20,USC00276856,-33.0
2025-03-21,USC00276856,6.0
2025-03-22,USC00276856,-67.0
2025-03-23,USC00276856,-117.0
2025-03-24,USC00276856,-117.0
2025-03-25,USC00276856,-111.0
2025-02-01,USC00277833,-94.0
2025-02-02,USC00277833,-211.0
2025-02-03,USC00277833,-217.0
2025-02-04,USC00277833,-78.0
2025-02-05,USC00277833,-133.0
2025-02-06,USC00277833,-200.0
2025-02-08,USC00277833,-94.0
2025-02-09,USC00277833,-94.0
2025-02-10,USC00277833,-83.0
2025-02-11,USC00277833,-178.0
2025-02-12,USC00277833,-183.0
2025-02-13,USC00277833,-156.0
2025-02-14,USC00277833,-78.0
2025-02-15,USC00277833,-133.0
2025-02-17,USC00277833,-83.0
2025-02-18,USC00277833,-111.0
2025-02-19,USC00277833,-150.0
2025-02-20,USC00277833,-156.0
2025-02-21,USC00277833,-139.0
2025-02-22,USC00277833,-111.0
2025-02-23,USC00277833,-111.0
2025-02-24,USC00277833,-28.0
2025-02-25,USC00277833,-22.0
2025-02-26,USC00277833,0.0
2025-02-27,USC00277833,-28.0
2025-02-28,USC00277833,-17.0
2025-03-01,USC00277833,-44.0
2025-03-02,USC00277833,-133.0
2025-03-03,USC00277833,-172.0
2025-03-05,USC00277833,-83.0
2025-03-06,USC00277833,-6.0
2025-03-07,USC00277833,-56.0
2025-03-08,USC00277833,-56.0
2025-03-09,USC00277833,-56.0
2025-03-10,USC00277833,-50.0
2025-03-11,USC00277833,-39.0
2025-03-12,USC00277833,-17.0
2025-03-13,USC00277833,-39.0
2025-03-14,USC00277833,-56.0
2025-03-15,USC00277833,-44.0
2025-03-16,USC00277833,-17.0
2025-03-17,USC00277833,61.0
2025-03-18,USC00277833,-17.0
2025-03-19,USC00277833,-39.0
2025-03-20,USC00277833,-22.0
2025-03-21,USC00277833,28.0
2025-03-22,USC00277833,-28.0
2025-03-23,USC00277833,-67.0
2025-03-24,USC00277833,-67.0
2025-03-25,USC00277833,-44.0
2025-02-04,USC00278539,-67.0
2025-02-05,USC00278539,-133.0
2025-02-06,USC00278539,-189.0
2025-02-07,USC00278539,-161.0
2025-02-11,USC00278539,-167.0
2025-02-12,USC00278539,-167.0
2025-02-13,USC00278539,-167.0
2025-02-14,USC00278539,-67.0
2025-02-19,USC00278539,-150.0
2025-02-20,USC00278539,-178.0
2025-02-21,USC00278539,-172.0
2025-02-25,USC00278539,-28.0
2025-02-26,USC00278539,-11.0
2025-02-28,USC00278539,-17.0
2025-03-04,USC00278539,-172.0
2025-03-05,USC00278539,-83.0
2025-03-11,USC00278539,-50.0
2025-03-12,USC00278539,-50.0
2025-03-13,USC00278539,-56.0
2025-03-14,USC00278539,-50.0
2025-03-18,USC00278539,-17.0
2025-03-19,USC00278539,-33.0
2025-03-20,USC00278539,-33.0
2025-03-21,USC00278539,33.0
2025-03-25,USC00278539,-17.0
2025-02-01,USC00278614,-83.0
2025-02-02,USC00278614,-250.0
2025-02-03,USC00278614,-250.0
2025-02-04,USC00278614,-83.0
2025-02-05,USC00278614,-206.0
2025-02-06,USC00278614,-222.0
2025-02-07,USC00278614,-211.0
2025-02-08,USC00278614,-128.0
2025-02-09,USC00278614,-122.0
2025-02-10,USC00278614,-139.0
2025-02-11,USC00278614,-217.0
2025-02-12,USC00278614,-217.0
2025-02-13,USC00278614,-172.0
2025-02-14,USC00278614,-78.0
2025-02-15,USC00278614,-178.0
2025-02-16,USC00278614,-172.0
2025-02-17,USC00278614,-94.0
2025-02-18,USC00278614,-117.0
2025-02-19,USC00278614,-167.0
2025-02-20,USC00278614,-200.0
2025-02-21,USC00278614,-200.0
2025-02-22,USC00278614,-144.0
2025-02-23,USC00278614,-144.0
2025-02-24,USC00278614,-50.0
2025-02-25,USC00278614,-44.0
2025-02-26,USC00278614,-39.0
2025-02-27,USC00278614,-56.0
2025-02-28,USC00278614,-39.0
2025-03-01,USC00278614,-56.0
2025-03-02,USC00278614,-139.0
2025-03-03,USC00278614,-194.0
2025-03-04,USC00278614,-189.0
2025-03-05,USC00278614,-100.0
2025-03-06,USC00278614,-17.0
2025-03-07,USC00278614,-61.0
2025-03-08,USC00278614,-56.0
2025-03-09,USC00278614,-44.0
2025-03-10,USC00278614,-56.0
2025-03-11,USC00278614,-28.0
2025-03-12,USC00278614,-17.0
2025-03-13,USC00278614,-61.0
2025-03-14,USC00278614,-67.0
2025-03-15,USC00278614,-72.0
2025-03-16,USC00278614,-33.0
2025-03-17,USC00278614,28.0
2025-03-18,USC00278614,-22.0
2025-03-19,USC00278614,-44.0
2025-03-20,USC00278614,-44.0
2025-03-21,USC00278614,17.0
2025-03-22,USC00278614,-17.0
2025-03-23,USC00278614,-61.0
2025-03-24,USC00278614,-56.0
2025-03-25,USC00278614,-72.0
2025-02-01,USC00278856,-56.0
2025-02-02,USC00278856,-206.0
2025-02-03,USC00278856,-206.0
2025-02-04,USC00278856,-83.0
2025-02-05,USC00278856,-133.0
2025-02-06,USC00278856,-183.0
2025-02-07,USC00278856,-167.0
2025-02-08,USC00278856,-72.0
2025-02-09,USC00278856,-67.0
2025-02-10,USC00278856,-78.0
2025-02-11,USC00278856,-150.0
2025-02-12,USC00278856,-150.0
2025-02-13,USC00278856,-133.0
2025-02-14,USC00278856,-67.0
2025-02-15,USC00278856,-133.0
2025-02-16,USC00278856,-133.0
2025-02-17,USC00278856,-72.0
2025-02-18,USC00278856,-106.0
2025-02-19,USC00278856,-144.0
2025-02-20,USC00278856,-150.0
2025-02-21,USC00278856,-150.0
2025-02-22,USC00278856,-117.0
2025-02-23,USC00278856,-117.0
2025-02-24,USC00278856,-28.0
2025-02-25,USC00278856,-22.0
2025-02-26,USC00278856,6.0
2025-02-27,USC00278856,-11.0
2025-02-28,USC00278856,-11.0
2025-03-01,USC00278856,-33.0
2025-03-02,USC00278856,-128.0
2025-03-03,USC00278856,-172.0
2025-03-04,USC00278856,-167.0
2025-03-05,USC00278856,-61.0
2025-03-06,USC00278856,22.0
2025-03-07,USC00278856,-44.0
2025-03-08,USC00278856,-44.0
2025-03-09,USC00278856,-61.0
2025-03-10,USC00278856,-44.0
2025-03-11,USC00278856,-39.0
2025-03-12,USC00278856,-33.0
2025-03-13,USC00278856,-22.0
2025-03-14,USC00278856,-44.0
2025-03-15,USC00278856,-33.0
2025-03-16,USC00278856,28.0
2025-03-17,USC00278856,61.0
2025-03-18,USC00278856,-17.0
2025-03-19,USC00278856,-33.0
2025-03-20,USC00278856,-22.0
2025-03-21,USC00278856,33.0
2025-03-22,USC00278856,-28.0
2025-03-23,USC00278856,-56.0
2025-03-24,USC00278856,-56.0
2025-03-25,USC00278856,-6.0
2025-02-02,USC00278961,-256.0
2025-02-03,USC00278961,-250.0
2025-02-04,USC00278961,-78.0
2025-02-05,USC00278961,-167.0
2025-02-06,USC00278961,-228.0
2025-02-07,USC00278961,-217.0
2025-02-08,USC00278961,-106.0
2025-02-09,USC00278961,-100.0
2025-02-10,USC00278961,-139.0
2025-02-12,USC00278961,-183.0
2025-02-15,USC00278961,-161.0
2025-02-16,USC00278961,-161.0
2025-02-17,USC00278961,-78.0
2025-02-18,USC00278961,-144.0
2025-02-19,USC00278961,-161.0
2025-02-20,USC00278961,-217.0
2025-02-21,USC00278961,-211.0
2025-02-22,USC00278961,-128.0
2025-02-23,USC00278961,-122.0
2025-02-24,USC00278961,-61.0
2025-02-25,USC00278961,-56.0
2025-02-26,USC00278961,-44.0
2025-02-27,USC00278961,-67.0
2025-02-28,USC00278961,-39.0
2025-03-01,USC00278961,-72.0
2025-03-03,USC00278961,-217.0
2025-03-04,USC00278961,-217.0
2025-03-05,USC00278961,-111.0
2025-03-06,USC00278961,-28.0
2025-03-07,USC00278961,-94.0
2025-03-08,USC00278961,-94.0
2025-03-09,USC00278961,-72.0
2025-03-10,USC00278961,-67.0
2025-03-11,USC00278961,-39.0
2025-03-12,USC00278961,-39.0
2025-03-13,USC00278961,-67.0
2025-03-14,USC00278961,-72.0
2025-03-15,USC00278961,-56.0
2025-03-16,USC00278961,-17.0
2025-03-17,USC00278961,33.0
2025-03-18,USC00278961,-39.0
2025-03-19,USC00278961,-33.0
2025-03-20,USC00278961,-17.0
2025-03-21,USC00278961,-6.0
2025-03-22,USC00278961,-44.0
2025-03-23,USC00278961,-94.0
2025-03-24,USC00278961,-89.0
2025-03-25,USC00278961,-44.0
2025-02-04,USC00279091,-78.0
2025-02-05,USC00279091,-172.0
2025-02-06,USC00279091,-244.0
2025-02-07,USC00279091,-239.0
2025-02-13,USC00279091,-189.0
2025-02-16,USC00279091,-167.0
2025-02-17,USC00279091,-106.0
2025-02-18,USC00279091,-144.0
2025-02-27,USC00279091,-56.0
2025-02-28,USC00279091,-50.0
2025-03-01,USC00279091,-56.0
2025-03-02,USC00279091,-156.0
2025-03-03,USC00279091,-183.0
2025-03-11,USC00279091,-44.0
2025-03-12,USC00279091,-39.0
2025-03-19,USC00279091,-50.0
2025-02-01,USC00279278,-22.0
2025-02-02,USC00279278,-194.0
2025-02-03,USC00279278,-194.0
2025-02-04,USC00279278,-78.0
2025-02-05,USC00279278,-139.0
2025-02-06,USC00279278,-167.0
2025-02-07,USC00279278,-161.0
2025-02-08,USC00279278,-111.0
2025-02-09,USC00279278,-100.0
2025-02-10,USC00279278,-61.0
2025-02-11,USC00279278,-128.0
2025-02-12,USC00279278,-106.0
2025-02-13,USC00279278,-94.0
2025-02-14,USC00279278,-50.0
2025-02-15,USC00279278,-117.0
2025-02-16,USC00279278,-111.0
2025-02-17,USC00279278,-67.0
2025-02-18,USC00279278,-94.0
2025-02-19,USC00279278,-133.0
2025-02-20,USC00279278,-128.0
2025-02-21,USC00279278,-128.0
2025-02-22,USC00279278,-106.0
2025-02-23,USC00279278,-94.0
2025-02-24,USC00279278,-22.0
2025-02-25,USC00279278,-22.0
2025-02-26,USC00279278,17.0
2025-02-27,USC00279278,-6.0
2025-02-28,USC00279278,0.0
2025-03-01,USC00279278,-6.0
2025-03-02,USC00279278,-111.0
2025-03-03,USC00279278,-150.0
2025-03-04,USC00279278,-144.0
2025-03-06,USC00279278,11.0
2025-03-07,USC00279278,-39.0
2025-03-09,USC00279278,-44.0
2025-03-10,USC00279278,-28.0
2025-03-11,USC00279278,-17.0
2025-03-12,USC00279278,0.0
2025-03-13,USC00279278,-11.0
2025-03-14,USC00279278,-39.0
2025-03-15,USC00279278,-28.0
2025-03-16,USC00279278,-11.0
2025-03-17,USC00279278,83.0
2025-03-18,USC00279278,17.0
2025-03-19,USC00279278,-22.0
2025-03-20,USC00279278,-17.0
2025-03-21,USC00279278,39.0
2025-03-22,USC00279278,0.0
2025-03-23,USC00279278,-44.0
2025-03-24,USC00279278,-33.0
2025-03-25,USC00279278,-17.0
2025-02-01,USC00279970,-89.0
2025-02-02,USC00279970,-200.0
2025-02-04,USC00279970,-78.0
2025-02-05,USC00279970,-178.0
2025-02-06,USC00279970,-178.0
2025-02-08,USC00279970,-94.0
2025-02-09,USC00279970,-100.0
2025-02-10,USC00279970,-94.0
2025-02-11,USC00279970,-111.0
2025-02-13,USC00279970,-150.0
2025-02-14,USC00279970,-133.0
2025-02-15,USC00279970,-150.0
2025-02-16,USC00279970,-150.0
2025-02-17,USC00279970,-144.0
2025-02-18,USC00279970,-167.0
2025-02-19,USC00279970,-167.0
2025-02-20,USC00279970,-178.0
2025-02-21,USC00279970,-167.0
2025-02-23,USC00279970,-139.0
2025-02-24,USC00279970,-67.0
2025-02-25,USC00279970,-61.0
2025-02-26,USC00279970,-22.0
2025-02-27,USC00279970,-89.0
2025-03-02,USC00279970,-167.0
2025-03-03,USC00279970,-200.0
2025-03-04,USC00279970,-200.0
2025-03-05,USC00279970,-78.0
2025-03-07,USC00279970,-122.0
2025-03-09,USC00279970,-122.0
2025-03-10,USC00279970,-111.0
2025-03-11,USC00279970,-67.0
2025-03-12,USC00279970,-89.0
2025-03-15,USC00279970,-39.0
2025-03-16,USC00279970,28.0
2025-03-17,USC00279970,33.0
2025-03-18,USC00279970,-72.0
2025-03-19,USC00279970,-72.0
2025-03-20,USC00279970,-17.0
2025-03-21,USC00279970,-67.0
2025-03-22,USC00279970,-94.0
2025-03-23,USC00279970,-206.0
2025-02-01,USW00014710,-121.0
2025-02-02,USW00014710,-177.0
2025-02-03,USW00014710,-66.0
2025-02-04,USW00014710,-71.0
2025-02-05,USW00014710,-138.0
2025-02-06,USW00014710,-149.0
2025-02-07,USW00014710,-55.0
2025-02-08,USW00014710,-105.0
2025-02-09,USW00014710,-77.0
2025-02-10,USW00014710,-138.0
2025-02-11,USW00014710,-171.0
2025-02-12,USW00014710,-116.0
2025-02-13,USW00014710,-27.0
2025-02-14,USW00014710,-93.0
2025-02-15,USW00014710,-127.0
2025-02-16,USW00014710,-49.0
2025-02-17,USW00014710,-71.0
2025-02-18,USW00014710,-88.0
2025-02-19,USW00014710,-121.0
2025-02-20,USW00014710,-132.0
2025-02-21,USW00014710,-66.0
2025-02-22,USW00014710,-93.0
2025-02-23,USW00014710,-38.0
2025-02-24,USW00014710,-21.0
2025-02-25,USW00014710,28.0
2025-02-26,USW00014710,-10.0
2025-02-27,USW00014710,-16.0
2025-02-28,USW00014710,0.0
2025-03-01,USW00014710,-55.0
2025-03-02,USW00014710,-105.0
2025-03-03,USW00014710,-121.0
2025-03-04,USW00014710,-66.0
2025-03-05,USW00014710,6.0
2025-03-06,USW00014710,22.0
2025-03-07,USW00014710,-32.0
2025-03-08,USW00014710,-10.0
2025-03-09,USW00014710,-27.0
2025-03-10,USW00014710,-27.0
2025-03-11,USW00014710,-27.0
2025-03-12,USW00014710,11.0
2025-03-13,USW00014710,-21.0
2025-03-14,USW00014710,-38.0
2025-03-15,USW00014710,-10.0
2025-03-16,USW00014710,89.0
2025-03-17,USW00014710,39.0
2025-03-18,USW00014710,0.0
2025-03-19,USW00014710,-16.0
2025-03-20,USW00014710,39.0
2025-03-21,USW00014710,39.0
2025-03-22,USW00014710,-17.0
2025-03-23,USW00014710,-33.0
2025-03-24,USW00014710,-28.0
2025-02-01,USW00014745,-149.0
2025-02-02,USW00014745,-232.0
2025-02-03,USW00014745,-88.0
2025-02-04,USW00014745,-93.0
2025-02-05,USW00014745,-177.0
2025-02-06,USW00014745,-199.0
2025-02-07,USW00014745,-88.0
2025-02-08,USW00014745,-149.0
2025-02-09,USW00014745,-105.0
2025-02-10,USW00014745,-160.0
2025-02-11,USW00014745,-205.0
2025-02-12,USW00014745,-177.0
2025-02-13,USW00014745,-38.0
2025-02-14,USW00014745,-93.0
2025-02-15,USW00014745,-160.0
2025-02-16,USW00014745,-60.0
2025-02-17,USW00014745,-77.0
2025-02-18,USW00014745,-110.0
2025-02-19,USW00014745,-138.0
2025-02-20,USW00014745,-182.0
2025-02-21,USW00014745,-77.0
2025-02-22,USW00014745,-105.0
2025-02-23,USW00014745,-77.0
2025-02-24,USW00014745,-32.0
2025-02-25,USW00014745,0.0
2025-02-26,USW00014745,-32.0
2025-02-27,USW00014745,-38.0
2025-02-28,USW00014745,-38.0
2025-03-01,USW00014745,-71.0
2025-03-02,USW00014745,-121.0
2025-03-03,USW00014745,-155.0
2025-03-04,USW00014745,-93.0
2025-03-05,USW00014745,0.0
2025-03-06,USW00014745,11.0
2025-03-07,USW00014745,-43.0
2025-03-08,USW00014745,-21.0
2025-03-09,USW00014745,-38.0
2025-03-10,USW00014745,-27.0
2025-03-11,USW00014745,-38.0
2025-03-12,USW00014745,-16.0
2025-03-13,USW00014745,-32.0
2025-03-14,USW00014745,-60.0
2025-03-15,USW00014745,-27.0
2025-03-16,USW00014745,83.0
2025-03-17,USW00014745,22.0
2025-03-18,USW00014745,-16.0
2025-03-19,USW00014745,-43.0
2025-03-20,USW00014745,28.0
2025-03-21,USW00014745,-6.0
2025-03-22,USW00014745,-44.0
2025-03-23,USW00014745,-56.0
2025-03-24,USW00014745,-50.0
2025-02-01,USW00014755,-178.0
2025-02-02,USW00014755,-250.0
2025-02-03,USW00014755,-183.0
2025-02-04,USW00014755,-172.0
2025-02-05,USW00014755,-261.0
2025-02-06,USW00014755,-250.0
2025-02-07,USW00014755,-161.0
2025-02-08,USW00014755,-200.0
2025-02-09,USW00014755,-200.0
2025-02-10,USW00014755,-189.0
2025-02-11,USW00014755,-233.0
2025-02-12,USW00014755,-206.0
2025-02-13,USW00014755,-178.0
2025-02-14,USW00014755,-228.0
2025-02-16,USW00014755,-222.0
2025-02-17,USW00014755,-250.0
2025-02-18,USW00014755,-278.0
2025-02-19,USW00014755,-278.0
2025-02-20,USW00014755,-133.0
2025-02-21,USW00014755,-189.0
2025-02-25,USW00014755,-100.0
2025-02-26,USW00014755,-83.0
2025-02-27,USW00014755,-128.0
2025-02-28,USW00014755,-106.0
2025-03-01,USW00014755,-167.0
2025-03-02,USW00014755,-289.0
2025-03-03,USW00014755,-289.0
2025-03-04,USW00014755,-211.0
2025-03-05,USW00014755,-139.0
2025-03-07,USW00014755,-217.0
2025-03-08,USW00014755,-217.0
2025-03-09,USW00014755,-206.0
2025-03-10,USW00014755,-161.0
2025-03-11,USW00014755,-89.0
2025-03-12,USW00014755,-150.0
2025-03-13,USW00014755,-156.0
2025-03-14,USW00014755,-117.0
2025-03-15,USW00014755,-44.0
2025-03-16,USW00014755,6.0
2025-03-17,USW00014755,11.0
2025-03-18,USW00014755,-61.0
2025-03-19,USW00014755,-44.0
2025-03-20,USW00014755,11.0
2025-03-21,USW00014755,-50.0
2025-03-22,USW00014755,-128.0
2025-03-23,USW00014755,-222.0
2025-03-24,USW00014755,-222.0
2025-03-25,USW00014755,-122.0
2025-02-01,USW00054728,-277.0
2025-02-02,USW00054728,-316.0
2025-02-03,USW00054728,-93.0
2025-02-04,USW00054728,-121.0
2025-02-05,USW00054728,-266.0
2025-02-06,USW00054728,-271.0
2025-02-07,USW00054728,-71.0
2025-02-08,USW00054728,-105.0
2025-02-09,USW00054728,-116.0
2025-02-10,USW00054728,-177.0
2025-02-11,USW00054728,-232.0
2025-02-12,USW00054728,-216.0
2025-02-13,USW00054728,-55.0
2025-02-14,USW00054728,-182.0
2025-02-15,USW00054728,-232.0
2025-02-16,USW00054728,-82.0
2025-02-17,USW00054728,-132.0
2025-02-18,USW00054728,-155.0
2025-02-19,USW00054728,-238.0
2025-02-20,USW00054728,-282.0
2025-02-21,USW00054728,-110.0
2025-02-22,USW00054728,-121.0
2025-02-23,USW00054728,-88.0
2025-02-24,USW00054728,-60.0
2025-02-25,USW00054728,-55.0
2025-02-26,USW00054728,-82.0
2025-02-27,USW00054728,-105.0
2025-02-28,USW00054728,-66.0
2025-03-01,USW00054728,-132.0
2025-03-02,USW00054728,-238.0
2025-03-03,USW00054728,-288.0
2025-03-04,USW00054728,-155.0
2025-03-05,USW00054728,-43.0
2025-03-06,USW00054728,-21.0
2025-03-07,USW00054728,-88.0
2025-03-08,USW00054728,-71.0
2025-03-09,USW00054728,-105.0
2025-03-10,USW00054728,-60.0
2025-03-11,USW00054728,-55.0
2025-03-12,USW00054728,-66.0
2025-03-13,USW00054728,-82.0
2025-03-14,USW00054728,-82.0
2025-03-15,USW00054728,-49.0
2025-03-16,USW00054728,-5.0
2025-03-17,USW00054728,-10.0
2025-03-18,USW00054728,-60.0
2025-03-19,USW00054728,-55.0
2025-03-20,USW00054728,-28.0
2025-03-21,USW00054728,-61.0
2025-03-22,USW00054728,-83.0
2025-03-23,USW00054728,-94.0
2025-02-01,USW00054770,-155.0
2025-02-02,USW00054770,-232.0
2025-02-03,USW00054770,-71.0
2025-02-04,USW00054770,-93.0
2025-02-05,USW00054770,-177.0
2025-02-06,USW00054770,-188.0
2025-02-07,USW00054770,-110.0
2025-02-08,USW00054770,-121.0
2025-02-09,USW00054770,-110.0
2025-02-10,USW00054770,-149.0
2025-02-11,USW00054770,-188.0
2025-02-12,USW00054770,-166.0
2025-02-13,USW00054770,-43.0
2025-02-14,USW00054770,-99.0
2025-02-15,USW00054770,-149.0
2025-02-16,USW00054770,-71.0
2025-02-17,USW00054770,-105.0
2025-02-18,USW00054770,-116.0
2025-02-19,USW00054770,-155.0
2025-02-20,USW00054770,-193.0
2025-02-21,USW00054770,-93.0
2025-02-22,USW00054770,-121.0
2025-02-23,USW00054770,-49.0
2025-02-26,USW00054770,-32.0
2025-02-27,USW00054770,-38.0
2025-02-28,USW00054770,-21.0
2025-03-01,USW00054770,-88.0
2025-03-02,USW00054770,-132.0
2025-03-03,USW00054770,-155.0
2025-03-04,USW00054770,-110.0
2025-03-05,USW00054770,-21.0
2025-03-06,USW00054770,-16.0
2025-03-07,USW00054770,-55.0
2025-03-08,USW00054770,-49.0
2025-03-09,USW00054770,-49.0
2025-03-10,USW00054770,-38.0
2025-03-11,USW00054770,-43.0
2025-03-12,USW00054770,-21.0
2025-03-13,USW00054770,-27.0
2025-03-14,USW00054770,-49.0
2025-03-15,USW00054770,-16.0
2025-03-16,USW00054770,56.0
2025-03-17,USW00054770,0.0
2025-03-18,USW00054770,-21.0
2025-03-19,USW00054770,-32.0
2025-03-20,USW00054770,28.0
2025-02-01,USW00054791,-155.0
2025-02-02,USW00054791,-205.0
2025-02-03,USW00054791,-77.0
2025-02-04,USW00054791,-93.0
2025-02-05,USW00054791,-155.0
2025-02-06,USW00054791,-188.0
2025-02-07,USW00054791,-60.0
2025-02-08,USW00054791,-105.0
2025-02-09,USW00054791,-60.0
2025-02-10,USW00054791,-116.0
2025-02-11,USW00054791,-182.0
2025-02-12,USW00054791,-116.0
2025-02-13,USW00054791,-38.0
2025-02-14,USW00054791,-77.0
2025-02-15,USW00054791,-99.0
2025-02-16,USW00054791,-66.0
2025-02-17,USW00054791,-77.0
2025-02-18,USW00054791,-110.0
2025-02-19,USW00054791,-138.0
2025-02-20,USW00054791,-166.0
2025-02-21,USW00054791,-77.0
2025-02-22,USW00054791,-99.0
2025-02-23,USW00054791,-55.0
2025-02-24,USW00054791,-27.0
2025-02-25,USW00054791,11.0
2025-02-26,USW00054791,0.0
2025-02-27,USW00054791,-10.0
2025-02-28,USW00054791,-16.0
2025-03-01,USW00054791,-71.0
2025-03-02,USW00054791,-116.0
2025-03-03,USW00054791,-160.0
2025-03-04,USW00054791,-71.0
2025-03-05,USW00054791,11.0
2025-03-06,USW00054791,17.0
2025-03-07,USW00054791,-49.0
2025-03-08,USW00054791,-21.0
2025-03-09,USW00054791,-43.0
2025-03-10,USW00054791,-21.0
2025-03-11,USW00054791,-5.0
2025-03-12,USW00054791,-16.0
2025-03-13,USW00054791,-32.0
2025-03-14,USW00054791,-43.0
2025-03-15,USW00054791,-16.0
2025-03-16,USW00054791,61.0
2025-03-17,USW00054791,33.0
2025-03-18,USW00054791,-5.0
2025-03-19,USW00054791,-21.0
2025-03-20,USW00054791,28.0
2025-03-21,USW00054791,17.0
2025-03-22,USW00054791,-11.0
2025-03-23,USW00054791,-50.0
2025-02-01,USW00054794,-156.0
2025-02-02,USW00054794,-209.0
2025-02-03,USW00054794,-73.0
2025-02-04,USW00054794,-86.0
2025-02-05,USW00054794,-158.0
2025-02-06,USW00054794,-180.0
2025-02-07,USW00054794,-57.0
2025-02-08,USW00054794,-109.0
2025-02-09,USW00054794,-69.0
2025-02-10,USW00054794,-126.0
2025-02-11,USW00054794,-195.0
2025-02-12,USW00054794,-117.0
2025-02-13,USW00054794,-17.0
2025-02-14,USW00054794,-75.0
2025-02-15,USW00054794,-105.0
2025-02-16,USW00054794,-63.0
2025-02-17,USW00054794,-73.0
2025-02-18,USW00054794,-106.0
2025-02-19,USW00054794,-129.0
2025-02-20,USW00054794,-170.0
2025-02-21,USW00054794,-71.0
2025-02-22,USW00054794,-98.0
2025-02-23,USW00054794,-83.0
2025-02-24,USW00054794,-33.0
2025-02-25,USW00054794,13.0
2025-02-26,USW00054794,-4.0
2025-02-27,USW00054794,-12.0
2025-02-28,USW00054794,-14.0
2025-03-01,USW00054794,-58.0
2025-03-02,USW00054794,-110.0
2025-03-03,USW00054794,-154.0
2025-03-04,USW00054794,-80.0
2025-03-05,USW00054794,3.0
2025-03-06,USW00054794,23.0
2025-03-07,USW00054794,-42.0
2025-03-08,USW00054794,-26.0
2025-03-09,USW00054794,-38.0
2025-03-10,USW00054794,-44.0
2025-03-11,USW00054794,-8.0
2025-03-12,USW00054794,-19.0
2025-03-13,USW00054794,-28.0
2025-03-14,USW00054794,-38.0
2025-03-15,USW00054794,-22.0
2025-03-16,USW00054794,49.0
2025-03-17,USW00054794,35.0
2025-03-18,USW00054794,-13.0
2025-03-19,USW00054794,-24.0
2025-03-20,USW00054794,33.0
2025-03-21,USW00054794,22.0
2025-03-22,USW00054794,-19.0
2025-03-23,USW00054794,-43.0
2025-02-01,USW00054795,-159.0
2025-02-02,USW00054795,-218.0
2025-02-03,USW00054795,-70.0
2025-02-04,USW00054795,-83.0
2025-02-05,USW00054795,-164.0
2025-02-06,USW00054795,-187.0
2025-02-07,USW00054795,-68.0
2025-02-08,USW00054795,-126.0
2025-02-09,USW00054795,-85.0
2025-02-10,USW00054795,-123.0
2025-02-11,USW00054795,-201.0
2025-02-12,USW00054795,-125.0
2025-02-13,USW00054795,-14.0
2025-02-14,USW00054795,-84.0
2025-02-15,USW00054795,-129.0
2025-02-16,USW00054795,-61.0
2025-02-17,USW00054795,-72.0
2025-02-18,USW00054795,-97.0
2025-02-19,USW00054795,-132.0
2025-02-20,USW00054795,-182.0
2025-02-21,USW00054795,-71.0
2025-02-22,USW00054795,-96.0
2025-02-23,USW00054795,-82.0
2025-02-24,USW00054795,-29.0
2025-02-25,USW00054795,4.0
2025-02-26,USW00054795,-8.0
2025-02-27,USW00054795,-15.0
2025-02-28,USW00054795,-16.0
2025-03-01,USW00054795,-54.0
2025-03-02,USW00054795,-109.0
2025-03-03,USW00054795,-162.0
2025-03-04,USW00054795,-83.0
2025-03-05,USW00054795,-2.0
2025-03-06,USW00054795,22.0
2025-03-07,USW00054795,-39.0
2025-03-08,USW00054795,-21.0
2025-03-09,USW00054795,-40.0
2025-03-10,USW00054795,-38.0
2025-03-11,USW00054795,-13.0
2025-03-12,USW00054795,-19.0
2025-03-13,USW00054795,-33.0
2025-03-14,USW00054795,-43.0
2025-03-15,USW00054795,-27.0
2025-03-16,USW00054795,49.0
2025-03-17,USW00054795,36.0
2025-03-18,USW00054795,-15.0
2025-03-19,USW00054795,-33.0
2025-03-20,USW00054795,34.0
2025-03-21,USW00054795,11.0
2025-03-22,USW00054795,-21.0
2025-03-23,USW00054795,-42.0
2025-02-01,USW00094700,-277.0
2025-02-02,USW00094700,-321.0
2025-02-03,USW00094700,-88.0
2025-02-04,USW00094700,-116.0
2025-02-05,USW00094700,-266.0
2025-02-06,USW00094700,-277.0
2025-02-07,USW00094700,-77.0
2025-02-08,USW00094700,-143.0
2025-02-09,USW00094700,-132.0
2025-02-10,USW00094700,-177.0
2025-02-11,USW00094700,-210.0
2025-02-12,USW00094700,-221.0
2025-02-13,USW00094700,-77.0
2025-02-14,USW00094700,-121.0
2025-02-15,USW00094700,-210.0
2025-02-16,USW00094700,-82.0
2025-02-17,USW00094700,-127.0
2025-02-18,USW00094700,-155.0
2025-02-19,USW00094700,-216.0
2025-02-20,USW00094700,-266.0
2025-02-21,USW00094700,-105.0
2025-02-22,USW00094700,-127.0
2025-02-23,USW00094700,-93.0
2025-02-24,USW00094700,-82.0
2025-02-25,USW00094700,-49.0
2025-02-26,USW00094700,-77.0
2025-02-27,USW00094700,-105.0
2025-02-28,USW00094700,-82.0
2025-03-01,USW00094700,-121.0
2025-03-02,USW00094700,-205.0
2025-03-03,USW00094700,-255.0
2025-03-04,USW00094700,-166.0
2025-03-05,USW00094700,-32.0
2025-03-06,USW00094700,-5.0
2025-03-07,USW00094700,-88.0
2025-03-08,USW00094700,-77.0
2025-03-09,USW00094700,-77.0
2025-03-10,USW00094700,-77.0
2025-03-11,USW00094700,-66.0
2025-03-12,USW00094700,-77.0
2025-03-13,USW00094700,-93.0
2025-03-14,USW00094700,-88.0
2025-03-15,USW00094700,-49.0
2025-03-16,USW00094700,-5.0
2025-03-17,USW00094700,-5.0
2025-03-18,USW00094700,-60.0
2025-03-19,USW00094700,-55.0
2025-03-20,USW00094700,-21.0
2025-03-21,USW00094700,-44.0
2025-03-22,USW00094700,-78.0
2025-03-23,USW00094700,-106.0
2025-02-01,USW00094765,-199.0
2025-02-02,USW00094765,-277.0
2025-02-03,USW00094765,-71.0
2025-02-04,USW00094765,-99.0
2025-02-05,USW00094765,-205.0
2025-02-06,USW00094765,-210.0
2025-02-07,USW00094765,-77.0
2025-02-08,USW00094765,-110.0
2025-02-09,USW00094765,-93.0
2025-02-10,USW00094765,-199.0
2025-02-11,USW00094765,-232.0
2025-02-12,USW00094765,-210.0
2025-02-13,USW00094765,-38.0
2025-02-14,USW00094765,-155.0
2025-02-15,USW00094765,-188.0
2025-02-16,USW00094765,-60.0
2025-02-17,USW00094765,-82.0
2025-02-18,USW00094765,-127.0
2025-02-19,USW00094765,-205.0
2025-02-20,USW00094765,-210.0
2025-02-21,USW00094765,-105.0
2025-02-22,USW00094765,-177.0
2025-02-23,USW00094765,-43.0
2025-02-24,USW00094765,-32.0
2025-02-25,USW00094765,-27.0
2025-02-26,USW00094765,-43.0
2025-02-27,USW00094765,-49.0
2025-02-28,USW00094765,-32.0
2025-03-01,USW00094765,-88.0
2025-03-02,USW00094765,-149.0
2025-03-03,USW00094765,-210.0
2025-03-04,USW00094765,-93.0
2025-03-05,USW00094765,-10.0
2025-03-06,USW00094765,0.0
2025-03-07,USW00094765,-49.0
2025-03-08,USW00094765,-21.0
2025-03-09,USW00094765,-77.0
2025-03-10,USW00094765,-32.0
2025-03-11,USW00094765,-43.0
2025-03-12,USW00094765,-27.0
2025-03-13,USW00094765,-60.0
2025-03-14,USW00094765,-55.0
2025-03-15,USW00094765,-27.0
2025-03-16,USW00094765,44.0
2025-03-17,USW00094765,11.0
2025-03-18,USW00094765,-21.0
2025-03-19,USW00094765,-38.0
2025-03-20,USW00094765,17.0
2025-03-21,USW00094765,-28.0
2025-03-22,USW00094765,-50.0
2025-03-23,USW00094765,-61.0
