DATE,ID,LATITUDE,LONGITUDE,ELEVATION,NAME,Season,TMIN,TMAX,PRCP,SNOW,SNWD
2025-02-01,USC00272302,42.8267,-71.6261,73.2,NH E MILFORD,Winter,-10.0,1.7,17.8,38.0,102.0
2025-02-02,USC00272302,42.8267,-71.6261,73.2,NH E MILFORD,Winter,-19.4,-3.9,0.0,0.0,102.0
2025-02-03,USC00272302,42.8267,-71.6261,73.2,NH E MILFORD,Winter,-19.4,-5.0,2.8,30.0,127.0
2025-02-04,USC00272302,42.8267,-71.6261,73.2,NH E MILFORD,Winter,-7.2,6.1,0.0,0.0,127.0
2025-02-05,USC00272302,42.8267,-71.6261,73.2,NH E MILFORD,Winter,-11.1,3.3,0.0,0.0,102.0
2025-02-06,USC00272302,42.8267,-71.6261,73.2,NH E MILFORD,Winter,-16.1,-2.2,0.0,0.0,102.0
2025-02-07,USC00272302,42.8267,-71.6261,73.2,NH E MILFORD,Winter,-13.9,0.6,9.4,66.0,152.0
2025-02-08,USC00272302,42.8267,-71.6261,73.2,NH E MILFORD,Winter,-12.8,1.1,0.0,0.0,152.0
2025-02-09,USC00272302,42.8267,-71.6261,73.2,NH E MILFORD,Winter,-11.7,0.6,16.0,165.0,254.0
2025-02-10,USC00272302,42.8267,-71.6261,73.2,NH E MILFORD,Winter,-8.9,1.1,0.0,0.0,254.0
2025-02-11,USC00272302,42.8267,-71.6261,73.2,NH E MILFORD,Winter,-17.8,-0.6,0.0,0.0,254.0
2025-02-12,USC00272302,42.8267,-71.6261,73.2,NH E MILFORD,Winter,-16.7,-0.6,0.0,0.0,229.0
2025-02-13,USC00272302,42.8267,-71.6261,73.2,NH E MILFORD,Winter,-12.8,-0.6,6.4,76.0,279.0
2025-02-14,USC00272302,42.8267,-71.6261,73.2,NH E MILFORD,Winter,-5.6,3.3,7.1,0.0,229.0
2025-02-15,USC00272302,42.8267,-71.6261,73.2,NH E MILFORD,Winter,-12.8,-0.6,0.0,0.0,229.0
2025-02-16,USC00272302,42.8267,-71.6261,73.2,NH E MILFORD,Winter,-11.7,-2.8,18.5,127.0,356.0
2025-02-17,USC00272302,42.8267,-71.6261,73.2,NH E MILFORD,Winter,-11.7,-2.8,21.3,152.0,406.0
2025-02-18,USC00272302,42.8267,-71.6261,73.2,NH E MILFORD,Winter,-10.0,-2.8,0.0,0.0,381.0
2025-02-19,USC00272302,42.8267,-71.6261,73.2,NH E MILFORD,Winter,-12.8,-5.0,0.0,0.0,381.0
2025-02-20,USC00272302,42.8267,-71.6261,73.2,NH E MILFORD,Winter,-15.0,-1.7,0.0,0.0,381.0
2025-02-21,USC00272302,42.8267,-71.6261,73.2,NH E MILFORD,Winter,-15.0,-1.1,0.0,0.0,381.0
2025-02-22,USC00272302,42.8267,-71.6261,73.2,NH E MILFORD,Winter,-10.0,-0.6,0.0,0.0,381.0
2025-02-23,USC00272302,42.8267,-71.6261,73.2,NH E MILFORD,Winter,-8.3,2.8,0.0,0.0,381.0
2025-02-24,USC00272302,42.8267,-71.6261,73.2,NH E MILFORD,Winter,-8.3,4.4,0.0,0.0,330.0
2025-02-25,USC00272302,42.8267,-71.6261,73.2,NH E MILFORD,Winter,-2.2,6.7,0.0,0.0,305.0
2025-02-26,USC00272302,42.8267,-71.6261,73.2,NH E MILFORD,Winter,-0.6,10.6,0.0,0.0,279.0
2025-02-27,USC00272302,42.8267,-71.6261,73.2,NH E MILFORD,Winter,-2.2,8.9,1.3,15.0,254.0
2025-02-28,USC00272302,42.8267,-71.6261,73.2,NH E MILFORD,Winter,-2.2,4.4,7.1,8.0,254.0
2025-03-01,USC00272302,42.8267,-71.6261,73.2,NH E MILFORD,Spring,-1.7,6.1,0.0,0.0,229.0
2025-03-02,USC00272302,42.8267,-71.6261,73.2,NH E MILFORD,Spring,-11.7,11.7,0.0,0.0,229.0
2025-03-03,USC00272302,42.8267,-71.6261,73.2,NH E MILFORD,Spring,-14.4,-3.9,0.0,0.0,229.0
2025-03-04,USC00272302,42.8267,-71.6261,73.2,NH E MILFORD,Spring,-12.2,-0.6,0.0,0.0,229.0
2025-03-05,USC00272302,42.8267,-71.6261,73.2,NH E MILFORD,Spring,-12.2,8.9,0.0,0.0,203.0
2025-03-06,USC00272302,42.8267,-71.6261,73.2,NH E MILFORD,Spring,-0.6,11.7,23.6,0.0,178.0
2025-03-07,USC00272302,42.8267,-71.6261,73.2,NH E MILFORD,Spring,-3.9,14.4,0.0,0.0,127.0
2025-03-08,USC00272302,42.8267,-71.6261,73.2,NH E MILFORD,Spring,-2.8,4.4,0.0,0.0,102.0
2025-03-09,USC00272302,42.8267,-71.6261,73.2,NH E MILFORD,Spring,-6.7,2.8,0.0,0.0,76.0
2025-03-10,USC00272302,42.8267,-71.6261,73.2,NH E MILFORD,Spring,-6.7,5.0,0.0,0.0,25.0
2025-03-11,USC00272302,42.8267,-71.6261,73.2,NH E MILFORD,Spring,-4.4,13.9,0.0,0.0,0.0
2025-03-12,USC00272302,42.8267,-71.6261,73.2,NH E MILFORD,Spring,-3.9,17.8,0.0,0.0,0.0
2025-03-13,USC00272302,42.8267,-71.6261,73.2,NH E MILFORD,Spring,-1.7,5.6,0.0,0.0,0.0
2025-03-14,USC00272302,42.8267,-71.6261,73.2,NH E MILFORD,Spring,-3.9,7.2,0.0,0.0,0.0
2025-03-15,USC00272302,42.8267,-71.6261,73.2,NH E MILFORD,Spring,-2.2,13.9,0.0,0.0,0.0
2025-03-16,USC00272302,42.8267,-71.6261,73.2,NH E MILFORD,Spring,-2.2,18.3,0.5,0.0,0.0
2025-03-17,USC00272302,42.8267,-71.6261,73.2,NH E MILFORD,Spring,7.2,19.4,22.9,0.0,0.0
2025-03-18,USC00272302,42.8267,-71.6261,73.2,NH E MILFORD,Spring,1.1,13.3,6.9,0.0,0.0
2025-03-19,USC00272302,42.8267,-71.6261,73.2,NH E MILFORD,Spring,-3.3,12.2,0.0,0.0,0.0
2025-03-20,USC00272302,42.8267,-71.6261,73.2,NH E MILFORD,Spring,-2.8,16.1,0.8,0.0,0.0
2025-03-21,USC00272302,42.8267,-71.6261,73.2,NH E MILFORD,Spring,3.3,15.0,6.4,0.0,0.0
2025-03-22,USC00272302,42.8267,-71.6261,73.2,NH E MILFORD,Spring,-3.3,6.1,0.0,0.0,0.0
2025-03-23,USC00272302,42.8267,-71.6261,73.2,NH E MILFORD,Spring,-4.4,16.7,0.0,0.0,0.0
2025-03-24,USC00272302,42.8267,-71.6261,73.2,NH E MILFORD,Spring,-3.9,6.1,1.3,0.0,0.0
2025-03-25,USC00272302,42.8267,-71.6261,73.2,NH E MILFORD,Spring,-2.2,1.7,12.7,0.0,0.0
2025-03-26,USC00272302,42.8267,-71.6261,73.2,NH E MILFORD,Spring,-3.3,8.9,0.0,0.0,0.0
2025-03-27,USC00272302,42.8267,-71.6261,73.2,NH E MILFORD,Spring,-3.9,8.9,0.0,0.0,0.0
2025-03-28,USC00272302,42.8267,-71.6261,73.2,NH E MILFORD,Spring,-3.3,9.4,0.5,0.0,0.0
2025-03-29,USC00272302,42.8267,-71.6261,73.2,NH E MILFORD,Spring,0.6,14.4,5.1,0.0,0.0
2025-03-30,USC00272302,42.8267,-71.6261,73.2,NH E MILFORD,Spring,-0.6,0.6,8.9,0.0,0.0
2025-03-31,USC00272302,42.8267,-71.6261,73.2,NH E MILFORD,Spring,0.0,2.8,3.3,0.0,0.0
2025-04-01,USC00272302,42.8267,-71.6261,73.2,NH E MILFORD,Spring,1.7,15.6,0.0,0.0,0.0
2025-04-02,USC00272302,42.8267,-71.6261,73.2,NH E MILFORD,Spring,-2.2,10.0,0.0,0.0,0.0
2025-04-03,USC00272302,42.8267,-71.6261,73.2,NH E MILFORD,Spring,-1.7,7.8,22.9,0.0,0.0
2025-04-04,USC00272302,42.8267,-71.6261,73.2,NH E MILFORD,Spring,1.7,12.2,7.4,0.0,0.0
2025-04-05,USC00272302,42.8267,-71.6261,73.2,NH E MILFORD,Spring,2.2,18.9,0.0,0.0,0.0
2025-04-06,USC00272302,42.8267,-71.6261,73.2,NH E MILFORD,Spring,2.8,6.7,12.7,0.0,0.0
2025-04-07,USC00272302,42.8267,-71.6261,73.2,NH E MILFORD,Spring,0.6,12.8,6.9,0.0,0.0
2025-04-08,USC00272302,42.8267,-71.6261,73.2,NH E MILFORD,Spring,0.6,3.3,3.8,0.0,0.0
2025-04-09,USC00272302,42.8267,-71.6261,73.2,NH E MILFORD,Spring,-3.9,4.4,0.0,0.0,0.0
2025-04-10,USC00272302,42.8267,-71.6261,73.2,NH E MILFORD,Spring,-4.4,7.8,1.5,0.0,0.0
2025-04-11,USC00272302,42.8267,-71.6261,73.2,NH E MILFORD,Spring,-2.8,10.6,2.5,0.0,0.0
2025-04-12,USC00272302,42.8267,-71.6261,73.2,NH E MILFORD,Spring,-2.8,10.6,14.7,64.0,76.0
2025-04-13,USC00272302,42.8267,-71.6261,73.2,NH E MILFORD,Spring,0.0,2.2,3.6,0.0,0.0
2025-04-14,USC00272302,42.8267,-71.6261,73.2,NH E MILFORD,Spring,2.2,8.9,0.0,0.0,0.0
2025-04-15,USC00272302,42.8267,-71.6261,73.2,NH E MILFORD,Spring,5.6,20.0,0.5,0.0,0.0
2025-04-16,USC00272302,42.8267,-71.6261,73.2,NH E MILFORD,Spring,-1.1,21.1,0.0,0.0,0.0
2025-04-17,USC00272302,42.8267,-71.6261,73.2,NH E MILFORD,Spring,3.3,10.0,4.6,0.0,0.0
2025-04-18,USC00272302,42.8267,-71.6261,73.2,NH E MILFORD,Spring,-2.2,15.0,0.0,0.0,0.0
2025-04-19,USC00272302,42.8267,-71.6261,73.2,NH E MILFORD,Spring,5.6,21.1,0.0,0.0,0.0
2025-04-20,USC00272302,42.8267,-71.6261,73.2,NH E MILFORD,Spring,11.7,26.7,1.0,0.0,0.0
2025-04-21,USC00272302,42.8267,-71.6261,73.2,NH E MILFORD,Spring,0.0,15.6,0.0,0.0,0.0
2025-04-22,USC00272302,42.8267,-71.6261,73.2,NH E MILFORD,Spring,3.9,17.2,3.3,0.0,0.0
2025-04-23,USC00272302,42.8267,-71.6261,73.2,NH E MILFORD,Spring,7.2,23.9,0.0,0.0,0.0
2025-04-24,USC00272302,42.8267,-71.6261,73.2,NH E MILFORD,Spring,3.3,21.7,0.0,0.0,0.0
2025-04-25,USC00272302,42.8267,-71.6261,73.2,NH E MILFORD,Spring,8.3,25.0,1.5,0.0,0.0
2025-04-26,USC00272302,42.8267,-71.6261,73.2,NH E MILFORD,Spring,10.6,21.1,7.6,0.0,0.0
2025-04-27,USC00272302,42.8267,-71.6261,73.2,NH E MILFORD,Spring,5.6,18.3,15.7,0.0,0.0
2025-04-28,USC00272302,42.8267,-71.6261,73.2,NH E MILFORD,Spring,6.7,12.8,0.5,0.0,0.0
2025-04-29,USC00272302,42.8267,-71.6261,73.2,NH E MILFORD,Spring,3.9,23.3,0.0,0.0,0.0
2025-04-30,USC00272302,42.8267,-71.6261,73.2,NH E MILFORD,Spring,5.0,27.8,0.0,0.0,0.0
2025-05-01,USC00272302,42.8267,-71.6261,73.2,NH E MILFORD,Spring,4.4,20.0,0.0,0.0,0.0
2025-05-02,USC00272302,42.8267,-71.6261,73.2,NH E MILFORD,Spring,8.3,23.9,5.1,0.0,0.0
2025-05-03,USC00272302,42.8267,-71.6261,73.2,NH E MILFORD,Spring,9.4,25.0,3.0,0.0,0.0
2025-05-04,USC00272302,42.8267,-71.6261,73.2,NH E MILFORD,Spring,9.4,25.0,22.9,0.0,0.0
2025-05-05,USC00272302,42.8267,-71.6261,73.2,NH E MILFORD,Spring,11.1,18.3,70.1,0.0,0.0
2025-05-06,USC00272302,42.8267,-71.6261,73.2,NH E MILFORD,Spring,8.9,12.2,5.6,0.0,0.0
2025-05-07,USC00272302,42.8267,-71.6261,73.2,NH E MILFORD,Spring,8.9,13.3,9.9,0.0,0.0
2025-05-08,USC00272302,42.8267,-71.6261,73.2,NH E MILFORD,Spring,8.9,13.3,9.9,0.0,0.0
2025-05-09,USC00272302,42.8267,-71.6261,73.2,NH E MILFORD,Spring,8.9,13.3,9.9,0.0,0.0
2025-02-01,USC00275703,42.7347,-71.4803,54.9,NH NASHUA CWSU,Winter,-2.2,2.8,18.8,51.0,102.0
2025-02-02,USC00275703,42.7347,-71.4803,54.9,NH NASHUA CWSU,Winter,-20.0,-1.7,0.0,0.0,102.0
2025-02-03,USC00275703,42.7347,-71.4803,54.9,NH NASHUA CWSU,Winter,-15.0,-4.4,3.0,36.0,127.0
2025-02-04,USC00275703,42.7347,-71.4803,54.9,NH NASHUA CWSU,Winter,-7.2,6.7,0.0,0.0,102.0
2025-02-05,USC00275703,42.7347,-71.4803,54.9,NH NASHUA CWSU,Winter,-12.2,3.3,0.0,0.0,102.0
2025-02-06,USC00275703,42.7347,-71.4803,54.9,NH NASHUA CWSU,Winter,-16.1,-5.0,0.0,0.0,76.0
2025-02-07,USC00275703,42.7347,-71.4803,54.9,NH NASHUA CWSU,Winter,-13.9,0.6,11.7,51.0,127.0
2025-02-08,USC00275703,42.7347,-71.4803,54.9,NH NASHUA CWSU,Winter,-10.6,1.7,0.0,0.0,127.0
2025-02-09,USC00275703,42.7347,-71.4803,54.9,NH NASHUA CWSU,Winter,-10.6,1.1,16.8,140.0,254.0
2025-02-10,USC00275703,42.7347,-71.4803,54.9,NH NASHUA CWSU,Winter,-9.4,0.0,0.0,3.0,229.0
2025-02-11,USC00275703,42.7347,-71.4803,54.9,NH NASHUA CWSU,Winter,-16.1,0.0,0.0,0.0,229.0
2025-02-12,USC00275703,42.7347,-71.4803,54.9,NH NASHUA CWSU,Winter,-16.1,0.6,0.0,0.0,229.0
2025-02-13,USC00275703,42.7347,-71.4803,54.9,NH NASHUA CWSU,Winter,-11.1,-1.1,4.8,36.0,254.0
2025-02-14,USC00275703,42.7347,-71.4803,54.9,NH NASHUA CWSU,Winter,-5.6,1.1,8.9,0.0,203.0
2025-02-15,USC00275703,42.7347,-71.4803,54.9,NH NASHUA CWSU,Winter,-12.2,-1.1,0.0,0.0,203.0
2025-02-16,USC00275703,42.7347,-71.4803,54.9,NH NASHUA CWSU,Winter,-11.1,-1.7,17.8,132.0,330.0
2025-02-17,USC00275703,42.7347,-71.4803,54.9,NH NASHUA CWSU,Winter,-6.7,0.6,25.7,36.0,330.0
2025-02-18,USC00275703,42.7347,-71.4803,54.9,NH NASHUA CWSU,Winter,-12.2,-3.3,0.0,0.0,305.0
2025-02-19,USC00275703,42.7347,-71.4803,54.9,NH NASHUA CWSU,Winter,-13.3,-4.4,0.0,0.0,305.0
2025-02-20,USC00275703,42.7347,-71.4803,54.9,NH NASHUA CWSU,Winter,-15.6,-0.6,0.0,0.0,254.0
2025-02-21,USC00275703,42.7347,-71.4803,54.9,NH NASHUA CWSU,Winter,-11.7,-1.1,0.0,0.0,254.0
2025-02-22,USC00275703,42.7347,-71.4803,54.9,NH NASHUA CWSU,Winter,-10.6,0.0,0.0,0.0,254.0
2025-02-23,USC00275703,42.7347,-71.4803,54.9,NH NASHUA CWSU,Winter,-15.0,3.3,0.0,0.0,254.0
2025-02-24,USC00275703,42.7347,-71.4803,54.9,NH NASHUA CWSU,Winter,-4.4,5.6,0.0,0.0,254.0
2025-02-25,USC00275703,42.7347,-71.4803,54.9,NH NASHUA CWSU,Winter,-4.4,7.8,0.0,0.0,254.0
2025-02-26,USC00275703,42.7347,-71.4803,54.9,NH NASHUA CWSU,Winter,0.6,10.6,0.0,0.0,229.0
2025-02-27,USC00275703,42.7347,-71.4803,54.9,NH NASHUA CWSU,Winter,-2.8,9.4,1.3,20.0,229.0
2025-02-28,USC00275703,42.7347,-71.4803,54.9,NH NASHUA CWSU,Winter,-2.2,2.2,4.1,3.0,203.0
2025-03-01,USC00275703,42.7347,-71.4803,54.9,NH NASHUA CWSU,Spring,-1.1,5.6,0.0,0.0,178.0
2025-03-02,USC00275703,42.7347,-71.4803,54.9,NH NASHUA CWSU,Spring,-11.7,11.1,0.0,0.0,152.0
2025-03-03,USC00275703,42.7347,-71.4803,54.9,NH NASHUA CWSU,Spring,-13.9,-3.9,0.0,0.0,152.0
2025-03-04,USC00275703,42.7347,-71.4803,54.9,NH NASHUA CWSU,Spring,-10.6,-1.1,0.0,0.0,127.0
2025-03-05,USC00275703,42.7347,-71.4803,54.9,NH NASHUA CWSU,Spring,-2.2,8.9,0.0,0.0,127.0
2025-03-06,USC00275703,42.7347,-71.4803,54.9,NH NASHUA CWSU,Spring,1.1,11.7,15.0,0.0,0.0
2025-03-07,USC00275703,42.7347,-71.4803,54.9,NH NASHUA CWSU,Spring,-4.4,14.4,0.0,0.0,0.0
2025-03-08,USC00275703,42.7347,-71.4803,54.9,NH NASHUA CWSU,Spring,-3.9,4.4,0.0,0.0,0.0
2025-03-09,USC00275703,42.7347,-71.4803,54.9,NH NASHUA CWSU,Spring,-6.1,2.2,0.0,0.0,0.0
2025-03-10,USC00275703,42.7347,-71.4803,54.9,NH NASHUA CWSU,Spring,-6.1,6.1,0.0,0.0,0.0
2025-03-11,USC00275703,42.7347,-71.4803,54.9,NH NASHUA CWSU,Spring,-5.0,14.4,0.0,0.0,0.0
2025-03-12,USC00275703,42.7347,-71.4803,54.9,NH NASHUA CWSU,Spring,0.6,18.3,0.0,0.0,0.0
2025-03-13,USC00275703,42.7347,-71.4803,54.9,NH NASHUA CWSU,Spring,-1.1,6.1,0.0,0.0,0.0
2025-03-14,USC00275703,42.7347,-71.4803,54.9,NH NASHUA CWSU,Spring,-2.2,8.3,0.0,0.0,0.0
2025-03-15,USC00275703,42.7347,-71.4803,54.9,NH NASHUA CWSU,Spring,-3.3,15.6,0.0,0.0,0.0
2025-03-16,USC00275703,42.7347,-71.4803,54.9,NH NASHUA CWSU,Spring,2.2,19.4,0.3,0.0,0.0
2025-03-17,USC00275703,42.7347,-71.4803,54.9,NH NASHUA CWSU,Spring,6.7,19.4,29.5,0.0,0.0
2025-03-18,USC00275703,42.7347,-71.4803,54.9,NH NASHUA CWSU,Spring,1.1,12.8,7.6,0.0,0.0
2025-03-19,USC00275703,42.7347,-71.4803,54.9,NH NASHUA CWSU,Spring,-3.3,11.1,0.0,0.0,0.0
2025-03-20,USC00275703,42.7347,-71.4803,54.9,NH NASHUA CWSU,Spring,-3.3,16.7,0.5,0.0,0.0
2025-03-21,USC00275703,42.7347,-71.4803,54.9,NH NASHUA CWSU,Spring,2.8,16.1,6.6,0.0,0.0
2025-03-22,USC00275703,42.7347,-71.4803,54.9,NH NASHUA CWSU,Spring,-2.8,6.7,0.5,0.0,0.0
2025-03-23,USC00275703,42.7347,-71.4803,54.9,NH NASHUA CWSU,Spring,-4.4,16.7,0.8,0.0,0.0
2025-03-24,USC00275703,42.7347,-71.4803,54.9,NH NASHUA CWSU,Spring,-4.4,5.6,0.0,0.0,0.0
2025-03-25,USC00275703,42.7347,-71.4803,54.9,NH NASHUA CWSU,Spring,-2.2,1.1,16.5,0.0,0.0
2025-03-26,USC00275703,42.7347,-71.4803,54.9,NH NASHUA CWSU,Spring,-5.6,9.4,0.0,0.0,0.0
2025-03-27,USC00275703,42.7347,-71.4803,54.9,NH NASHUA CWSU,Spring,-5.6,10.0,0.0,0.0,0.0
2025-03-28,USC00275703,42.7347,-71.4803,54.9,NH NASHUA CWSU,Spring,-3.3,9.4,0.0,0.0,0.0
2025-03-29,USC00275703,42.7347,-71.4803,54.9,NH NASHUA CWSU,Spring,1.1,14.4,2.5,0.0,0.0
2025-03-30,USC00275703,42.7347,-71.4803,54.9,NH NASHUA CWSU,Spring,-1.1,1.1,6.1,0.0,0.0
2025-03-31,USC00275703,42.7347,-71.4803,54.9,NH NASHUA CWSU,Spring,-0.6,3.3,1.3,0.0,0.0
2025-04-01,USC00275703,42.7347,-71.4803,54.9,NH NASHUA CWSU,Spring,2.2,16.1,11.9,0.0,0.0
2025-04-02,USC00275703,42.7347,-71.4803,54.9,NH NASHUA CWSU,Spring,3.3,9.4,0.0,0.0,0.0
2025-04-03,USC00275703,42.7347,-71.4803,54.9,NH NASHUA CWSU,Spring,-2.2,8.9,9.9,0.0,0.0
2025-04-04,USC00275703,42.7347,-71.4803,54.9,NH NASHUA CWSU,Spring,1.7,12.2,6.1,0.0,0.0
2025-04-05,USC00275703,42.7347,-71.4803,54.9,NH NASHUA CWSU,Spring,2.2,18.9,0.0,0.0,0.0
2025-04-06,USC00275703,42.7347,-71.4803,54.9,NH NASHUA CWSU,Spring,2.2,6.7,16.0,0.0,0.0
2025-04-07,USC00275703,42.7347,-71.4803,54.9,NH NASHUA CWSU,Spring,1.1,11.1,4.1,0.0,0.0
2025-04-08,USC00275703,42.7347,-71.4803,54.9,NH NASHUA CWSU,Spring,0.0,3.3,3.3,0.0,0.0
2025-04-09,USC00275703,42.7347,-71.4803,54.9,NH NASHUA CWSU,Spring,-3.9,3.3,2.5,0.0,0.0
2025-04-10,USC00275703,42.7347,-71.4803,54.9,NH NASHUA CWSU,Spring,-5.6,8.9,0.0,0.0,0.0
2025-04-11,USC00275703,42.7347,-71.4803,54.9,NH NASHUA CWSU,Spring,-1.7,5.6,3.3,0.0,0.0
2025-04-12,USC00275703,42.7347,-71.4803,54.9,NH NASHUA CWSU,Spring,-0.6,7.8,8.4,30.0,25.0
2025-04-13,USC00275703,42.7347,-71.4803,54.9,NH NASHUA CWSU,Spring,-0.6,2.2,4.3,15.0,0.0
2025-04-14,USC00275703,42.7347,-71.4803,54.9,NH NASHUA CWSU,Spring,-1.7,9.4,0.0,0.0,0.0
2025-04-15,USC00275703,42.7347,-71.4803,54.9,NH NASHUA CWSU,Spring,7.2,20.0,0.5,0.0,0.0
2025-04-16,USC00275703,42.7347,-71.4803,54.9,NH NASHUA CWSU,Spring,2.2,21.1,0.3,0.0,0.0
2025-04-17,USC00275703,42.7347,-71.4803,54.9,NH NASHUA CWSU,Spring,0.6,10.0,0.0,0.0,0.0
2025-04-18,USC00275703,42.7347,-71.4803,54.9,NH NASHUA CWSU,Spring,-4.4,14.4,0.0,0.0,0.0
2025-04-19,USC00275703,42.7347,-71.4803,54.9,NH NASHUA CWSU,Spring,0.0,20.6,0.0,0.0,0.0
2025-04-20,USC00275703,42.7347,-71.4803,54.9,NH NASHUA CWSU,Spring,12.2,26.7,0.3,0.0,0.0
2025-04-21,USC00275703,42.7347,-71.4803,54.9,NH NASHUA CWSU,Spring,-0.6,16.1,0.0,0.0,0.0
2025-04-22,USC00275703,42.7347,-71.4803,54.9,NH NASHUA CWSU,Spring,5.6,17.8,3.8,0.0,0.0
2025-04-23,USC00275703,42.7347,-71.4803,54.9,NH NASHUA CWSU,Spring,5.6,24.4,0.0,0.0,0.0
2025-04-24,USC00275703,42.7347,-71.4803,54.9,NH NASHUA CWSU,Spring,2.8,21.7,0.0,0.0,0.0
2025-04-25,USC00275703,42.7347,-71.4803,54.9,NH NASHUA CWSU,Spring,8.3,25.0,1.3,0.0,0.0
2025-04-26,USC00275703,42.7347,-71.4803,54.9,NH NASHUA CWSU,Spring,11.1,23.3,6.9,0.0,0.0
2025-04-27,USC00275703,42.7347,-71.4803,54.9,NH NASHUA CWSU,Spring,5.0,17.2,17.8,0.0,0.0
2025-04-28,USC00275703,42.7347,-71.4803,54.9,NH NASHUA CWSU,Spring,5.6,11.7,0.3,0.0,0.0
2025-04-29,USC00275703,42.7347,-71.4803,54.9,NH NASHUA CWSU,Spring,3.3,23.9,0.0,0.0,0.0
2025-04-30,USC00275703,42.7347,-71.4803,54.9,NH NASHUA CWSU,Spring,9.4,27.8,0.0,0.0,0.0
2025-05-01,USC00275703,42.7347,-71.4803,54.9,NH NASHUA CWSU,Spring,2.2,20.6,0.0,0.0,0.0
2025-05-02,USC00275703,42.7347,-71.4803,54.9,NH NASHUA CWSU,Spring,6.1,23.9,5.8,0.0,0.0
2025-05-03,USC00275703,42.7347,-71.4803,54.9,NH NASHUA CWSU,Spring,10.6,25.6,0.3,0.0,0.0
2025-05-04,USC00275703,42.7347,-71.4803,54.9,NH NASHUA CWSU,Spring,14.4,27.8,20.3,0.0,0.0
2025-05-05,USC00275703,42.7347,-71.4803,54.9,NH NASHUA CWSU,Spring,10.6,20.0,41.1,0.0,0.0
2025-05-06,USC00275703,42.7347,-71.4803,54.9,NH NASHUA CWSU,Spring,8.3,11.7,3.8,0.0,0.0
2025-05-07,USC00275703,42.7347,-71.4803,54.9,NH NASHUA CWSU,Spring,9.4,14.4,6.4,0.0,0.0
2025-05-08,USC00275703,42.7347,-71.4803,54.9,NH NASHUA CWSU,Spring,8.9,22.8,0.3,0.0,0.0
2025-05-09,USC00275703,42.7347,-71.4803,54.9,NH NASHUA CWSU,Spring,8.9,22.8,0.3,0.0,0.0
2025-02-01,USC00278614,43.8644,-71.2664,164.9,NH TAMWORTH 4,Winter,-8.3,0.6,8.1,117.0,330.0
2025-02-02,USC00278614,43.8644,-71.2664,164.9,NH TAMWORTH 4,Winter,-25.0,-3.9,0.0,0.0,305.0
2025-02-03,USC00278614,43.8644,-71.2664,164.9,NH TAMWORTH 4,Winter,-25.0,-7.2,5.6,84.0,381.0
2025-02-04,USC00278614,43.8644,-71.2664,164.9,NH TAMWORTH 4,Winter,-8.3,1.1,2.0,3.0,330.0
2025-02-05,USC00278614,43.8644,-71.2664,164.9,NH TAMWORTH 4,Winter,-20.6,0.6,0.0,0.0,330.0
2025-02-06,USC00278614,43.8644,-71.2664,164.9,NH TAMWORTH 4,Winter,-22.2,-6.7,0.0,0.0,330.0
2025-02-07,USC00278614,43.8644,-71.2664,164.9,NH TAMWORTH 4,Winter,-21.1,-2.8,11.9,91.0,406.0
2025-02-08,USC00278614,43.8644,-71.2664,164.9,NH TAMWORTH 4,Winter,-12.8,0.0,0.0,3.0,381.0
2025-02-09,USC00278614,43.8644,-71.2664,164.9,NH TAMWORTH 4,Winter,-12.2,-1.1,8.4,198.0,559.0
2025-02-10,USC00278614,43.8644,-71.2664,164.9,NH TAMWORTH 4,Winter,-13.9,-2.8,1.0,23.0,533.0
2025-02-11,USC00278614,43.8644,-71.2664,164.9,NH TAMWORTH 4,Winter,-21.7,-2.8,0.0,0.0,483.0
2025-02-12,USC00278614,43.8644,-71.2664,164.9,NH TAMWORTH 4,Winter,-21.7,0.0,0.0,0.0,457.0
2025-02-13,USC00278614,43.8644,-71.2664,164.9,NH TAMWORTH 4,Winter,-17.2,-3.3,4.8,36.0,457.0
2025-02-14,USC00278614,43.8644,-71.2664,164.9,NH TAMWORTH 4,Winter,-7.8,1.7,10.7,30.0,457.0
2025-02-15,USC00278614,43.8644,-71.2664,164.9,NH TAMWORTH 4,Winter,-17.8,-3.9,0.0,0.0,457.0
2025-02-16,USC00278614,43.8644,-71.2664,164.9,NH TAMWORTH 4,Winter,-17.2,-2.2,5.3,51.0,483.0
2025-02-17,USC00278614,43.8644,-71.2664,164.9,NH TAMWORTH 4,Winter,-9.4,-2.2,21.1,102.0,559.0
2025-02-18,USC00278614,43.8644,-71.2664,164.9,NH TAMWORTH 4,Winter,-11.7,-3.9,0.0,0.0,533.0
2025-02-19,USC00278614,43.8644,-71.2664,164.9,NH TAMWORTH 4,Winter,-16.7,-6.7,0.0,0.0,533.0
2025-02-20,USC00278614,43.8644,-71.2664,164.9,NH TAMWORTH 4,Winter,-20.0,-2.8,0.0,0.0,508.0
2025-02-21,USC00278614,43.8644,-71.2664,164.9,NH TAMWORTH 4,Winter,-20.0,1.1,0.0,0.0,508.0
2025-02-22,USC00278614,43.8644,-71.2664,164.9,NH TAMWORTH 4,Winter,-14.4,-1.1,0.0,0.0,508.0
2025-02-23,USC00278614,43.8644,-71.2664,164.9,NH TAMWORTH 4,Winter,-14.4,-0.6,0.0,0.0,508.0
2025-02-24,USC00278614,43.8644,-71.2664,164.9,NH TAMWORTH 4,Winter,-5.0,2.8,0.0,0.0,483.0
2025-02-25,USC00278614,43.8644,-71.2664,164.9,NH TAMWORTH 4,Winter,-4.4,4.4,0.0,0.0,483.0
2025-02-26,USC00278614,43.8644,-71.2664,164.9,NH TAMWORTH 4,Winter,-3.9,4.4,0.0,0.0,483.0
2025-02-27,USC00278614,43.8644,-71.2664,164.9,NH TAMWORTH 4,Winter,-5.6,8.9,0.0,0.0,483.0
2025-02-28,USC00278614,43.8644,-71.2664,164.9,NH TAMWORTH 4,Winter,-3.9,2.2,15.2,107.0,559.0
2025-03-01,USC00278614,43.8644,-71.2664,164.9,NH TAMWORTH 4,Spring,-5.6,3.9,3.0,33.0,584.0
2025-03-02,USC00278614,43.8644,-71.2664,164.9,NH TAMWORTH 4,Spring,-13.9,6.1,0.0,0.0,559.0
2025-03-03,USC00278614,43.8644,-71.2664,164.9,NH TAMWORTH 4,Spring,-19.4,-5.6,0.0,0.0,533.0
2025-03-04,USC00278614,43.8644,-71.2664,164.9,NH TAMWORTH 4,Spring,-18.9,-1.7,0.0,0.0,533.0
2025-03-05,USC00278614,43.8644,-71.2664,164.9,NH TAMWORTH 4,Spring,-10.0,4.4,0.0,0.0,533.0
2025-03-06,USC00278614,43.8644,-71.2664,164.9,NH TAMWORTH 4,Spring,-1.7,5.0,37.8,0.0,483.0
2025-03-07,USC00278614,43.8644,-71.2664,164.9,NH TAMWORTH 4,Spring,-6.1,13.3,0.3,0.0,432.0
2025-03-08,USC00278614,43.8644,-71.2664,164.9,NH TAMWORTH 4,Spring,-5.6,2.8,0.3,10.0,432.0
2025-03-09,USC00278614,43.8644,-71.2664,164.9,NH TAMWORTH 4,Spring,-4.4,0.6,0.0,0.0,432.0
2025-03-10,USC00278614,43.8644,-71.2664,164.9,NH TAMWORTH 4,Spring,-5.6,2.2,1.3,10.0,432.0
2025-03-11,USC00278614,43.8644,-71.2664,164.9,NH TAMWORTH 4,Spring,-2.8,10.0,0.0,0.0,406.0
2025-03-12,USC00278614,43.8644,-71.2664,164.9,NH TAMWORTH 4,Spring,-1.7,15.6,0.0,0.0,381.0
2025-03-13,USC00278614,43.8644,-71.2664,164.9,NH TAMWORTH 4,Spring,-6.1,6.1,0.0,0.0,381.0
2025-03-14,USC00278614,43.8644,-71.2664,164.9,NH TAMWORTH 4,Spring,-6.7,4.4,0.0,0.0,381.0
2025-03-15,USC00278614,43.8644,-71.2664,164.9,NH TAMWORTH 4,Spring,-7.2,12.8,0.0,0.0,356.0
2025-03-16,USC00278614,43.8644,-71.2664,164.9,NH TAMWORTH 4,Spring,-3.3,16.1,0.0,0.0,305.0
2025-03-17,USC00278614,43.8644,-71.2664,164.9,NH TAMWORTH 4,Spring,2.8,12.8,17.5,0.0,229.0
2025-03-18,USC00278614,43.8644,-71.2664,164.9,NH TAMWORTH 4,Spring,-2.2,7.8,4.6,0.0,178.0
2025-03-19,USC00278614,43.8644,-71.2664,164.9,NH TAMWORTH 4,Spring,-4.4,10.6,0.0,0.0,178.0
2025-03-20,USC00278614,43.8644,-71.2664,164.9,NH TAMWORTH 4,Spring,-4.4,15.6,0.0,0.0,127.0
2025-03-21,USC00278614,43.8644,-71.2664,164.9,NH TAMWORTH 4,Spring,1.7,7.8,6.4,0.0,76.0
2025-03-22,USC00278614,43.8644,-71.2664,164.9,NH TAMWORTH 4,Spring,-1.7,6.1,2.3,0.0,51.0
2025-03-23,USC00278614,43.8644,-71.2664,164.9,NH TAMWORTH 4,Spring,-6.1,13.3,0.0,0.0,25.0
2025-03-24,USC00278614,43.8644,-71.2664,164.9,NH TAMWORTH 4,Spring,-5.6,2.8,0.0,0.0,0.0
2025-03-25,USC00278614,43.8644,-71.2664,164.9,NH TAMWORTH 4,Spring,-7.2,-1.7,15.5,135.0,127.0
2025-03-26,USC00278614,43.8644,-71.2664,164.9,NH TAMWORTH 4,Spring,-6.1,7.2,0.0,0.0,76.0
2025-03-27,USC00278614,43.8644,-71.2664,164.9,NH TAMWORTH 4,Spring,-5.0,8.3,0.0,0.0,25.0
2025-03-28,USC00278614,43.8644,-71.2664,164.9,NH TAMWORTH 4,Spring,-5.0,7.2,0.0,0.0,0.0
2025-03-29,USC00278614,43.8644,-71.2664,164.9,NH TAMWORTH 4,Spring,-1.7,10.0,11.2,94.0,102.0
2025-03-30,USC00278614,43.8644,-71.2664,164.9,NH TAMWORTH 4,Spring,-2.8,0.6,8.1,51.0,152.0
2025-03-31,USC00278614,43.8644,-71.2664,164.9,NH TAMWORTH 4,Spring,-1.1,1.1,9.1,0.0,102.0
2025-04-01,USC00278614,43.8644,-71.2664,164.9,NH TAMWORTH 4,Spring,0.0,6.1,4.6,0.0,38.0
2025-04-02,USC00278614,43.8644,-71.2664,164.9,NH TAMWORTH 4,Spring,-5.6,5.6,0.0,0.0,0.0
2025-04-03,USC00278614,43.8644,-71.2664,164.9,NH TAMWORTH 4,Spring,-5.6,5.6,10.2,20.0,25.0
2025-04-04,USC00278614,43.8644,-71.2664,164.9,NH TAMWORTH 4,Spring,-0.6,7.2,8.9,0.0,13.0
2025-04-05,USC00278614,43.8644,-71.2664,164.9,NH TAMWORTH 4,Spring,0.6,14.4,0.0,0.0,0.0
2025-04-06,USC00278614,43.8644,-71.2664,164.9,NH TAMWORTH 4,Spring,0.6,5.0,9.9,0.0,0.0
2025-04-07,USC00278614,43.8644,-71.2664,164.9,NH TAMWORTH 4,Spring,0.6,12.8,0.5,0.0,0.0
2025-04-08,USC00278614,43.8644,-71.2664,164.9,NH TAMWORTH 4,Spring,0.0,5.6,0.0,0.0,0.0
2025-04-09,USC00278614,43.8644,-71.2664,164.9,NH TAMWORTH 4,Spring,-3.9,5.0,2.5,0.0,0.0
2025-04-10,USC00278614,43.8644,-71.2664,164.9,NH TAMWORTH 4,Spring,-7.8,4.4,0.0,0.0,0.0
2025-04-11,USC00278614,43.8644,-71.2664,164.9,NH TAMWORTH 4,Spring,-7.2,10.0,1.5,0.0,0.0
2025-04-12,USC00278614,43.8644,-71.2664,164.9,NH TAMWORTH 4,Spring,0.0,3.9,3.6,3.0,0.0
2025-04-13,USC00278614,43.8644,-71.2664,164.9,NH TAMWORTH 4,Spring,0.0,3.3,7.6,25.0,0.0
2025-04-14,USC00278614,43.8644,-71.2664,164.9,NH TAMWORTH 4,Spring,1.1,8.3,0.5,0.0,0.0
2025-04-15,USC00278614,43.8644,-71.2664,164.9,NH TAMWORTH 4,Spring,1.1,18.9,2.8,0.0,0.0
2025-04-16,USC00278614,43.8644,-71.2664,164.9,NH TAMWORTH 4,Spring,3.3,19.4,0.0,0.0,0.0
2025-04-17,USC00278614,43.8644,-71.2664,164.9,NH TAMWORTH 4,Spring,1.1,8.9,0.0,0.0,0.0
2025-04-18,USC00278614,43.8644,-71.2664,164.9,NH TAMWORTH 4,Spring,-3.9,12.2,0.0,0.0,0.0
2025-04-19,USC00278614,43.8644,-71.2664,164.9,NH TAMWORTH 4,Spring,-2.2,19.4,0.3,0.0,0.0
2025-04-20,USC00278614,43.8644,-71.2664,164.9,NH TAMWORTH 4,Spring,7.8,23.3,0.0,0.0,0.0
2025-04-21,USC00278614,43.8644,-71.2664,164.9,NH TAMWORTH 4,Spring,-2.8,12.8,0.0,0.0,0.0
2025-04-22,USC00278614,43.8644,-71.2664,164.9,NH TAMWORTH 4,Spring,-1.1,17.2,1.0,0.0,0.0
2025-04-23,USC00278614,43.8644,-71.2664,164.9,NH TAMWORTH 4,Spring,1.7,21.1,0.0,0.0,0.0
2025-04-24,USC00278614,43.8644,-71.2664,164.9,NH TAMWORTH 4,Spring,0.0,18.9,0.0,0.0,0.0
2025-04-25,USC00278614,43.8644,-71.2664,164.9,NH TAMWORTH 4,Spring,2.2,22.2,0.5,0.0,0.0
2025-04-26,USC00278614,43.8644,-71.2664,164.9,NH TAMWORTH 4,Spring,8.9,21.1,1.3,0.0,0.0
2025-04-27,USC00278614,43.8644,-71.2664,164.9,NH TAMWORTH 4,Spring,6.7,12.8,30.5,0.0,0.0
2025-04-28,USC00278614,43.8644,-71.2664,164.9,NH TAMWORTH 4,Spring,3.3,13.3,1.3,0.0,0.0
2025-04-29,USC00278614,43.8644,-71.2664,164.9,NH TAMWORTH 4,Spring,1.7,22.8,0.0,0.0,0.0
2025-04-30,USC00278614,43.8644,-71.2664,164.9,NH TAMWORTH 4,Spring,0.85,20.3,1.3,0.0,0.0
2025-05-01,USC00278614,43.8644,-71.2664,164.9,NH TAMWORTH 4,Spring,0.0,17.8,0.0,0.0,0.0
2025-05-02,USC00278614,43.8644,-71.2664,164.9,NH TAMWORTH 4,Spring,2.2,21.7,7.9,0.0,0.0
2025-05-03,USC00278614,43.8644,-71.2664,164.9,NH TAMWORTH 4,Spring,7.2,17.8,7.6,0.0,0.0
2025-05-04,USC00278614,43.8644,-71.2664,164.9,NH TAMWORTH 4,Spring,10.0,23.3,3.6,0.0,0.0
2025-05-05,USC00278614,43.8644,-71.2664,164.9,NH TAMWORTH 4,Spring,12.2,15.6,13.0,0.0,0.0
2025-05-06,USC00278614,43.8644,-71.2664,164.9,NH TAMWORTH 4,Spring,10.0,14.4,3.8,0.0,0.0
2025-05-07,USC00278614,43.8644,-71.2664,164.9,NH TAMWORTH 4,Spring,10.0,12.2,14.2,0.0,0.0
2025-05-08,USC00278614,43.8644,-71.2664,164.9,NH TAMWORTH 4,Spring,8.3,20.0,6.6,0.0,0.0
2025-05-09,USC00278614,43.8644,-71.2664,164.9,NH TAMWORTH 4,Spring,8.3,20.0,6.6,0.0,0.0
2025-02-01,USC00279278,42.9108,-71.2019,87.8,NH W HAMPSTEAD,Winter,-2.2,2.8,14.5,66.0,152.0
2025-02-02,USC00279278,42.9108,-71.2019,87.8,NH W HAMPSTEAD,Winter,-19.4,-0.6,1.3,18.0,152.0
2025-02-03,USC00279278,42.9108,-71.2019,87.8,NH W HAMPSTEAD,Winter,-19.4,-5.0,4.6,53.0,203.0
2025-02-04,USC00279278,42.9108,-71.2019,87.8,NH W HAMPSTEAD,Winter,-7.8,5.0,0.3,0.0,178.0
2025-02-05,USC00279278,42.9108,-71.2019,87.8,NH W HAMPSTEAD,Winter,-13.9,3.9,0.0,0.0,178.0
2025-02-06,USC00279278,42.9108,-71.2019,87.8,NH W HAMPSTEAD,Winter,-16.7,-6.7,0.0,0.0,178.0
2025-02-07,USC00279278,42.9108,-71.2019,87.8,NH W HAMPSTEAD,Winter,-16.1,0.0,9.7,74.0,229.0
2025-02-08,USC00279278,42.9108,-71.2019,87.8,NH W HAMPSTEAD,Winter,-11.1,2.8,0.0,0.0,229.0
2025-02-09,USC00279278,42.9108,-71.2019,87.8,NH W HAMPSTEAD,Winter,-10.0,2.2,13.7,178.0,406.0
2025-02-10,USC00279278,42.9108,-71.2019,87.8,NH W HAMPSTEAD,Winter,-6.1,2.2,0.0,0.0,356.0
2025-02-11,USC00279278,42.9108,-71.2019,87.8,NH W HAMPSTEAD,Winter,-12.8,1.7,0.0,0.0,330.0
2025-02-12,USC00279278,42.9108,-71.2019,87.8,NH W HAMPSTEAD,Winter,-10.6,0.0,0.0,0.0,305.0
2025-02-13,USC00279278,42.9108,-71.2019,87.8,NH W HAMPSTEAD,Winter,-9.4,0.0,5.6,38.0,356.0
2025-02-14,USC00279278,42.9108,-71.2019,87.8,NH W HAMPSTEAD,Winter,-5.0,3.3,6.6,0.0,305.0
2025-02-15,USC00279278,42.9108,-71.2019,87.8,NH W HAMPSTEAD,Winter,-11.7,0.6,0.0,0.0,279.0
2025-02-16,USC00279278,42.9108,-71.2019,87.8,NH W HAMPSTEAD,Winter,-11.1,-1.1,15.0,140.0,432.0
2025-02-17,USC00279278,42.9108,-71.2019,87.8,NH W HAMPSTEAD,Winter,-6.7,0.6,21.8,66.0,483.0
2025-02-18,USC00279278,42.9108,-71.2019,87.8,NH W HAMPSTEAD,Winter,-9.4,-1.1,0.0,0.0,457.0
2025-02-19,USC00279278,42.9108,-71.2019,87.8,NH W HAMPSTEAD,Winter,-13.3,-2.2,0.0,0.0,457.0
2025-02-20,USC00279278,42.9108,-71.2019,87.8,NH W HAMPSTEAD,Winter,-12.8,-1.1,0.0,0.0,457.0
2025-02-21,USC00279278,42.9108,-71.2019,87.8,NH W HAMPSTEAD,Winter,-12.8,1.1,0.0,0.0,432.0
2025-02-22,USC00279278,42.9108,-71.2019,87.8,NH W HAMPSTEAD,Winter,-10.6,0.6,0.0,0.0,432.0
2025-02-23,USC00279278,42.9108,-71.2019,87.8,NH W HAMPSTEAD,Winter,-9.4,3.9,0.0,0.0,406.0
2025-02-24,USC00279278,42.9108,-71.2019,87.8,NH W HAMPSTEAD,Winter,-2.2,6.1,0.0,0.0,406.0
2025-02-25,USC00279278,42.9108,-71.2019,87.8,NH W HAMPSTEAD,Winter,-2.2,7.8,0.0,0.0,381.0
2025-02-26,USC00279278,42.9108,-71.2019,87.8,NH W HAMPSTEAD,Winter,1.7,10.6,0.0,0.0,330.0
2025-02-27,USC00279278,42.9108,-71.2019,87.8,NH W HAMPSTEAD,Winter,-0.6,8.9,0.0,5.0,305.0
2025-02-28,USC00279278,42.9108,-71.2019,87.8,NH W HAMPSTEAD,Winter,0.0,4.4,6.1,5.0,305.0
2025-03-01,USC00279278,42.9108,-71.2019,87.8,NH W HAMPSTEAD,Spring,-0.6,6.7,0.0,0.0,279.0
2025-03-02,USC00279278,42.9108,-71.2019,87.8,NH W HAMPSTEAD,Spring,-11.1,10.6,0.0,3.0,229.0
2025-03-03,USC00279278,42.9108,-71.2019,87.8,NH W HAMPSTEAD,Spring,-15.0,-1.7,0.0,0.0,229.0
2025-03-04,USC00279278,42.9108,-71.2019,87.8,NH W HAMPSTEAD,Spring,-14.4,0.0,0.0,0.0,203.0
2025-03-05,USC00279278,42.9108,-71.2019,87.8,NH W HAMPSTEAD,Spring,-6.1,8.9,0.0,0.0,178.0
2025-03-06,USC00279278,42.9108,-71.2019,87.8,NH W HAMPSTEAD,Spring,1.1,10.6,16.5,0.0,127.0
2025-03-07,USC00279278,42.9108,-71.2019,87.8,NH W HAMPSTEAD,Spring,-3.9,13.9,0.3,0.0,76.0
2025-03-08,USC00279278,42.9108,-71.2019,87.8,NH W HAMPSTEAD,Spring,-3.9,5.6,0.0,0.0,76.0
2025-03-09,USC00279278,42.9108,-71.2019,87.8,NH W HAMPSTEAD,Spring,-4.4,3.9,0.0,0.0,51.0
2025-03-10,USC00279278,42.9108,-71.2019,87.8,NH W HAMPSTEAD,Spring,-2.8,6.7,0.0,0.0,0.0
2025-03-11,USC00279278,42.9108,-71.2019,87.8,NH W HAMPSTEAD,Spring,-1.7,13.9,0.0,0.0,0.0
2025-03-12,USC00279278,42.9108,-71.2019,87.8,NH W HAMPSTEAD,Spring,0.0,18.3,0.0,0.0,0.0
2025-03-13,USC00279278,42.9108,-71.2019,87.8,NH W HAMPSTEAD,Spring,-1.1,7.2,0.0,0.0,0.0
2025-03-14,USC00279278,42.9108,-71.2019,87.8,NH W HAMPSTEAD,Spring,-3.9,6.1,0.0,0.0,0.0
2025-03-15,USC00279278,42.9108,-71.2019,87.8,NH W HAMPSTEAD,Spring,-2.8,13.9,0.0,0.0,0.0
2025-03-16,USC00279278,42.9108,-71.2019,87.8,NH W HAMPSTEAD,Spring,-1.1,17.8,0.0,0.0,0.0
2025-03-17,USC00279278,42.9108,-71.2019,87.8,NH W HAMPSTEAD,Spring,8.3,19.4,31.2,0.0,0.0
2025-03-18,USC00279278,42.9108,-71.2019,87.8,NH W HAMPSTEAD,Spring,1.7,13.9,7.6,0.0,0.0
2025-03-19,USC00279278,42.9108,-71.2019,87.8,NH W HAMPSTEAD,Spring,-2.2,11.7,0.0,0.0,0.0
2025-03-20,USC00279278,42.9108,-71.2019,87.8,NH W HAMPSTEAD,Spring,-1.7,15.0,0.8,0.0,0.0
2025-03-21,USC00279278,42.9108,-71.2019,87.8,NH W HAMPSTEAD,Spring,3.9,11.1,5.8,0.0,0.0
2025-03-22,USC00279278,42.9108,-71.2019,87.8,NH W HAMPSTEAD,Spring,0.0,7.2,3.8,0.0,0.0
2025-03-23,USC00279278,42.9108,-71.2019,87.8,NH W HAMPSTEAD,Spring,-4.4,17.2,1.8,0.0,0.0
2025-03-24,USC00279278,42.9108,-71.2019,87.8,NH W HAMPSTEAD,Spring,-3.3,5.0,0.0,0.0,0.0
2025-03-25,USC00279278,42.9108,-71.2019,87.8,NH W HAMPSTEAD,Spring,-1.7,2.2,14.0,0.0,0.0
2025-03-26,USC00279278,42.9108,-71.2019,87.8,NH W HAMPSTEAD,Spring,-1.7,9.4,0.0,0.0,0.0
2025-03-27,USC00279278,42.9108,-71.2019,87.8,NH W HAMPSTEAD,Spring,-1.7,10.6,0.0,0.0,0.0
2025-03-28,USC00279278,42.9108,-71.2019,87.8,NH W HAMPSTEAD,Spring,-1.7,9.4,0.0,0.0,0.0
2025-03-29,USC00279278,42.9108,-71.2019,87.8,NH W HAMPSTEAD,Spring,0.6,14.4,4.6,0.0,0.0
2025-03-30,USC00279278,42.9108,-71.2019,87.8,NH W HAMPSTEAD,Spring,0.0,1.1,9.9,5.0,0.0
2025-03-31,USC00279278,42.9108,-71.2019,87.8,NH W HAMPSTEAD,Spring,0.6,3.3,2.0,0.0,0.0
2025-04-01,USC00279278,42.9108,-71.2019,87.8,NH W HAMPSTEAD,Spring,2.2,16.1,9.9,0.0,0.0
2025-04-02,USC00279278,42.9108,-71.2019,87.8,NH W HAMPSTEAD,Spring,-2.2,9.4,0.0,0.0,0.0
2025-04-03,USC00279278,42.9108,-71.2019,87.8,NH W HAMPSTEAD,Spring,-2.2,7.8,16.8,3.0,0.0
2025-04-04,USC00279278,42.9108,-71.2019,87.8,NH W HAMPSTEAD,Spring,2.2,13.3,8.6,0.0,0.0
2025-04-05,USC00279278,42.9108,-71.2019,87.8,NH W HAMPSTEAD,Spring,1.7,18.9,0.0,0.0,0.0
2025-04-06,USC00279278,42.9108,-71.2019,87.8,NH W HAMPSTEAD,Spring,2.8,6.1,10.4,0.0,0.0
2025-04-07,USC00279278,42.9108,-71.2019,87.8,NH W HAMPSTEAD,Spring,2.2,11.1,5.8,0.0,0.0
2025-04-08,USC00279278,42.9108,-71.2019,87.8,NH W HAMPSTEAD,Spring,1.1,3.3,3.8,0.0,0.0
2025-04-09,USC00279278,42.9108,-71.2019,87.8,NH W HAMPSTEAD,Spring,-3.9,4.4,2.5,0.0,0.0
2025-04-10,USC00279278,42.9108,-71.2019,87.8,NH W HAMPSTEAD,Spring,-3.9,7.2,0.0,0.0,0.0
2025-04-11,USC00279278,42.9108,-71.2019,87.8,NH W HAMPSTEAD,Spring,-3.9,11.1,1.5,3.0,0.0
2025-04-12,USC00279278,42.9108,-71.2019,87.8,NH W HAMPSTEAD,Spring,0.0,7.8,6.9,33.0,25.0
2025-04-13,USC00279278,42.9108,-71.2019,87.8,NH W HAMPSTEAD,Spring,0.0,2.8,3.8,23.0,0.0
2025-04-14,USC00279278,42.9108,-71.2019,87.8,NH W HAMPSTEAD,Spring,1.7,8.3,1.3,0.0,0.0
2025-04-15,USC00279278,42.9108,-71.2019,87.8,NH W HAMPSTEAD,Spring,2.2,19.4,0.8,0.0,0.0
2025-04-16,USC00279278,42.9108,-71.2019,87.8,NH W HAMPSTEAD,Spring,3.3,20.6,2.0,0.0,0.0
2025-04-17,USC00279278,42.9108,-71.2019,87.8,NH W HAMPSTEAD,Spring,2.8,11.7,0.0,0.0,0.0
2025-04-18,USC00279278,42.9108,-71.2019,87.8,NH W HAMPSTEAD,Spring,-0.6,14.4,0.0,0.0,0.0
2025-04-19,USC00279278,42.9108,-71.2019,87.8,NH W HAMPSTEAD,Spring,3.9,21.1,0.0,0.0,0.0
2025-04-20,USC00279278,42.9108,-71.2019,87.8,NH W HAMPSTEAD,Spring,11.7,27.8,1.3,0.0,0.0
2025-04-21,USC00279278,42.9108,-71.2019,87.8,NH W HAMPSTEAD,Spring,0.6,16.1,0.0,0.0,0.0
2025-04-22,USC00279278,42.9108,-71.2019,87.8,NH W HAMPSTEAD,Spring,1.1,16.7,4.3,0.0,0.0
2025-04-23,USC00279278,42.9108,-71.2019,87.8,NH W HAMPSTEAD,Spring,4.4,22.8,0.0,0.0,0.0
2025-04-24,USC00279278,42.9108,-71.2019,87.8,NH W HAMPSTEAD,Spring,3.3,21.1,0.0,0.0,0.0
2025-04-25,USC00279278,42.9108,-71.2019,87.8,NH W HAMPSTEAD,Spring,3.9,22.8,1.3,0.0,0.0
2025-04-26,USC00279278,42.9108,-71.2019,87.8,NH W HAMPSTEAD,Spring,8.9,22.2,6.9,0.0,0.0
2025-04-27,USC00279278,42.9108,-71.2019,87.8,NH W HAMPSTEAD,Spring,6.1,17.8,20.8,0.0,0.0
2025-04-28,USC00279278,42.9108,-71.2019,87.8,NH W HAMPSTEAD,Spring,6.1,12.2,0.8,0.0,0.0
2025-04-29,USC00279278,42.9108,-71.2019,87.8,NH W HAMPSTEAD,Spring,6.1,23.9,0.0,0.0,0.0
2025-04-30,USC00279278,42.9108,-71.2019,87.8,NH W HAMPSTEAD,Spring,5.0,22.5,0.0,0.0,0.0
2025-05-01,USC00279278,42.9108,-71.2019,87.8,NH W HAMPSTEAD,Spring,3.9,21.1,0.0,0.0,0.0
2025-05-02,USC00279278,42.9108,-71.2019,87.8,NH W HAMPSTEAD,Spring,8.9,22.2,5.3,0.0,0.0
2025-05-03,USC00279278,42.9108,-71.2019,87.8,NH W HAMPSTEAD,Spring,10.0,22.2,1.8,0.0,0.0
2025-05-04,USC00279278,42.9108,-71.2019,87.8,NH W HAMPSTEAD,Spring,12.2,27.2,29.0,0.0,0.0
2025-05-05,USC00279278,42.9108,-71.2019,87.8,NH W HAMPSTEAD,Spring,11.1,16.7,39.1,0.0,0.0
2025-05-06,USC00279278,42.9108,-71.2019,87.8,NH W HAMPSTEAD,Spring,8.3,12.2,8.1,0.0,0.0
2025-05-07,USC00279278,42.9108,-71.2019,87.8,NH W HAMPSTEAD,Spring,9.4,13.9,13.5,0.0,0.0
2025-05-08,USC00279278,42.9108,-71.2019,87.8,NH W HAMPSTEAD,Spring,10.6,22.2,1.8,0.0,0.0
2025-05-09,USC00279278,42.9108,-71.2019,87.8,NH W HAMPSTEAD,Spring,10.6,22.2,1.8,0.0,0.0
2025-02-01,USW00014755,44.2703,-71.3033,1911.7,NH MT WASHINGTON,Winter,-17.8,-6.7,4.6,76.0,178.0
2025-02-02,USW00014755,44.2703,-71.3033,1911.7,NH MT WASHINGTON,Winter,-25.0,-17.2,0.5,8.0,152.0
2025-02-03,USW00014755,44.2703,-71.3033,1911.7,NH MT WASHINGTON,Winter,-18.3,-11.7,2.0,56.0,178.0
2025-02-04,USW00014755,44.2703,-71.3033,1911.7,NH MT WASHINGTON,Winter,-17.2,-3.9,12.4,99.0,203.0
2025-02-05,USW00014755,44.2703,-71.3033,1911.7,NH MT WASHINGTON,Winter,-26.1,-16.1,3.0,33.0,178.0
2025-02-06,USW00014755,44.2703,-71.3033,1911.7,NH MT WASHINGTON,Winter,-25.0,-11.7,0.0,0.0,178.0
2025-02-07,USW00014755,44.2703,-71.3033,1911.7,NH MT WASHINGTON,Winter,-16.1,-7.8,7.6,74.0,178.0
2025-02-08,USW00014755,44.2703,-71.3033,1911.7,NH MT WASHINGTON,Winter,-20.0,-14.4,4.8,56.0,203.0
2025-02-09,USW00014755,44.2703,-71.3033,1911.7,NH MT WASHINGTON,Winter,-20.0,-14.4,9.4,165.0,330.0
2025-02-10,USW00014755,44.2703,-71.3033,1911.7,NH MT WASHINGTON,Winter,-18.9,-13.9,5.1,56.0,356.0
2025-02-11,USW00014755,44.2703,-71.3033,1911.7,NH MT WASHINGTON,Winter,-23.3,-16.7,3.0,36.0,330.0
2025-02-12,USW00014755,44.2703,-71.3033,1911.7,NH MT WASHINGTON,Winter,-20.6,-16.7,4.6,51.0,356.0
2025-02-13,USW00014755,44.2703,-71.3033,1911.7,NH MT WASHINGTON,Winter,-17.8,-9.4,2.8,38.0,305.0
2025-02-14,USW00014755,44.2703,-71.3033,1911.7,NH MT WASHINGTON,Winter,-22.8,-3.9,9.1,76.0,279.0
2025-02-15,USW00014755,44.2703,-71.3033,1911.7,NH MT WASHINGTON,Winter,-22.5,-6.4,6.45,64.5,279.0
2025-02-16,USW00014755,44.2703,-71.3033,1911.7,NH MT WASHINGTON,Winter,-22.2,-8.9,3.8,53.0,279.0
2025-02-17,USW00014755,44.2703,-71.3033,1911.7,NH MT WASHINGTON,Winter,-25.0,-3.9,26.2,274.0,330.0
2025-02-18,USW00014755,44.2703,-71.3033,1911.7,NH MT WASHINGTON,Winter,-27.8,-14.4,1.0,18.0,229.0
2025-02-19,USW00014755,44.2703,-71.3033,1911.7,NH MT WASHINGTON,Winter,-27.8,-12.8,0.0,0.0,229.0
2025-02-20,USW00014755,44.2703,-71.3033,1911.7,NH MT WASHINGTON,Winter,-13.3,-10.6,0.0,0.0,229.0
2025-02-21,USW00014755,44.2703,-71.3033,1911.7,NH MT WASHINGTON,Winter,-18.9,-10.0,1.3,10.0,229.0
2025-02-22,USW00014755,44.2703,-71.3033,1911.7,NH MT WASHINGTON,Winter,-16.67,-9.02,1.3,10.0,222.5
2025-02-23,USW00014755,44.2703,-71.3033,1911.7,NH MT WASHINGTON,Winter,-14.45,-8.05,1.3,10.0,216.0
2025-02-24,USW00014755,44.2703,-71.3033,1911.7,NH MT WASHINGTON,Winter,-12.22,-7.07,1.3,10.0,209.5
2025-02-25,USW00014755,44.2703,-71.3033,1911.7,NH MT WASHINGTON,Winter,-10.0,-6.1,1.3,10.0,203.0
2025-02-26,USW00014755,44.2703,-71.3033,1911.7,NH MT WASHINGTON,Winter,-8.3,-2.2,13.7,127.0,279.0
2025-02-27,USW00014755,44.2703,-71.3033,1911.7,NH MT WASHINGTON,Winter,-12.8,-5.0,1.0,10.0,279.0
2025-02-28,USW00014755,44.2703,-71.3033,1911.7,NH MT WASHINGTON,Winter,-10.6,-3.9,5.3,48.0,279.0
2025-03-01,USW00014755,44.2703,-71.3033,1911.7,NH MT WASHINGTON,Spring,-16.7,-8.9,4.3,46.0,305.0
2025-03-02,USW00014755,44.2703,-71.3033,1911.7,NH MT WASHINGTON,Spring,-28.9,-4.4,8.4,89.0,305.0
2025-03-03,USW00014755,44.2703,-71.3033,1911.7,NH MT WASHINGTON,Spring,-28.9,-20.6,0.0,0.0,305.0
2025-03-04,USW00014755,44.2703,-71.3033,1911.7,NH MT WASHINGTON,Spring,-21.1,-13.9,0.5,20.0,305.0
2025-03-05,USW00014755,44.2703,-71.3033,1911.7,NH MT WASHINGTON,Spring,-13.9,-1.7,5.1,51.0,330.0
2025-03-06,USW00014755,44.2703,-71.3033,1911.7,NH MT WASHINGTON,Spring,-17.8,0.0,3.8,34.5,304.5
2025-03-07,USW00014755,44.2703,-71.3033,1911.7,NH MT WASHINGTON,Spring,-21.7,1.7,2.5,18.0,279.0
2025-03-08,USW00014755,44.2703,-71.3033,1911.7,NH MT WASHINGTON,Spring,-21.7,-15.0,3.6,33.0,254.0
2025-03-09,USW00014755,44.2703,-71.3033,1911.7,NH MT WASHINGTON,Spring,-20.6,-17.2,2.0,15.0,229.0
2025-03-10,USW00014755,44.2703,-71.3033,1911.7,NH MT WASHINGTON,Spring,-16.1,-8.9,6.6,66.0,254.0
2025-03-11,USW00014755,44.2703,-71.3033,1911.7,NH MT WASHINGTON,Spring,-8.9,-4.4,2.8,18.0,254.0
2025-03-12,USW00014755,44.2703,-71.3033,1911.7,NH MT WASHINGTON,Spring,-15.0,1.1,0.0,0.0,254.0
2025-03-13,USW00014755,44.2703,-71.3033,1911.7,NH MT WASHINGTON,Spring,-15.6,-9.4,0.5,5.0,254.0
2025-03-14,USW00014755,44.2703,-71.3033,1911.7,NH MT WASHINGTON,Spring,-11.7,-5.0,0.0,0.0,254.0
2025-03-15,USW00014755,44.2703,-71.3033,1911.7,NH MT WASHINGTON,Spring,-4.4,2.8,0.0,0.0,254.0
2025-03-16,USW00014755,44.2703,-71.3033,1911.7,NH MT WASHINGTON,Spring,0.6,4.4,0.3,0.0,229.0
2025-03-17,USW00014755,44.2703,-71.3033,1911.7,NH MT WASHINGTON,Spring,1.1,5.6,35.3,0.0,102.0
2025-03-18,USW00014755,44.2703,-71.3033,1911.7,NH MT WASHINGTON,Spring,-6.1,2.8,4.6,15.0,76.0
2025-03-19,USW00014755,44.2703,-71.3033,1911.7,NH MT WASHINGTON,Spring,-4.4,3.9,0.0,0.0,76.0
2025-03-20,USW00014755,44.2703,-71.3033,1911.7,NH MT WASHINGTON,Spring,1.1,5.6,0.0,0.0,76.0
2025-03-21,USW00014755,44.2703,-71.3033,1911.7,NH MT WASHINGTON,Spring,-5.0,2.8,9.4,81.0,102.0
2025-03-22,USW00014755,44.2703,-71.3033,1911.7,NH MT WASHINGTON,Spring,-12.8,-7.2,5.8,38.0,102.0
2025-03-23,USW00014755,44.2703,-71.3033,1911.7,NH MT WASHINGTON,Spring,-22.2,-3.3,9.9,81.0,127.0
2025-03-24,USW00014755,44.2703,-71.3033,1911.7,NH MT WASHINGTON,Spring,-22.2,-7.8,2.0,15.0,102.0
2025-03-25,USW00014755,44.2703,-71.3033,1911.7,NH MT WASHINGTON,Spring,-12.2,-4.4,7.1,69.0,102.0
2025-03-26,USW00014755,44.2703,-71.3033,1911.7,NH MT WASHINGTON,Spring,-11.7,-6.7,2.5,25.0,127.0
2025-03-27,USW00014755,44.2703,-71.3033,1911.7,NH MT WASHINGTON,Spring,-13.9,-6.7,8.1,119.0,152.0
2025-03-28,USW00014755,44.2703,-71.3033,1911.7,NH MT WASHINGTON,Spring,-13.6,-6.15,8.75,110.5,165.0
2025-03-29,USW00014755,44.2703,-71.3033,1911.7,NH MT WASHINGTON,Spring,-13.3,-5.6,9.4,102.0,178.0
2025-03-30,USW00014755,44.2703,-71.3033,1911.7,NH MT WASHINGTON,Spring,-6.7,-1.1,3.6,13.0,178.0
2025-03-31,USW00014755,44.2703,-71.3033,1911.7,NH MT WASHINGTON,Spring,-1.1,6.1,14.2,0.0,102.0
2025-04-01,USW00014755,44.2703,-71.3033,1911.7,NH MT WASHINGTON,Spring,-11.1,6.1,6.9,8.0,25.0
2025-04-02,USW00014755,44.2703,-71.3033,1911.7,NH MT WASHINGTON,Spring,-10.0,0.55,7.15,20.5,25.0
2025-04-03,USW00014755,44.2703,-71.3033,1911.7,NH MT WASHINGTON,Spring,-8.9,-5.0,7.4,33.0,25.0
2025-04-04,USW00014755,44.2703,-71.3033,1911.7,NH MT WASHINGTON,Spring,-6.1,5.6,12.2,0.0,25.0
2025-04-05,USW00014755,44.2703,-71.3033,1911.7,NH MT WASHINGTON,Spring,-5.6,0.0,0.0,0.0,25.0
2025-04-06,USW00014755,44.2703,-71.3033,1911.7,NH MT WASHINGTON,Spring,-2.8,2.2,16.0,10.0,25.0
2025-04-07,USW00014755,44.2703,-71.3033,1911.7,NH MT WASHINGTON,Spring,-12.8,1.1,1.0,3.0,25.0
2025-04-08,USW00014755,44.2703,-71.3033,1911.7,NH MT WASHINGTON,Spring,-12.2,-7.8,0.3,3.0,25.0
2025-04-09,USW00014755,44.2703,-71.3033,1911.7,NH MT WASHINGTON,Spring,-20.0,-7.2,13.2,201.0,152.0
2025-04-10,USW00014755,44.2703,-71.3033,1911.7,NH MT WASHINGTON,Spring,-20.0,-12.2,0.5,13.0,152.0
2025-04-11,USW00014755,44.2703,-71.3033,1911.7,NH MT WASHINGTON,Spring,-13.9,-6.1,1.0,13.0,152.0
2025-04-12,USW00014755,44.2703,-71.3033,1911.7,NH MT WASHINGTON,Spring,-11.67,-4.8,1.43,15.33,152.0
2025-04-13,USW00014755,44.2703,-71.3033,1911.7,NH MT WASHINGTON,Spring,-9.43,-3.5,1.87,17.67,152.0
2025-04-14,USW00014755,44.2703,-71.3033,1911.7,NH MT WASHINGTON,Spring,-7.2,-2.2,2.3,20.0,152.0
2025-04-15,USW00014755,44.2703,-71.3033,1911.7,NH MT WASHINGTON,Spring,-1.7,2.2,1.5,8.0,152.0
2025-04-16,USW00014755,44.2703,-71.3033,1911.7,NH MT WASHINGTON,Spring,-7.25,-3.9,2.55,23.0,165.0
2025-04-17,USW00014755,44.2703,-71.3033,1911.7,NH MT WASHINGTON,Spring,-12.8,-10.0,3.6,38.0,178.0
2025-04-18,USW00014755,44.2703,-71.3033,1911.7,NH MT WASHINGTON,Spring,-12.8,-2.8,0.0,0.0,0.0
2025-04-19,USW00014755,44.2703,-71.3033,1911.7,NH MT WASHINGTON,Spring,-10.0,6.1,5.6,0.0,0.0
2025-04-20,USW00014755,44.2703,-71.3033,1911.7,NH MT WASHINGTON,Spring,-7.8,8.3,8.6,0.0,25.0
2025-04-21,USW00014755,44.2703,-71.3033,1911.7,NH MT WASHINGTON,Spring,-10.6,0.0,0.0,0.0,0.0
2025-04-22,USW00014755,44.2703,-71.3033,1911.7,NH MT WASHINGTON,Spring,0.0,4.4,7.9,0.0,0.0
2025-04-23,USW00014755,44.2703,-71.3033,1911.7,NH MT WASHINGTON,Spring,0.55,4.82,6.95,0.0,0.0
2025-04-24,USW00014755,44.2703,-71.3033,1911.7,NH MT WASHINGTON,Spring,1.1,5.25,6.0,0.0,0.0
2025-04-25,USW00014755,44.2703,-71.3033,1911.7,NH MT WASHINGTON,Spring,1.65,5.68,5.05,0.0,0.0
2025-04-26,USW00014755,44.2703,-71.3033,1911.7,NH MT WASHINGTON,Spring,2.2,6.1,4.1,0.0,0.0
2025-04-27,USW00014755,44.2703,-71.3033,1911.7,NH MT WASHINGTON,Spring,-3.9,7.2,16.5,5.0,0.0
2025-04-28,USW00014755,44.2703,-71.3033,1911.7,NH MT WASHINGTON,Spring,-5.0,0.0,12.4,99.0,0.0
2025-04-29,USW00014755,44.2703,-71.3033,1911.7,NH MT WASHINGTON,Spring,-2.8,5.0,0.0,0.0,0.0
2025-04-30,USW00014755,44.2703,-71.3033,1911.7,NH MT WASHINGTON,Spring,-4.4,12.2,5.1,0.0,0.0
2025-05-01,USW00014755,44.2703,-71.3033,1911.7,NH MT WASHINGTON,Spring,-1.35,10.0,7.75,0.0,0.0
2025-05-02,USW00014755,44.2703,-71.3033,1911.7,NH MT WASHINGTON,Spring,1.7,7.8,10.4,0.0,0.0
2025-05-03,USW00014755,44.2703,-71.3033,1911.7,NH MT WASHINGTON,Spring,5.0,7.8,5.3,0.0,0.0
2025-05-04,USW00014755,44.2703,-71.3033,1911.7,NH MT WASHINGTON,Spring,4.45,7.65,7.85,0.0,0.0
2025-05-05,USW00014755,44.2703,-71.3033,1911.7,NH MT WASHINGTON,Spring,3.9,7.5,10.4,0.0,0.0
2025-05-06,USW00014755,44.2703,-71.3033,1911.7,NH MT WASHINGTON,Spring,3.35,7.35,12.95,0.0,0.0
2025-05-07,USW00014755,44.2703,-71.3033,1911.7,NH MT WASHINGTON,Spring,2.8,7.2,15.5,0.0,0.0
2025-05-08,USW00014755,44.2703,-71.3033,1911.7,NH MT WASHINGTON,Spring,2.8,6.1,7.6,0.0,0.0
2025-05-09,USW00014755,44.2703,-71.3033,1911.7,NH MT WASHINGTON,Spring,2.8,6.1,7.6,0.0,0.0
