,DATE,ID,LATITUDE,LONGITUDE,ELEVATION,NAME,Season,TMIN,TMAX,PRCP,SNOW,SNWD,STATE
6107,2025-03-21,USC00272302,42.8267,-71.6261,73.2,NH E MILFORD,Spring,3.3,15.0,6.4,0.0,0.0,NH
6108,2025-03-22,USC00272302,42.8267,-71.6261,73.2,NH E MILFORD,Spring,-3.3,6.1,0.0,0.0,0.0,NH
6109,2025-03-23,USC00272302,42.8267,-71.6261,73.2,NH E MILFORD,Spring,-4.4,16.7,0.0,0.0,0.0,NH
6110,2025-03-24,USC00272302,42.8267,-71.6261,73.2,NH E MILFORD,Spring,-3.9,6.1,1.3,0.0,0.0,NH
6111,2025-03-25,USC00272302,42.8267,-71.6261,73.2,NH E MILFORD,Spring,-2.2,1.7,12.7,0.0,0.0,NH
6112,2025-03-26,USC00272302,42.8267,-71.6261,73.2,NH E MILFORD,Spring,-3.3,8.9,0.0,0.0,0.0,NH
6113,2025-03-27,USC00272302,42.8267,-71.6261,73.2,NH E MILFORD,Spring,-3.9,8.9,0.0,0.0,0.0,NH
6114,2025-03-28,USC00272302,42.8267,-71.6261,73.2,NH E MILFORD,Spring,-3.3,9.4,0.5,0.0,0.0,NH
6115,2025-03-29,USC00272302,42.8267,-71.6261,73.2,NH E MILFORD,Spring,0.6,14.4,5.1,0.0,0.0,NH
6116,2025-03-30,USC00272302,42.8267,-71.6261,73.2,NH E MILFORD,Spring,-0.6,0.6,8.9,0.0,0.0,NH
6117,2025-03-31,USC00272302,42.8267,-71.6261,73.2,NH E MILFORD,Spring,0.0,2.8,3.3,0.0,0.0,NH
6118,2025-04-01,USC00272302,42.8267,-71.6261,73.2,NH E MILFORD,Spring,1.7,15.6,0.0,0.0,0.0,NH
6119,2025-04-02,USC00272302,42.8267,-71.6261,73.2,NH E MILFORD,Spring,-2.2,10.0,0.0,0.0,0.0,NH
6120,2025-04-03,USC00272302,42.8267,-71.6261,73.2,NH E MILFORD,Spring,-1.7,7.8,22.9,0.0,0.0,NH
6121,2025-04-04,USC00272302,42.8267,-71.6261,73.2,NH E MILFORD,Spring,1.7,12.2,7.4,0.0,0.0,NH
6122,2025-04-05,USC00272302,42.8267,-71.6261,73.2,NH E MILFORD,Spring,2.2,18.9,0.0,0.0,0.0,NH
6123,2025-04-06,USC00272302,42.8267,-71.6261,73.2,NH E MILFORD,Spring,2.8,6.7,12.7,0.0,0.0,NH
6124,2025-04-07,USC00272302,42.8267,-71.6261,73.2,NH E MILFORD,Spring,0.6,12.8,6.9,0.0,0.0,NH
6125,2025-04-08,USC00272302,42.8267,-71.6261,73.2,NH E MILFORD,Spring,0.6,3.3,3.8,0.0,0.0,NH
6126,2025-04-09,USC00272302,42.8267,-71.6261,73.2,NH E MILFORD,Spring,-3.9,4.4,0.0,0.0,0.0,NH
6127,2025-04-10,USC00272302,42.8267,-71.6261,73.2,NH E MILFORD,Spring,-4.4,7.8,1.5,0.0,0.0,NH
6128,2025-04-11,USC00272302,42.8267,-71.6261,73.2,NH E MILFORD,Spring,-2.8,10.6,2.5,0.0,0.0,NH
6129,2025-04-12,USC00272302,42.8267,-71.6261,73.2,NH E MILFORD,Spring,-2.8,10.6,14.7,64.0,76.0,NH
6130,2025-04-13,USC00272302,42.8267,-71.6261,73.2,NH E MILFORD,Spring,0.0,2.2,3.6,0.0,0.0,NH
6131,2025-04-14,USC00272302,42.8267,-71.6261,73.2,NH E MILFORD,Spring,2.2,8.9,0.0,0.0,0.0,NH
6132,2025-04-15,USC00272302,42.8267,-71.6261,73.2,NH E MILFORD,Spring,5.6,20.0,0.5,0.0,0.0,NH
6133,2025-04-16,USC00272302,42.8267,-71.6261,73.2,NH E MILFORD,Spring,-1.1,21.1,0.0,0.0,0.0,NH
6134,2025-04-17,USC00272302,42.8267,-71.6261,73.2,NH E MILFORD,Spring,3.3,10.0,4.6,0.0,0.0,NH
6135,2025-04-18,USC00272302,42.8267,-71.6261,73.2,NH E MILFORD,Spring,-2.2,15.0,0.0,0.0,0.0,NH
6136,2025-04-19,USC00272302,42.8267,-71.6261,73.2,NH E MILFORD,Spring,5.6,21.1,0.0,0.0,0.0,NH
6137,2025-04-20,USC00272302,42.8267,-71.6261,73.2,NH E MILFORD,Spring,11.7,26.7,1.0,0.0,0.0,NH
6138,2025-04-21,USC00272302,42.8267,-71.6261,73.2,NH E MILFORD,Spring,0.0,15.6,0.0,0.0,0.0,NH
6139,2025-04-22,USC00272302,42.8267,-71.6261,73.2,NH E MILFORD,Spring,3.9,17.2,3.3,0.0,0.0,NH
6140,2025-04-23,USC00272302,42.8267,-71.6261,73.2,NH E MILFORD,Spring,7.2,23.9,0.0,0.0,0.0,NH
6141,2025-04-24,USC00272302,42.8267,-71.6261,73.2,NH E MILFORD,Spring,3.3,21.7,0.0,0.0,0.0,NH
6142,2025-04-25,USC00272302,42.8267,-71.6261,73.2,NH E MILFORD,Spring,8.3,25.0,1.5,0.0,0.0,NH
6143,2025-04-26,USC00272302,42.8267,-71.6261,73.2,NH E MILFORD,Spring,10.6,21.1,7.6,0.0,0.0,NH
6144,2025-04-27,USC00272302,42.8267,-71.6261,73.2,NH E MILFORD,Spring,5.6,18.3,15.7,0.0,0.0,NH
6145,2025-04-28,USC00272302,42.8267,-71.6261,73.2,NH E MILFORD,Spring,6.7,12.8,0.5,0.0,0.0,NH
6146,2025-04-29,USC00272302,42.8267,-71.6261,73.2,NH E MILFORD,Spring,3.9,23.3,0.0,0.0,0.0,NH
6147,2025-04-30,USC00272302,42.8267,-71.6261,73.2,NH E MILFORD,Spring,5.0,27.8,0.0,0.0,0.0,NH
6148,2025-05-01,USC00272302,42.8267,-71.6261,73.2,NH E MILFORD,Spring,4.4,20.0,0.0,0.0,0.0,NH
6149,2025-05-02,USC00272302,42.8267,-71.6261,73.2,NH E MILFORD,Spring,8.3,23.9,5.1,0.0,0.0,NH
6150,2025-05-03,USC00272302,42.8267,-71.6261,73.2,NH E MILFORD,Spring,9.4,25.0,3.0,0.0,0.0,NH
6151,2025-05-04,USC00272302,42.8267,-71.6261,73.2,NH E MILFORD,Spring,9.4,25.0,22.9,0.0,0.0,NH
6152,2025-05-05,USC00272302,42.8267,-71.6261,73.2,NH E MILFORD,Spring,11.1,18.3,70.1,0.0,0.0,NH
6153,2025-05-06,USC00272302,42.8267,-71.6261,73.2,NH E MILFORD,Spring,8.9,12.2,5.6,0.0,0.0,NH
6154,2025-05-07,USC00272302,42.8267,-71.6261,73.2,NH E MILFORD,Spring,8.9,13.3,9.9,0.0,0.0,NH
6155,2025-05-08,USC00272302,42.8267,-71.6261,73.2,NH E MILFORD,Spring,9.15,18.05,25.0,0.0,0.0,NH
6156,2025-05-09,USC00272302,42.8267,-71.6261,73.2,NH E MILFORD,Spring,9.4,22.8,40.1,0.0,0.0,NH
6157,2025-05-10,USC00272302,42.8267,-71.6261,73.2,NH E MILFORD,Spring,6.7,9.4,46.5,0.0,0.0,NH
6158,2025-05-11,USC00272302,42.8267,-71.6261,73.2,NH E MILFORD,Spring,6.1,16.7,2.8,0.0,0.0,NH
6159,2025-05-12,USC00272302,42.8267,-71.6261,73.2,NH E MILFORD,Spring,2.2,18.9,0.0,0.0,0.0,NH
6160,2025-05-13,USC00272302,42.8267,-71.6261,73.2,NH E MILFORD,Spring,9.4,25.6,0.0,0.0,0.0,NH
6161,2025-05-14,USC00272302,42.8267,-71.6261,73.2,NH E MILFORD,Spring,6.7,22.2,0.0,0.0,0.0,NH
6162,2025-05-15,USC00272302,42.8267,-71.6261,73.2,NH E MILFORD,Spring,10.0,25.0,2.3,0.0,0.0,NH
6163,2025-05-16,USC00272302,42.8267,-71.6261,73.2,NH E MILFORD,Spring,10.0,25.0,1.3,0.0,0.0,NH
6164,2025-05-17,USC00272302,42.8267,-71.6261,73.2,NH E MILFORD,Spring,15.6,27.2,0.0,0.0,0.0,NH
6165,2025-05-18,USC00272302,42.8267,-71.6261,73.2,NH E MILFORD,Spring,12.2,25.0,6.1,0.0,0.0,NH
6166,2025-05-19,USC00272302,42.8267,-71.6261,73.2,NH E MILFORD,Spring,12.2,25.0,6.1,0.0,0.0,NH
9382,2025-03-21,USC00272303,43.81,-71.3425,210.9,NH E SANDWICH,Spring,1.1,7.8,5.3,0.0,152.0,NH
9383,2025-03-22,USC00272303,43.81,-71.3425,210.9,NH E SANDWICH,Spring,-1.1,7.2,2.8,0.0,127.0,NH
9384,2025-03-23,USC00272303,43.81,-71.3425,210.9,NH E SANDWICH,Spring,-6.7,12.8,0.0,0.0,102.0,NH
9385,2025-03-24,USC00272303,43.81,-71.3425,210.9,NH E SANDWICH,Spring,-7.2,2.8,0.0,0.0,102.0,NH
9386,2025-03-25,USC00272303,43.81,-71.3425,210.9,NH E SANDWICH,Spring,-6.1,0.0,14.2,140.0,229.0,NH
9387,2025-03-26,USC00272303,43.81,-71.3425,210.9,NH E SANDWICH,Spring,-3.3,6.1,0.0,0.0,127.0,NH
9388,2025-03-27,USC00272303,43.81,-71.3425,210.9,NH E SANDWICH,Spring,-3.9,10.0,0.0,0.0,76.0,NH
9389,2025-03-28,USC00272303,43.81,-71.3425,210.9,NH E SANDWICH,Spring,-2.2,7.8,0.0,0.0,51.0,NH
9390,2025-03-29,USC00272303,43.81,-71.3425,210.9,NH E SANDWICH,Spring,-1.1,10.6,7.9,76.0,127.0,NH
9391,2025-03-30,USC00272303,43.81,-71.3425,210.9,NH E SANDWICH,Spring,-2.2,0.6,10.4,81.0,152.0,NH
9392,2025-03-31,USC00272303,43.81,-71.3425,210.9,NH E SANDWICH,Spring,-0.6,1.1,10.9,8.0,152.0,NH
9393,2025-04-01,USC00272303,43.81,-71.3425,210.9,NH E SANDWICH,Spring,0.0,5.6,2.5,0.0,127.0,NH
9394,2025-04-02,USC00272303,43.81,-71.3425,210.9,NH E SANDWICH,Spring,-5.6,6.7,0.0,0.0,51.0,NH
9395,2025-04-03,USC00272303,43.81,-71.3425,210.9,NH E SANDWICH,Spring,-5.6,5.0,10.2,25.0,51.0,NH
9396,2025-04-04,USC00272303,43.81,-71.3425,210.9,NH E SANDWICH,Spring,-0.6,8.3,9.1,3.0,25.0,NH
9397,2025-04-05,USC00272303,43.81,-71.3425,210.9,NH E SANDWICH,Spring,0.6,13.9,0.0,0.0,25.0,NH
9398,2025-04-06,USC00272303,43.81,-71.3425,210.9,NH E SANDWICH,Spring,0.6,5.0,9.7,0.0,25.0,NH
9399,2025-04-07,USC00272303,43.81,-71.3425,210.9,NH E SANDWICH,Spring,1.7,12.8,1.0,0.0,0.0,NH
9400,2025-04-08,USC00272303,43.81,-71.3425,210.9,NH E SANDWICH,Spring,0.0,5.6,0.0,0.0,0.0,NH
9401,2025-04-09,USC00272303,43.81,-71.3425,210.9,NH E SANDWICH,Spring,-4.4,2.2,2.8,13.0,0.0,NH
9402,2025-04-10,USC00272303,43.81,-71.3425,210.9,NH E SANDWICH,Spring,-7.2,5.6,0.0,0.0,0.0,NH
9403,2025-04-11,USC00272303,43.81,-71.3425,210.9,NH E SANDWICH,Spring,-7.8,11.1,0.3,0.0,0.0,NH
9404,2025-04-12,USC00272303,43.81,-71.3425,210.9,NH E SANDWICH,Spring,0.6,3.9,0.5,3.0,0.0,NH
9405,2025-04-13,USC00272303,43.81,-71.3425,210.9,NH E SANDWICH,Spring,0.6,2.8,12.7,43.0,25.0,NH
9406,2025-04-14,USC00272303,43.81,-71.3425,210.9,NH E SANDWICH,Spring,1.1,8.3,0.5,0.0,0.0,NH
9407,2025-04-15,USC00272303,43.81,-71.3425,210.9,NH E SANDWICH,Spring,1.1,20.6,3.0,0.0,0.0,NH
9408,2025-04-16,USC00272303,43.81,-71.3425,210.9,NH E SANDWICH,Spring,3.9,20.6,0.3,0.0,0.0,NH
9409,2025-04-17,USC00272303,43.81,-71.3425,210.9,NH E SANDWICH,Spring,1.1,10.0,0.3,0.0,0.0,NH
9410,2025-04-18,USC00272303,43.81,-71.3425,210.9,NH E SANDWICH,Spring,-2.2,13.3,0.0,0.0,0.0,NH
9411,2025-04-19,USC00272303,43.81,-71.3425,210.9,NH E SANDWICH,Spring,-2.2,19.4,0.5,0.0,0.0,NH
9412,2025-04-20,USC00272303,43.81,-71.3425,210.9,NH E SANDWICH,Spring,8.9,23.9,0.0,0.0,0.0,NH
9413,2025-04-21,USC00272303,43.81,-71.3425,210.9,NH E SANDWICH,Spring,-1.7,13.9,0.0,0.0,0.0,NH
9414,2025-04-22,USC00272303,43.81,-71.3425,210.9,NH E SANDWICH,Spring,-2.2,18.9,1.3,0.0,0.0,NH
9415,2025-04-23,USC00272303,43.81,-71.3425,210.9,NH E SANDWICH,Spring,5.0,22.8,0.3,0.0,0.0,NH
9416,2025-04-24,USC00272303,43.81,-71.3425,210.9,NH E SANDWICH,Spring,1.7,20.6,0.0,0.0,0.0,NH
9417,2025-04-25,USC00272303,43.81,-71.3425,210.9,NH E SANDWICH,Spring,2.2,23.3,0.5,0.0,0.0,NH
9418,2025-04-26,USC00272303,43.81,-71.3425,210.9,NH E SANDWICH,Spring,9.4,22.2,0.8,0.0,0.0,NH
9419,2025-04-27,USC00272303,43.81,-71.3425,210.9,NH E SANDWICH,Spring,6.1,13.3,30.2,0.0,0.0,NH
9420,2025-04-28,USC00272303,43.81,-71.3425,210.9,NH E SANDWICH,Spring,5.0,10.6,1.5,0.0,0.0,NH
9421,2025-04-29,USC00272303,43.81,-71.3425,210.9,NH E SANDWICH,Spring,2.8,24.4,0.0,0.0,0.0,NH
9422,2025-04-30,USC00272303,43.81,-71.3425,210.9,NH E SANDWICH,Spring,1.4,21.1,0.0,0.0,0.0,NH
9423,2025-05-01,USC00272303,43.81,-71.3425,210.9,NH E SANDWICH,Spring,0.0,17.8,0.0,0.0,0.0,NH
9424,2025-05-02,USC00272303,43.81,-71.3425,210.9,NH E SANDWICH,Spring,0.0,23.3,5.8,0.0,0.0,NH
9425,2025-05-03,USC00272303,43.81,-71.3425,210.9,NH E SANDWICH,Spring,7.2,20.0,1.5,0.0,0.0,NH
9426,2025-05-04,USC00272303,43.81,-71.3425,210.9,NH E SANDWICH,Spring,10.0,22.8,3.6,0.0,0.0,NH
9427,2025-05-05,USC00272303,43.81,-71.3425,210.9,NH E SANDWICH,Spring,11.1,15.0,10.7,0.0,0.0,NH
9428,2025-05-06,USC00272303,43.81,-71.3425,210.9,NH E SANDWICH,Spring,10.0,14.4,2.5,0.0,0.0,NH
9429,2025-05-07,USC00272303,43.81,-71.3425,210.9,NH E SANDWICH,Spring,10.0,12.8,17.0,0.0,0.0,NH
9430,2025-05-08,USC00272303,43.81,-71.3425,210.9,NH E SANDWICH,Spring,10.6,20.0,8.4,0.0,0.0,NH
9431,2025-05-09,USC00272303,43.81,-71.3425,210.9,NH E SANDWICH,Spring,10.0,22.2,16.8,0.0,0.0,NH
9432,2025-05-10,USC00272303,43.81,-71.3425,210.9,NH E SANDWICH,Spring,8.3,10.0,29.2,0.0,0.0,NH
9433,2025-05-11,USC00272303,43.81,-71.3425,210.9,NH E SANDWICH,Spring,7.2,15.0,8.9,0.0,0.0,NH
9434,2025-05-12,USC00272303,43.81,-71.3425,210.9,NH E SANDWICH,Spring,3.9,18.9,0.0,0.0,0.0,NH
9435,2025-05-13,USC00272303,43.81,-71.3425,210.9,NH E SANDWICH,Spring,5.6,27.2,0.0,0.0,0.0,NH
9436,2025-05-14,USC00272303,43.81,-71.3425,210.9,NH E SANDWICH,Spring,5.0,24.4,0.0,0.0,0.0,NH
9437,2025-05-15,USC00272303,43.81,-71.3425,210.9,NH E SANDWICH,Spring,5.0,27.2,0.0,0.0,0.0,NH
9438,2025-05-16,USC00272303,43.81,-71.3425,210.9,NH E SANDWICH,Spring,13.3,27.8,0.5,0.0,0.0,NH
9439,2025-05-17,USC00272303,43.81,-71.3425,210.9,NH E SANDWICH,Spring,15.6,30.6,8.4,0.0,0.0,NH
9440,2025-05-18,USC00272303,43.81,-71.3425,210.9,NH E SANDWICH,Spring,11.7,15.6,20.3,0.0,0.0,NH
9441,2025-05-19,USC00272303,43.81,-71.3425,210.9,NH E SANDWICH,Spring,11.7,15.6,20.3,0.0,0.0,NH
13296,2025-03-21,USC00275703,42.7347,-71.4803,54.9,NH NASHUA CWSU,Spring,2.8,16.1,6.6,0.0,0.0,NH
13297,2025-03-22,USC00275703,42.7347,-71.4803,54.9,NH NASHUA CWSU,Spring,-2.8,6.7,0.5,0.0,0.0,NH
13298,2025-03-23,USC00275703,42.7347,-71.4803,54.9,NH NASHUA CWSU,Spring,-4.4,16.7,0.8,0.0,0.0,NH
13299,2025-03-24,USC00275703,42.7347,-71.4803,54.9,NH NASHUA CWSU,Spring,-4.4,5.6,0.0,0.0,0.0,NH
13300,2025-03-25,USC00275703,42.7347,-71.4803,54.9,NH NASHUA CWSU,Spring,-2.2,1.1,16.5,0.0,0.0,NH
13301,2025-03-26,USC00275703,42.7347,-71.4803,54.9,NH NASHUA CWSU,Spring,-5.6,9.4,0.0,0.0,0.0,NH
13302,2025-03-27,USC00275703,42.7347,-71.4803,54.9,NH NASHUA CWSU,Spring,-5.6,10.0,0.0,0.0,0.0,NH
13303,2025-03-28,USC00275703,42.7347,-71.4803,54.9,NH NASHUA CWSU,Spring,-3.3,9.4,0.0,0.0,0.0,NH
13304,2025-03-29,USC00275703,42.7347,-71.4803,54.9,NH NASHUA CWSU,Spring,1.1,14.4,2.5,0.0,0.0,NH
13305,2025-03-30,USC00275703,42.7347,-71.4803,54.9,NH NASHUA CWSU,Spring,-1.1,1.1,6.1,0.0,0.0,NH
13306,2025-03-31,USC00275703,42.7347,-71.4803,54.9,NH NASHUA CWSU,Spring,-0.6,3.3,1.3,0.0,0.0,NH
13307,2025-04-01,USC00275703,42.7347,-71.4803,54.9,NH NASHUA CWSU,Spring,2.2,16.1,11.9,0.0,0.0,NH
13308,2025-04-02,USC00275703,42.7347,-71.4803,54.9,NH NASHUA CWSU,Spring,3.3,9.4,0.0,0.0,0.0,NH
13309,2025-04-03,USC00275703,42.7347,-71.4803,54.9,NH NASHUA CWSU,Spring,-2.2,8.9,9.9,0.0,0.0,NH
13310,2025-04-04,USC00275703,42.7347,-71.4803,54.9,NH NASHUA CWSU,Spring,1.7,12.2,6.1,0.0,0.0,NH
13311,2025-04-05,USC00275703,42.7347,-71.4803,54.9,NH NASHUA CWSU,Spring,2.2,18.9,0.0,0.0,0.0,NH
13312,2025-04-06,USC00275703,42.7347,-71.4803,54.9,NH NASHUA CWSU,Spring,2.2,6.7,16.0,0.0,0.0,NH
13313,2025-04-07,USC00275703,42.7347,-71.4803,54.9,NH NASHUA CWSU,Spring,1.1,11.1,4.1,0.0,0.0,NH
13314,2025-04-08,USC00275703,42.7347,-71.4803,54.9,NH NASHUA CWSU,Spring,0.0,3.3,3.3,0.0,0.0,NH
13315,2025-04-09,USC00275703,42.7347,-71.4803,54.9,NH NASHUA CWSU,Spring,-3.9,3.3,2.5,0.0,0.0,NH
13316,2025-04-10,USC00275703,42.7347,-71.4803,54.9,NH NASHUA CWSU,Spring,-5.6,8.9,0.0,0.0,0.0,NH
13317,2025-04-11,USC00275703,42.7347,-71.4803,54.9,NH NASHUA CWSU,Spring,-1.7,5.6,3.3,0.0,0.0,NH
13318,2025-04-12,USC00275703,42.7347,-71.4803,54.9,NH NASHUA CWSU,Spring,-0.6,7.8,8.4,30.0,25.0,NH
13319,2025-04-13,USC00275703,42.7347,-71.4803,54.9,NH NASHUA CWSU,Spring,-0.6,2.2,4.3,15.0,0.0,NH
13320,2025-04-14,USC00275703,42.7347,-71.4803,54.9,NH NASHUA CWSU,Spring,-1.7,9.4,0.0,0.0,0.0,NH
13321,2025-04-15,USC00275703,42.7347,-71.4803,54.9,NH NASHUA CWSU,Spring,7.2,20.0,0.5,0.0,0.0,NH
13322,2025-04-16,USC00275703,42.7347,-71.4803,54.9,NH NASHUA CWSU,Spring,2.2,21.1,0.3,0.0,0.0,NH
13323,2025-04-17,USC00275703,42.7347,-71.4803,54.9,NH NASHUA CWSU,Spring,0.6,10.0,0.0,0.0,0.0,NH
13324,2025-04-18,USC00275703,42.7347,-71.4803,54.9,NH NASHUA CWSU,Spring,-4.4,14.4,0.0,0.0,0.0,NH
13325,2025-04-19,USC00275703,42.7347,-71.4803,54.9,NH NASHUA CWSU,Spring,0.0,20.6,0.0,0.0,0.0,NH
13326,2025-04-20,USC00275703,42.7347,-71.4803,54.9,NH NASHUA CWSU,Spring,12.2,26.7,0.3,0.0,0.0,NH
13327,2025-04-21,USC00275703,42.7347,-71.4803,54.9,NH NASHUA CWSU,Spring,-0.6,16.1,0.0,0.0,0.0,NH
13328,2025-04-22,USC00275703,42.7347,-71.4803,54.9,NH NASHUA CWSU,Spring,5.6,17.8,3.8,0.0,0.0,NH
13329,2025-04-23,USC00275703,42.7347,-71.4803,54.9,NH NASHUA CWSU,Spring,5.6,24.4,0.0,0.0,0.0,NH
13330,2025-04-24,USC00275703,42.7347,-71.4803,54.9,NH NASHUA CWSU,Spring,2.8,21.7,0.0,0.0,0.0,NH
13331,2025-04-25,USC00275703,42.7347,-71.4803,54.9,NH NASHUA CWSU,Spring,8.3,25.0,1.3,0.0,0.0,NH
13332,2025-04-26,USC00275703,42.7347,-71.4803,54.9,NH NASHUA CWSU,Spring,11.1,23.3,6.9,0.0,0.0,NH
13333,2025-04-27,USC00275703,42.7347,-71.4803,54.9,NH NASHUA CWSU,Spring,5.0,17.2,17.8,0.0,0.0,NH
13334,2025-04-28,USC00275703,42.7347,-71.4803,54.9,NH NASHUA CWSU,Spring,5.6,11.7,0.3,0.0,0.0,NH
13335,2025-04-29,USC00275703,42.7347,-71.4803,54.9,NH NASHUA CWSU,Spring,3.3,23.9,0.0,0.0,0.0,NH
13336,2025-04-30,USC00275703,42.7347,-71.4803,54.9,NH NASHUA CWSU,Spring,9.4,27.8,0.0,0.0,0.0,NH
13337,2025-05-01,USC00275703,42.7347,-71.4803,54.9,NH NASHUA CWSU,Spring,2.2,20.6,0.0,0.0,0.0,NH
13338,2025-05-02,USC00275703,42.7347,-71.4803,54.9,NH NASHUA CWSU,Spring,6.1,23.9,5.8,0.0,0.0,NH
13339,2025-05-03,USC00275703,42.7347,-71.4803,54.9,NH NASHUA CWSU,Spring,10.6,25.6,0.3,0.0,0.0,NH
13340,2025-05-04,USC00275703,42.7347,-71.4803,54.9,NH NASHUA CWSU,Spring,14.4,27.8,20.3,0.0,0.0,NH
13341,2025-05-05,USC00275703,42.7347,-71.4803,54.9,NH NASHUA CWSU,Spring,10.6,20.0,41.1,0.0,0.0,NH
13342,2025-05-06,USC00275703,42.7347,-71.4803,54.9,NH NASHUA CWSU,Spring,8.3,11.7,3.8,0.0,0.0,NH
13343,2025-05-07,USC00275703,42.7347,-71.4803,54.9,NH NASHUA CWSU,Spring,9.4,14.4,6.4,0.0,0.0,NH
13344,2025-05-08,USC00275703,42.7347,-71.4803,54.9,NH NASHUA CWSU,Spring,8.9,22.8,0.3,0.0,0.0,NH
13345,2025-05-09,USC00275703,42.7347,-71.4803,54.9,NH NASHUA CWSU,Spring,7.4,20.77,0.87,0.0,0.0,NH
13346,2025-05-10,USC00275703,42.7347,-71.4803,54.9,NH NASHUA CWSU,Spring,5.9,18.73,1.43,0.0,0.0,NH
13347,2025-05-11,USC00275703,42.7347,-71.4803,54.9,NH NASHUA CWSU,Spring,4.4,16.7,2.0,0.0,0.0,NH
13348,2025-05-12,USC00275703,42.7347,-71.4803,54.9,NH NASHUA CWSU,Spring,1.7,18.9,0.0,0.0,0.0,NH
13349,2025-05-13,USC00275703,42.7347,-71.4803,54.9,NH NASHUA CWSU,Spring,8.3,25.6,0.0,0.0,0.0,NH
13350,2025-05-14,USC00275703,42.7347,-71.4803,54.9,NH NASHUA CWSU,Spring,6.7,22.8,0.0,0.0,0.0,NH
13351,2025-05-15,USC00275703,42.7347,-71.4803,54.9,NH NASHUA CWSU,Spring,12.2,26.1,2.0,0.0,0.0,NH
13352,2025-05-16,USC00275703,42.7347,-71.4803,54.9,NH NASHUA CWSU,Spring,13.9,21.7,4.1,0.0,0.0,NH
13353,2025-05-17,USC00275703,42.7347,-71.4803,54.9,NH NASHUA CWSU,Spring,16.7,28.3,0.0,0.0,0.0,NH
13354,2025-05-18,USC00275703,42.7347,-71.4803,54.9,NH NASHUA CWSU,Spring,11.1,26.1,1.8,0.0,0.0,NH
13355,2025-05-19,USC00275703,42.7347,-71.4803,54.9,NH NASHUA CWSU,Spring,11.1,26.1,1.8,0.0,0.0,NH
15354,2025-03-21,USC00276365,44.5283,-71.5044,338.9,NH NORTHUMBERLAND,Spring,-0.6,18.9,7.6,0.0,0.0,NH
15355,2025-03-22,USC00276365,44.5283,-71.5044,338.9,NH NORTHUMBERLAND,Spring,-8.3,1.7,2.8,18.0,0.0,NH
15356,2025-03-23,USC00276365,44.5283,-71.5044,338.9,NH NORTHUMBERLAND,Spring,-10.6,11.7,0.3,10.0,0.0,NH
15357,2025-03-24,USC00276365,44.5283,-71.5044,338.9,NH NORTHUMBERLAND,Spring,-11.1,-0.6,0.0,0.0,0.0,NH
15358,2025-03-25,USC00276365,44.5283,-71.5044,338.9,NH NORTHUMBERLAND,Spring,-7.2,-0.6,2.0,13.0,0.0,NH
15359,2025-03-26,USC00276365,44.5283,-71.5044,338.9,NH NORTHUMBERLAND,Spring,-5.6,4.4,0.0,0.0,0.0,NH
15360,2025-03-27,USC00276365,44.5283,-71.5044,338.9,NH NORTHUMBERLAND,Spring,-4.4,6.7,0.0,0.0,0.0,NH
15361,2025-03-28,USC00276365,44.5283,-71.5044,338.9,NH NORTHUMBERLAND,Spring,-5.6,5.6,0.0,0.0,0.0,NH
15362,2025-03-29,USC00276365,44.5283,-71.5044,338.9,NH NORTHUMBERLAND,Spring,-3.9,6.7,13.5,127.0,127.0,NH
15363,2025-03-30,USC00276365,44.5283,-71.5044,338.9,NH NORTHUMBERLAND,Spring,-3.3,1.7,4.1,0.0,102.0,NH
15364,2025-03-31,USC00276365,44.5283,-71.5044,338.9,NH NORTHUMBERLAND,Spring,-1.1,0.6,12.7,0.0,76.0,NH
15365,2025-04-01,USC00276365,44.5283,-71.5044,338.9,NH NORTHUMBERLAND,Spring,-1.7,11.1,9.7,0.0,25.0,NH
15366,2025-04-02,USC00276365,44.5283,-71.5044,338.9,NH NORTHUMBERLAND,Spring,-10.6,3.3,0.0,0.0,0.0,NH
15367,2025-04-03,USC00276365,44.5283,-71.5044,338.9,NH NORTHUMBERLAND,Spring,-8.3,3.9,8.1,0.0,0.0,NH
15368,2025-04-04,USC00276365,44.5283,-71.5044,338.9,NH NORTHUMBERLAND,Spring,0.0,8.3,11.9,0.0,0.0,NH
15369,2025-04-05,USC00276365,44.5283,-71.5044,338.9,NH NORTHUMBERLAND,Spring,-2.8,10.0,0.0,0.0,0.0,NH
15370,2025-04-06,USC00276365,44.5283,-71.5044,338.9,NH NORTHUMBERLAND,Spring,-1.1,7.2,8.4,0.0,0.0,NH
15371,2025-04-07,USC00276365,44.5283,-71.5044,338.9,NH NORTHUMBERLAND,Spring,-2.2,10.0,0.0,0.0,0.0,NH
15372,2025-04-08,USC00276365,44.5283,-71.5044,338.9,NH NORTHUMBERLAND,Spring,-0.6,6.7,0.0,0.0,0.0,NH
15373,2025-04-09,USC00276365,44.5283,-71.5044,338.9,NH NORTHUMBERLAND,Spring,-8.3,0.6,12.7,140.0,127.0,NH
15374,2025-04-10,USC00276365,44.5283,-71.5044,338.9,NH NORTHUMBERLAND,Spring,-11.1,1.7,0.0,0.0,76.0,NH
15375,2025-04-11,USC00276365,44.5283,-71.5044,338.9,NH NORTHUMBERLAND,Spring,-11.1,7.8,0.0,0.0,0.0,NH
15376,2025-04-12,USC00276365,44.5283,-71.5044,338.9,NH NORTHUMBERLAND,Spring,-0.6,6.7,0.0,0.0,0.0,NH
15377,2025-04-13,USC00276365,44.5283,-71.5044,338.9,NH NORTHUMBERLAND,Spring,0.0,4.4,1.3,0.0,0.0,NH
15378,2025-04-14,USC00276365,44.5283,-71.5044,338.9,NH NORTHUMBERLAND,Spring,-4.4,6.1,0.0,0.0,0.0,NH
15379,2025-04-15,USC00276365,44.5283,-71.5044,338.9,NH NORTHUMBERLAND,Spring,-2.2,17.2,0.0,0.0,0.0,NH
15380,2025-04-16,USC00276365,44.5283,-71.5044,338.9,NH NORTHUMBERLAND,Spring,0.6,17.2,2.8,0.0,0.0,NH
15381,2025-04-17,USC00276365,44.5283,-71.5044,338.9,NH NORTHUMBERLAND,Spring,-1.1,2.2,0.0,0.0,0.0,NH
15382,2025-04-18,USC00276365,44.5283,-71.5044,338.9,NH NORTHUMBERLAND,Spring,-6.7,9.4,0.0,0.0,0.0,NH
15383,2025-04-19,USC00276365,44.5283,-71.5044,338.9,NH NORTHUMBERLAND,Spring,-5.6,17.2,1.8,0.0,0.0,NH
15384,2025-04-20,USC00276365,44.5283,-71.5044,338.9,NH NORTHUMBERLAND,Spring,2.2,17.8,13.7,0.0,0.0,NH
15385,2025-04-21,USC00276365,44.5283,-71.5044,338.9,NH NORTHUMBERLAND,Spring,-5.0,9.4,0.0,0.0,0.0,NH
15386,2025-04-22,USC00276365,44.5283,-71.5044,338.9,NH NORTHUMBERLAND,Spring,-3.9,18.3,0.8,0.0,0.0,NH
15387,2025-04-23,USC00276365,44.5283,-71.5044,338.9,NH NORTHUMBERLAND,Spring,0.0,19.4,0.0,0.0,0.0,NH
15388,2025-04-24,USC00276365,44.5283,-71.5044,338.9,NH NORTHUMBERLAND,Spring,-2.8,16.7,0.0,0.0,0.0,NH
15389,2025-04-25,USC00276365,44.5283,-71.5044,338.9,NH NORTHUMBERLAND,Spring,-1.1,20.6,2.3,0.0,0.0,NH
15390,2025-04-26,USC00276365,44.5283,-71.5044,338.9,NH NORTHUMBERLAND,Spring,6.1,18.9,1.0,0.0,0.0,NH
15391,2025-04-27,USC00276365,44.5283,-71.5044,338.9,NH NORTHUMBERLAND,Spring,3.9,14.4,28.7,0.0,0.0,NH
15392,2025-04-28,USC00276365,44.5283,-71.5044,338.9,NH NORTHUMBERLAND,Spring,-1.7,3.9,6.9,0.0,0.0,NH
15393,2025-04-29,USC00276365,44.5283,-71.5044,338.9,NH NORTHUMBERLAND,Spring,-1.7,21.7,0.0,0.0,0.0,NH
15394,2025-04-30,USC00276365,44.5283,-71.5044,338.9,NH NORTHUMBERLAND,Spring,1.7,28.3,0.5,0.0,0.0,NH
15395,2025-05-01,USC00276365,44.5283,-71.5044,338.9,NH NORTHUMBERLAND,Spring,-3.9,10.6,0.0,0.0,0.0,NH
15396,2025-05-02,USC00276365,44.5283,-71.5044,338.9,NH NORTHUMBERLAND,Spring,2.2,19.4,5.8,0.0,0.0,NH
15397,2025-05-03,USC00276365,44.5283,-71.5044,338.9,NH NORTHUMBERLAND,Spring,8.9,20.0,4.1,0.0,0.0,NH
15398,2025-05-04,USC00276365,44.5283,-71.5044,338.9,NH NORTHUMBERLAND,Spring,9.4,20.0,21.3,0.0,0.0,NH
15399,2025-05-05,USC00276365,44.5283,-71.5044,338.9,NH NORTHUMBERLAND,Spring,7.2,12.8,8.4,0.0,0.0,NH
15400,2025-05-06,USC00276365,44.5283,-71.5044,338.9,NH NORTHUMBERLAND,Spring,8.9,20.0,1.5,0.0,0.0,NH
15401,2025-05-07,USC00276365,44.5283,-71.5044,338.9,NH NORTHUMBERLAND,Spring,8.9,18.9,1.3,0.0,0.0,NH
15402,2025-05-08,USC00276365,44.5283,-71.5044,338.9,NH NORTHUMBERLAND,Spring,8.3,21.1,2.0,0.0,0.0,NH
15403,2025-05-09,USC00276365,44.5283,-71.5044,338.9,NH NORTHUMBERLAND,Spring,7.2,12.2,5.1,0.0,0.0,NH
15404,2025-05-10,USC00276365,44.5283,-71.5044,338.9,NH NORTHUMBERLAND,Spring,7.8,12.2,14.5,0.0,0.0,NH
15405,2025-05-11,USC00276365,44.5283,-71.5044,338.9,NH NORTHUMBERLAND,Spring,3.9,10.6,2.0,0.0,0.0,NH
15406,2025-05-12,USC00276365,44.5283,-71.5044,338.9,NH NORTHUMBERLAND,Spring,-1.1,13.3,0.0,0.0,0.0,NH
15407,2025-05-13,USC00276365,44.5283,-71.5044,338.9,NH NORTHUMBERLAND,Spring,0.6,22.8,0.0,0.0,0.0,NH
15408,2025-05-14,USC00276365,44.5283,-71.5044,338.9,NH NORTHUMBERLAND,Spring,3.9,25.0,0.0,0.0,0.0,NH
15409,2025-05-15,USC00276365,44.5283,-71.5044,338.9,NH NORTHUMBERLAND,Spring,10.0,27.2,0.0,0.0,0.0,NH
15410,2025-05-16,USC00276365,44.5283,-71.5044,338.9,NH NORTHUMBERLAND,Spring,10.6,26.1,0.0,0.0,0.0,NH
15411,2025-05-17,USC00276365,44.5283,-71.5044,338.9,NH NORTHUMBERLAND,Spring,12.2,30.0,10.7,0.0,0.0,NH
15412,2025-05-18,USC00276365,44.5283,-71.5044,338.9,NH NORTHUMBERLAND,Spring,10.6,24.4,34.0,0.0,0.0,NH
15413,2025-05-19,USC00276365,44.5283,-71.5044,338.9,NH NORTHUMBERLAND,Spring,10.6,24.4,34.0,0.0,0.0,NH
24320,2025-03-21,USC00278614,43.8644,-71.2664,164.9,NH TAMWORTH 4,Spring,1.7,7.8,6.4,0.0,76.0,NH
24321,2025-03-22,USC00278614,43.8644,-71.2664,164.9,NH TAMWORTH 4,Spring,-1.7,6.1,2.3,0.0,51.0,NH
24322,2025-03-23,USC00278614,43.8644,-71.2664,164.9,NH TAMWORTH 4,Spring,-6.1,13.3,0.0,0.0,25.0,NH
24323,2025-03-24,USC00278614,43.8644,-71.2664,164.9,NH TAMWORTH 4,Spring,-5.6,2.8,0.0,0.0,0.0,NH
24324,2025-03-25,USC00278614,43.8644,-71.2664,164.9,NH TAMWORTH 4,Spring,-7.2,-1.7,15.5,135.0,127.0,NH
24325,2025-03-26,USC00278614,43.8644,-71.2664,164.9,NH TAMWORTH 4,Spring,-6.1,7.2,0.0,0.0,76.0,NH
24326,2025-03-27,USC00278614,43.8644,-71.2664,164.9,NH TAMWORTH 4,Spring,-5.0,8.3,0.0,0.0,25.0,NH
24327,2025-03-28,USC00278614,43.8644,-71.2664,164.9,NH TAMWORTH 4,Spring,-5.0,7.2,0.0,0.0,0.0,NH
24328,2025-03-29,USC00278614,43.8644,-71.2664,164.9,NH TAMWORTH 4,Spring,-1.7,10.0,11.2,94.0,102.0,NH
24329,2025-03-30,USC00278614,43.8644,-71.2664,164.9,NH TAMWORTH 4,Spring,-2.8,0.6,8.1,51.0,152.0,NH
24330,2025-03-31,USC00278614,43.8644,-71.2664,164.9,NH TAMWORTH 4,Spring,-1.1,1.1,9.1,0.0,102.0,NH
24331,2025-04-01,USC00278614,43.8644,-71.2664,164.9,NH TAMWORTH 4,Spring,0.0,6.1,4.6,0.0,38.0,NH
24332,2025-04-02,USC00278614,43.8644,-71.2664,164.9,NH TAMWORTH 4,Spring,-5.6,5.6,0.0,0.0,0.0,NH
24333,2025-04-03,USC00278614,43.8644,-71.2664,164.9,NH TAMWORTH 4,Spring,-5.6,5.6,10.2,20.0,25.0,NH
24334,2025-04-04,USC00278614,43.8644,-71.2664,164.9,NH TAMWORTH 4,Spring,-0.6,7.2,8.9,0.0,13.0,NH
24335,2025-04-05,USC00278614,43.8644,-71.2664,164.9,NH TAMWORTH 4,Spring,0.6,14.4,0.0,0.0,0.0,NH
24336,2025-04-06,USC00278614,43.8644,-71.2664,164.9,NH TAMWORTH 4,Spring,0.6,5.0,9.9,0.0,0.0,NH
24337,2025-04-07,USC00278614,43.8644,-71.2664,164.9,NH TAMWORTH 4,Spring,0.6,12.8,0.5,0.0,0.0,NH
24338,2025-04-08,USC00278614,43.8644,-71.2664,164.9,NH TAMWORTH 4,Spring,0.0,5.6,0.0,0.0,0.0,NH
24339,2025-04-09,USC00278614,43.8644,-71.2664,164.9,NH TAMWORTH 4,Spring,-3.9,5.0,2.5,0.0,0.0,NH
24340,2025-04-10,USC00278614,43.8644,-71.2664,164.9,NH TAMWORTH 4,Spring,-7.8,4.4,0.0,0.0,0.0,NH
24341,2025-04-11,USC00278614,43.8644,-71.2664,164.9,NH TAMWORTH 4,Spring,-7.2,10.0,1.5,0.0,0.0,NH
24342,2025-04-12,USC00278614,43.8644,-71.2664,164.9,NH TAMWORTH 4,Spring,0.0,3.9,3.6,3.0,0.0,NH
24343,2025-04-13,USC00278614,43.8644,-71.2664,164.9,NH TAMWORTH 4,Spring,0.0,3.3,7.6,25.0,0.0,NH
24344,2025-04-14,USC00278614,43.8644,-71.2664,164.9,NH TAMWORTH 4,Spring,1.1,8.3,0.5,0.0,0.0,NH
24345,2025-04-15,USC00278614,43.8644,-71.2664,164.9,NH TAMWORTH 4,Spring,1.1,18.9,2.8,0.0,0.0,NH
24346,2025-04-16,USC00278614,43.8644,-71.2664,164.9,NH TAMWORTH 4,Spring,3.3,19.4,0.0,0.0,0.0,NH
24347,2025-04-17,USC00278614,43.8644,-71.2664,164.9,NH TAMWORTH 4,Spring,1.1,8.9,0.0,0.0,0.0,NH
24348,2025-04-18,USC00278614,43.8644,-71.2664,164.9,NH TAMWORTH 4,Spring,-3.9,12.2,0.0,0.0,0.0,NH
24349,2025-04-19,USC00278614,43.8644,-71.2664,164.9,NH TAMWORTH 4,Spring,-2.2,19.4,0.3,0.0,0.0,NH
24350,2025-04-20,USC00278614,43.8644,-71.2664,164.9,NH TAMWORTH 4,Spring,7.8,23.3,0.0,0.0,0.0,NH
24351,2025-04-21,USC00278614,43.8644,-71.2664,164.9,NH TAMWORTH 4,Spring,-2.8,12.8,0.0,0.0,0.0,NH
24352,2025-04-22,USC00278614,43.8644,-71.2664,164.9,NH TAMWORTH 4,Spring,-1.1,17.2,1.0,0.0,0.0,NH
24353,2025-04-23,USC00278614,43.8644,-71.2664,164.9,NH TAMWORTH 4,Spring,1.7,21.1,0.0,0.0,0.0,NH
24354,2025-04-24,USC00278614,43.8644,-71.2664,164.9,NH TAMWORTH 4,Spring,0.0,18.9,0.0,0.0,0.0,NH
24355,2025-04-25,USC00278614,43.8644,-71.2664,164.9,NH TAMWORTH 4,Spring,2.2,22.2,0.5,0.0,0.0,NH
24356,2025-04-26,USC00278614,43.8644,-71.2664,164.9,NH TAMWORTH 4,Spring,8.9,21.1,1.3,0.0,0.0,NH
24357,2025-04-27,USC00278614,43.8644,-71.2664,164.9,NH TAMWORTH 4,Spring,6.7,12.8,30.5,0.0,0.0,NH
24358,2025-04-28,USC00278614,43.8644,-71.2664,164.9,NH TAMWORTH 4,Spring,3.3,13.3,1.3,0.0,0.0,NH
24359,2025-04-29,USC00278614,43.8644,-71.2664,164.9,NH TAMWORTH 4,Spring,1.7,22.8,0.0,0.0,0.0,NH
24360,2025-04-30,USC00278614,43.8644,-71.2664,164.9,NH TAMWORTH 4,Spring,0.85,20.3,1.3,0.0,0.0,NH
24361,2025-05-01,USC00278614,43.8644,-71.2664,164.9,NH TAMWORTH 4,Spring,0.0,17.8,0.0,0.0,0.0,NH
24362,2025-05-02,USC00278614,43.8644,-71.2664,164.9,NH TAMWORTH 4,Spring,2.2,21.7,7.9,0.0,0.0,NH
24363,2025-05-03,USC00278614,43.8644,-71.2664,164.9,NH TAMWORTH 4,Spring,7.2,17.8,7.6,0.0,0.0,NH
24364,2025-05-04,USC00278614,43.8644,-71.2664,164.9,NH TAMWORTH 4,Spring,10.0,23.3,3.6,0.0,0.0,NH
24365,2025-05-05,USC00278614,43.8644,-71.2664,164.9,NH TAMWORTH 4,Spring,12.2,15.6,13.0,0.0,0.0,NH
24366,2025-05-06,USC00278614,43.8644,-71.2664,164.9,NH TAMWORTH 4,Spring,10.0,14.4,3.8,0.0,0.0,NH
24367,2025-05-07,USC00278614,43.8644,-71.2664,164.9,NH TAMWORTH 4,Spring,10.0,12.2,14.2,0.0,0.0,NH
24368,2025-05-08,USC00278614,43.8644,-71.2664,164.9,NH TAMWORTH 4,Spring,8.3,20.0,6.6,0.0,0.0,NH
24369,2025-05-09,USC00278614,43.8644,-71.2664,164.9,NH TAMWORTH 4,Spring,8.9,21.1,15.5,0.0,0.0,NH
24370,2025-05-10,USC00278614,43.8644,-71.2664,164.9,NH TAMWORTH 4,Spring,8.3,9.4,22.4,0.0,0.0,NH
24371,2025-05-11,USC00278614,43.8644,-71.2664,164.9,NH TAMWORTH 4,Spring,5.0,15.6,9.4,0.0,0.0,NH
24372,2025-05-12,USC00278614,43.8644,-71.2664,164.9,NH TAMWORTH 4,Spring,1.7,16.7,0.0,0.0,0.0,NH
24373,2025-05-13,USC00278614,43.8644,-71.2664,164.9,NH TAMWORTH 4,Spring,5.0,25.6,0.0,0.0,0.0,NH
24374,2025-05-14,USC00278614,43.8644,-71.2664,164.9,NH TAMWORTH 4,Spring,3.9,21.1,0.0,0.0,0.0,NH
24375,2025-05-15,USC00278614,43.8644,-71.2664,164.9,NH TAMWORTH 4,Spring,7.2,25.6,0.0,0.0,0.0,NH
24376,2025-05-16,USC00278614,43.8644,-71.2664,164.9,NH TAMWORTH 4,Spring,7.2,25.6,0.0,0.0,0.0,NH
24377,2025-05-17,USC00278614,43.8644,-71.2664,164.9,NH TAMWORTH 4,Spring,7.2,25.6,0.0,0.0,0.0,NH
24378,2025-05-18,USC00278614,43.8644,-71.2664,164.9,NH TAMWORTH 4,Spring,7.2,25.6,0.0,0.0,0.0,NH
24379,2025-05-19,USC00278614,43.8644,-71.2664,164.9,NH TAMWORTH 4,Spring,7.2,25.6,0.0,0.0,0.0,NH
31065,2025-03-21,USC00279278,42.9108,-71.2019,87.8,NH W HAMPSTEAD,Spring,3.9,11.1,5.8,0.0,0.0,NH
31066,2025-03-22,USC00279278,42.9108,-71.2019,87.8,NH W HAMPSTEAD,Spring,0.0,7.2,3.8,0.0,0.0,NH
31067,2025-03-23,USC00279278,42.9108,-71.2019,87.8,NH W HAMPSTEAD,Spring,-4.4,17.2,1.8,0.0,0.0,NH
31068,2025-03-24,USC00279278,42.9108,-71.2019,87.8,NH W HAMPSTEAD,Spring,-3.3,5.0,0.0,0.0,0.0,NH
31069,2025-03-25,USC00279278,42.9108,-71.2019,87.8,NH W HAMPSTEAD,Spring,-1.7,2.2,14.0,0.0,0.0,NH
31070,2025-03-26,USC00279278,42.9108,-71.2019,87.8,NH W HAMPSTEAD,Spring,-1.7,9.4,0.0,0.0,0.0,NH
31071,2025-03-27,USC00279278,42.9108,-71.2019,87.8,NH W HAMPSTEAD,Spring,-1.7,10.6,0.0,0.0,0.0,NH
31072,2025-03-28,USC00279278,42.9108,-71.2019,87.8,NH W HAMPSTEAD,Spring,-1.7,9.4,0.0,0.0,0.0,NH
31073,2025-03-29,USC00279278,42.9108,-71.2019,87.8,NH W HAMPSTEAD,Spring,0.6,14.4,4.6,0.0,0.0,NH
31074,2025-03-30,USC00279278,42.9108,-71.2019,87.8,NH W HAMPSTEAD,Spring,0.0,1.1,9.9,5.0,0.0,NH
31075,2025-03-31,USC00279278,42.9108,-71.2019,87.8,NH W HAMPSTEAD,Spring,0.6,3.3,2.0,0.0,0.0,NH
31076,2025-04-01,USC00279278,42.9108,-71.2019,87.8,NH W HAMPSTEAD,Spring,2.2,16.1,9.9,0.0,0.0,NH
31077,2025-04-02,USC00279278,42.9108,-71.2019,87.8,NH W HAMPSTEAD,Spring,-2.2,9.4,0.0,0.0,0.0,NH
31078,2025-04-03,USC00279278,42.9108,-71.2019,87.8,NH W HAMPSTEAD,Spring,-2.2,7.8,16.8,3.0,0.0,NH
31079,2025-04-04,USC00279278,42.9108,-71.2019,87.8,NH W HAMPSTEAD,Spring,2.2,13.3,8.6,0.0,0.0,NH
31080,2025-04-05,USC00279278,42.9108,-71.2019,87.8,NH W HAMPSTEAD,Spring,1.7,18.9,0.0,0.0,0.0,NH
31081,2025-04-06,USC00279278,42.9108,-71.2019,87.8,NH W HAMPSTEAD,Spring,2.8,6.1,10.4,0.0,0.0,NH
31082,2025-04-07,USC00279278,42.9108,-71.2019,87.8,NH W HAMPSTEAD,Spring,2.2,11.1,5.8,0.0,0.0,NH
31083,2025-04-08,USC00279278,42.9108,-71.2019,87.8,NH W HAMPSTEAD,Spring,1.1,3.3,3.8,0.0,0.0,NH
31084,2025-04-09,USC00279278,42.9108,-71.2019,87.8,NH W HAMPSTEAD,Spring,-3.9,4.4,2.5,0.0,0.0,NH
31085,2025-04-10,USC00279278,42.9108,-71.2019,87.8,NH W HAMPSTEAD,Spring,-3.9,7.2,0.0,0.0,0.0,NH
31086,2025-04-11,USC00279278,42.9108,-71.2019,87.8,NH W HAMPSTEAD,Spring,-3.9,11.1,1.5,3.0,0.0,NH
31087,2025-04-12,USC00279278,42.9108,-71.2019,87.8,NH W HAMPSTEAD,Spring,0.0,7.8,6.9,33.0,25.0,NH
31088,2025-04-13,USC00279278,42.9108,-71.2019,87.8,NH W HAMPSTEAD,Spring,0.0,2.8,3.8,23.0,0.0,NH
31089,2025-04-14,USC00279278,42.9108,-71.2019,87.8,NH W HAMPSTEAD,Spring,1.7,8.3,1.3,0.0,0.0,NH
31090,2025-04-15,USC00279278,42.9108,-71.2019,87.8,NH W HAMPSTEAD,Spring,2.2,19.4,0.8,0.0,0.0,NH
31091,2025-04-16,USC00279278,42.9108,-71.2019,87.8,NH W HAMPSTEAD,Spring,3.3,20.6,2.0,0.0,0.0,NH
31092,2025-04-17,USC00279278,42.9108,-71.2019,87.8,NH W HAMPSTEAD,Spring,2.8,11.7,0.0,0.0,0.0,NH
31093,2025-04-18,USC00279278,42.9108,-71.2019,87.8,NH W HAMPSTEAD,Spring,-0.6,14.4,0.0,0.0,0.0,NH
31094,2025-04-19,USC00279278,42.9108,-71.2019,87.8,NH W HAMPSTEAD,Spring,3.9,21.1,0.0,0.0,0.0,NH
31095,2025-04-20,USC00279278,42.9108,-71.2019,87.8,NH W HAMPSTEAD,Spring,11.7,27.8,1.3,0.0,0.0,NH
31096,2025-04-21,USC00279278,42.9108,-71.2019,87.8,NH W HAMPSTEAD,Spring,0.6,16.1,0.0,0.0,0.0,NH
31097,2025-04-22,USC00279278,42.9108,-71.2019,87.8,NH W HAMPSTEAD,Spring,1.1,16.7,4.3,0.0,0.0,NH
31098,2025-04-23,USC00279278,42.9108,-71.2019,87.8,NH W HAMPSTEAD,Spring,4.4,22.8,0.0,0.0,0.0,NH
31099,2025-04-24,USC00279278,42.9108,-71.2019,87.8,NH W HAMPSTEAD,Spring,3.3,21.1,0.0,0.0,0.0,NH
31100,2025-04-25,USC00279278,42.9108,-71.2019,87.8,NH W HAMPSTEAD,Spring,3.9,22.8,1.3,0.0,0.0,NH
31101,2025-04-26,USC00279278,42.9108,-71.2019,87.8,NH W HAMPSTEAD,Spring,8.9,22.2,6.9,0.0,0.0,NH
31102,2025-04-27,USC00279278,42.9108,-71.2019,87.8,NH W HAMPSTEAD,Spring,6.1,17.8,20.8,0.0,0.0,NH
31103,2025-04-28,USC00279278,42.9108,-71.2019,87.8,NH W HAMPSTEAD,Spring,6.1,12.2,0.8,0.0,0.0,NH
31104,2025-04-29,USC00279278,42.9108,-71.2019,87.8,NH W HAMPSTEAD,Spring,6.1,23.9,0.0,0.0,0.0,NH
31105,2025-04-30,USC00279278,42.9108,-71.2019,87.8,NH W HAMPSTEAD,Spring,5.0,22.5,0.0,0.0,0.0,NH
31106,2025-05-01,USC00279278,42.9108,-71.2019,87.8,NH W HAMPSTEAD,Spring,3.9,21.1,0.0,0.0,0.0,NH
31107,2025-05-02,USC00279278,42.9108,-71.2019,87.8,NH W HAMPSTEAD,Spring,8.9,22.2,5.3,0.0,0.0,NH
31108,2025-05-03,USC00279278,42.9108,-71.2019,87.8,NH W HAMPSTEAD,Spring,10.0,22.2,1.8,0.0,0.0,NH
31109,2025-05-04,USC00279278,42.9108,-71.2019,87.8,NH W HAMPSTEAD,Spring,12.2,27.2,29.0,0.0,0.0,NH
31110,2025-05-05,USC00279278,42.9108,-71.2019,87.8,NH W HAMPSTEAD,Spring,11.1,16.7,39.1,0.0,0.0,NH
31111,2025-05-06,USC00279278,42.9108,-71.2019,87.8,NH W HAMPSTEAD,Spring,8.3,12.2,8.1,0.0,0.0,NH
31112,2025-05-07,USC00279278,42.9108,-71.2019,87.8,NH W HAMPSTEAD,Spring,9.4,13.9,13.5,0.0,0.0,NH
31113,2025-05-08,USC00279278,42.9108,-71.2019,87.8,NH W HAMPSTEAD,Spring,10.6,22.2,1.8,0.0,0.0,NH
31114,2025-05-09,USC00279278,42.9108,-71.2019,87.8,NH W HAMPSTEAD,Spring,8.3,23.9,22.6,0.0,0.0,NH
31115,2025-05-10,USC00279278,42.9108,-71.2019,87.8,NH W HAMPSTEAD,Spring,6.7,13.3,24.6,0.0,0.0,NH
31116,2025-05-11,USC00279278,42.9108,-71.2019,87.8,NH W HAMPSTEAD,Spring,7.8,16.1,17.8,0.0,0.0,NH
31117,2025-05-12,USC00279278,42.9108,-71.2019,87.8,NH W HAMPSTEAD,Spring,3.9,18.9,0.0,0.0,0.0,NH
31118,2025-05-13,USC00279278,42.9108,-71.2019,87.8,NH W HAMPSTEAD,Spring,4.4,24.4,0.0,0.0,0.0,NH
31119,2025-05-14,USC00279278,42.9108,-71.2019,87.8,NH W HAMPSTEAD,Spring,7.2,21.1,0.0,0.0,0.0,NH
31120,2025-05-15,USC00279278,42.9108,-71.2019,87.8,NH W HAMPSTEAD,Spring,10.0,25.0,0.0,0.0,0.0,NH
31121,2025-05-16,USC00279278,42.9108,-71.2019,87.8,NH W HAMPSTEAD,Spring,10.6,21.7,1.0,0.0,0.0,NH
31122,2025-05-17,USC00279278,42.9108,-71.2019,87.8,NH W HAMPSTEAD,Spring,15.6,27.8,0.3,0.0,0.0,NH
31123,2025-05-18,USC00279278,42.9108,-71.2019,87.8,NH W HAMPSTEAD,Spring,12.2,22.2,6.6,0.0,0.0,NH
31124,2025-05-19,USC00279278,42.9108,-71.2019,87.8,NH W HAMPSTEAD,Spring,12.2,22.2,6.6,0.0,0.0,NH
36014,2025-03-21,USC00430193,44.9989,-71.7097,514.2,VT AVERILL,Spring,-4.4,11.1,5.6,25.0,0.0,VT
36015,2025-03-22,USC00430193,44.9989,-71.7097,514.2,VT AVERILL,Spring,-12.2,4.4,6.9,76.0,0.0,VT
36016,2025-03-23,USC00430193,44.9989,-71.7097,514.2,VT AVERILL,Spring,-11.7,-1.1,0.0,0.0,0.0,VT
36017,2025-03-24,USC00430193,44.9989,-71.7097,514.2,VT AVERILL,Spring,-9.4,-1.1,2.8,0.0,0.0,VT
36018,2025-03-25,USC00430193,44.9989,-71.7097,514.2,VT AVERILL,Spring,-6.1,-0.6,4.6,51.0,0.0,VT
36019,2025-03-26,USC00430193,44.9989,-71.7097,514.2,VT AVERILL,Spring,-5.6,0.6,0.0,0.0,0.0,VT
36020,2025-03-27,USC00430193,44.9989,-71.7097,514.2,VT AVERILL,Spring,-5.6,-1.1,4.8,51.0,0.0,VT
36021,2025-03-28,USC00430193,44.9989,-71.7097,514.2,VT AVERILL,Spring,-3.9,10.0,0.0,0.0,0.0,VT
36022,2025-03-29,USC00430193,44.9989,-71.7097,514.2,VT AVERILL,Spring,-8.3,3.9,3.0,25.0,0.0,VT
36023,2025-03-30,USC00430193,44.9989,-71.7097,514.2,VT AVERILL,Spring,-7.8,4.4,0.0,0.0,0.0,VT
36024,2025-03-31,USC00430193,44.9989,-71.7097,514.2,VT AVERILL,Spring,-8.9,8.3,5.6,25.0,0.0,VT
36025,2025-04-01,USC00430193,44.9989,-71.7097,514.2,VT AVERILL,Spring,-9.4,4.4,5.8,0.0,0.0,VT
36026,2025-04-02,USC00430193,44.9989,-71.7097,514.2,VT AVERILL,Spring,-12.8,8.3,0.0,0.0,0.0,VT
36027,2025-04-03,USC00430193,44.9989,-71.7097,514.2,VT AVERILL,Spring,-6.7,10.0,3.6,0.0,0.0,VT
36028,2025-04-04,USC00430193,44.9989,-71.7097,514.2,VT AVERILL,Spring,-2.8,11.1,0.0,0.0,0.0,VT
36029,2025-04-05,USC00430193,44.9989,-71.7097,514.2,VT AVERILL,Spring,-3.9,10.53,0.0,0.0,0.0,VT
36030,2025-04-06,USC00430193,44.9989,-71.7097,514.2,VT AVERILL,Spring,-5.0,9.97,0.0,0.0,0.0,VT
36031,2025-04-07,USC00430193,44.9989,-71.7097,514.2,VT AVERILL,Spring,-6.1,9.4,0.0,0.0,0.0,VT
36032,2025-04-08,USC00430193,44.9989,-71.7097,514.2,VT AVERILL,Spring,-4.4,8.3,0.0,0.0,0.0,VT
36033,2025-04-09,USC00430193,44.9989,-71.7097,514.2,VT AVERILL,Spring,-9.4,-1.7,4.6,127.0,102.0,VT
36034,2025-04-10,USC00430193,44.9989,-71.7097,514.2,VT AVERILL,Spring,-13.9,11.1,0.0,0.0,0.0,VT
36035,2025-04-11,USC00430193,44.9989,-71.7097,514.2,VT AVERILL,Spring,-7.8,6.1,4.8,25.0,0.0,VT
36036,2025-04-12,USC00430193,44.9989,-71.7097,514.2,VT AVERILL,Spring,-3.3,6.7,2.8,25.0,0.0,VT
36037,2025-04-13,USC00430193,44.9989,-71.7097,514.2,VT AVERILL,Spring,-2.2,6.7,0.0,0.0,0.0,VT
36038,2025-04-14,USC00430193,44.9989,-71.7097,514.2,VT AVERILL,Spring,-3.3,13.3,0.0,0.0,0.0,VT
36039,2025-04-15,USC00430193,44.9989,-71.7097,514.2,VT AVERILL,Spring,3.3,15.0,3.3,0.0,0.0,VT
36040,2025-04-16,USC00430193,44.9989,-71.7097,514.2,VT AVERILL,Spring,-2.8,7.2,4.8,0.0,0.0,VT
36041,2025-04-17,USC00430193,44.9989,-71.7097,514.2,VT AVERILL,Spring,-7.2,6.1,0.0,0.0,0.0,VT
36042,2025-04-18,USC00430193,44.9989,-71.7097,514.2,VT AVERILL,Spring,-5.6,12.2,6.6,0.0,0.0,VT
36043,2025-04-19,USC00430193,44.9989,-71.7097,514.2,VT AVERILL,Spring,-5.6,18.3,5.6,0.0,0.0,VT
36044,2025-04-20,USC00430193,44.9989,-71.7097,514.2,VT AVERILL,Spring,-2.2,16.7,0.0,0.0,0.0,VT
36045,2025-04-21,USC00430193,44.9989,-71.7097,514.2,VT AVERILL,Spring,-5.0,14.4,0.0,0.0,0.0,VT
36046,2025-04-22,USC00430193,44.9989,-71.7097,514.2,VT AVERILL,Spring,1.7,12.8,0.0,0.0,0.0,VT
36047,2025-04-23,USC00430193,44.9989,-71.7097,514.2,VT AVERILL,Spring,5.0,11.7,0.0,0.0,0.0,VT
36048,2025-04-24,USC00430193,44.9989,-71.7097,514.2,VT AVERILL,Spring,-2.8,17.8,8.4,0.0,0.0,VT
36049,2025-04-25,USC00430193,44.9989,-71.7097,514.2,VT AVERILL,Spring,9.4,18.9,0.0,0.0,0.0,VT
36050,2025-04-26,USC00430193,44.9989,-71.7097,514.2,VT AVERILL,Spring,6.7,12.8,11.7,0.0,0.0,VT
36051,2025-04-27,USC00430193,44.9989,-71.7097,514.2,VT AVERILL,Spring,-2.2,11.7,11.4,51.0,25.0,VT
36052,2025-04-28,USC00430193,44.9989,-71.7097,514.2,VT AVERILL,Spring,1.7,12.8,0.0,0.0,0.0,VT
36053,2025-04-29,USC00430193,44.9989,-71.7097,514.2,VT AVERILL,Spring,0.6,25.0,0.0,0.0,0.0,VT
36054,2025-04-30,USC00430193,44.9989,-71.7097,514.2,VT AVERILL,Spring,-3.3,22.8,8.4,0.0,0.0,VT
36055,2025-05-01,USC00430193,44.9989,-71.7097,514.2,VT AVERILL,Spring,-3.9,17.8,0.0,0.0,0.0,VT
36056,2025-05-02,USC00430193,44.9989,-71.7097,514.2,VT AVERILL,Spring,6.7,16.1,11.9,0.0,0.0,VT
36057,2025-05-03,USC00430193,44.9989,-71.7097,514.2,VT AVERILL,Spring,0.6,15.0,16.5,0.0,0.0,VT
36058,2025-05-04,USC00430193,44.9989,-71.7097,514.2,VT AVERILL,Spring,6.7,16.7,7.4,0.0,0.0,VT
36059,2025-05-05,USC00430193,44.9989,-71.7097,514.2,VT AVERILL,Spring,4.4,19.4,0.0,0.0,0.0,VT
36060,2025-05-06,USC00430193,44.9989,-71.7097,514.2,VT AVERILL,Spring,8.3,19.4,5.6,0.0,0.0,VT
36061,2025-05-07,USC00430193,44.9989,-71.7097,514.2,VT AVERILL,Spring,6.7,18.9,7.1,0.0,0.0,VT
36062,2025-05-08,USC00430193,44.9989,-71.7097,514.2,VT AVERILL,Spring,3.9,15.0,8.4,0.0,0.0,VT
36063,2025-05-09,USC00430193,44.9989,-71.7097,514.2,VT AVERILL,Spring,4.45,13.6,5.6,0.0,0.0,VT
36064,2025-05-10,USC00430193,44.9989,-71.7097,514.2,VT AVERILL,Spring,5.0,12.2,2.8,0.0,0.0,VT
36065,2025-05-11,USC00430193,44.9989,-71.7097,514.2,VT AVERILL,Spring,1.1,9.4,24.4,0.0,0.0,VT
36066,2025-05-12,USC00430193,44.9989,-71.7097,514.2,VT AVERILL,Spring,0.6,9.4,16.5,0.0,0.0,VT
36067,2025-05-13,USC00430193,44.9989,-71.7097,514.2,VT AVERILL,Spring,-1.1,23.3,0.0,0.0,0.0,VT
36068,2025-05-14,USC00430193,44.9989,-71.7097,514.2,VT AVERILL,Spring,12.8,25.0,0.0,0.0,0.0,VT
36069,2025-05-15,USC00430193,44.9989,-71.7097,514.2,VT AVERILL,Spring,12.8,25.0,0.0,0.0,0.0,VT
36070,2025-05-16,USC00430193,44.9989,-71.7097,514.2,VT AVERILL,Spring,12.8,25.0,0.0,0.0,0.0,VT
36071,2025-05-17,USC00430193,44.9989,-71.7097,514.2,VT AVERILL,Spring,12.8,25.0,0.0,0.0,0.0,VT
36072,2025-05-18,USC00430193,44.9989,-71.7097,514.2,VT AVERILL,Spring,12.8,25.0,0.0,0.0,0.0,VT
36073,2025-05-19,USC00430193,44.9989,-71.7097,514.2,VT AVERILL,Spring,12.8,25.0,0.0,0.0,0.0,VT
48725,2025-03-21,USC00434120,44.8128,-71.8903,365.8,VT ISLAND POND,Spring,-2.8,15.6,8.1,0.0,0.0,VT
48726,2025-03-22,USC00434120,44.8128,-71.8903,365.8,VT ISLAND POND,Spring,-7.2,2.8,0.5,0.0,0.0,VT
48727,2025-03-23,USC00434120,44.8128,-71.8903,365.8,VT ISLAND POND,Spring,-11.7,11.7,0.5,0.0,0.0,VT
48728,2025-03-24,USC00434120,44.8128,-71.8903,365.8,VT ISLAND POND,Spring,-11.7,-3.9,0.0,0.0,0.0,VT
48729,2025-03-25,USC00434120,44.8128,-71.8903,365.8,VT ISLAND POND,Spring,-5.6,-0.6,0.3,0.0,0.0,VT
48730,2025-03-26,USC00434120,44.8128,-71.8903,365.8,VT ISLAND POND,Spring,-1.7,3.3,1.0,0.0,0.0,VT
48731,2025-03-27,USC00434120,44.8128,-71.8903,365.8,VT ISLAND POND,Spring,-3.9,2.8,0.0,0.0,0.0,VT
48732,2025-03-28,USC00434120,44.8128,-71.8903,365.8,VT ISLAND POND,Spring,-5.6,3.3,0.0,0.0,0.0,VT
48733,2025-03-29,USC00434120,44.8128,-71.8903,365.8,VT ISLAND POND,Spring,-4.4,2.8,9.9,102.0,102.0,VT
48734,2025-03-30,USC00434120,44.8128,-71.8903,365.8,VT ISLAND POND,Spring,-4.4,1.1,0.5,0.0,51.0,VT
48735,2025-03-31,USC00434120,44.8128,-71.8903,365.8,VT ISLAND POND,Spring,-1.7,1.7,11.2,0.0,51.0,VT
48736,2025-04-01,USC00434120,44.8128,-71.8903,365.8,VT ISLAND POND,Spring,-3.3,8.3,9.7,0.0,0.0,VT
48737,2025-04-02,USC00434120,44.8128,-71.8903,365.8,VT ISLAND POND,Spring,-10.0,1.1,0.0,0.0,0.0,VT
48738,2025-04-03,USC00434120,44.8128,-71.8903,365.8,VT ISLAND POND,Spring,-7.2,2.8,17.3,0.0,0.0,VT
48739,2025-04-04,USC00434120,44.8128,-71.8903,365.8,VT ISLAND POND,Spring,1.1,10.6,2.3,0.0,0.0,VT
48740,2025-04-05,USC00434120,44.8128,-71.8903,365.8,VT ISLAND POND,Spring,-2.8,10.6,0.0,0.0,0.0,VT
48741,2025-04-06,USC00434120,44.8128,-71.8903,365.8,VT ISLAND POND,Spring,1.7,5.6,5.1,0.0,0.0,VT
48742,2025-04-07,USC00434120,44.8128,-71.8903,365.8,VT ISLAND POND,Spring,-2.8,6.1,0.0,0.0,0.0,VT
48743,2025-04-08,USC00434120,44.8128,-71.8903,365.8,VT ISLAND POND,Spring,-1.7,6.7,0.5,0.0,0.0,VT
48744,2025-04-09,USC00434120,44.8128,-71.8903,365.8,VT ISLAND POND,Spring,-8.9,-0.6,5.6,127.0,127.0,VT
48745,2025-04-10,USC00434120,44.8128,-71.8903,365.8,VT ISLAND POND,Spring,-7.5,3.3,3.55,63.5,63.5,VT
48746,2025-04-11,USC00434120,44.8128,-71.8903,365.8,VT ISLAND POND,Spring,-6.1,7.2,1.5,0.0,0.0,VT
48747,2025-04-12,USC00434120,44.8128,-71.8903,365.8,VT ISLAND POND,Spring,0.0,4.4,0.0,0.0,0.0,VT
48748,2025-04-13,USC00434120,44.8128,-71.8903,365.8,VT ISLAND POND,Spring,0.6,3.9,2.0,0.0,0.0,VT
48749,2025-04-14,USC00434120,44.8128,-71.8903,365.8,VT ISLAND POND,Spring,-3.3,6.7,0.0,0.0,0.0,VT
48750,2025-04-15,USC00434120,44.8128,-71.8903,365.8,VT ISLAND POND,Spring,0.6,14.4,0.0,0.0,0.0,VT
48751,2025-04-16,USC00434120,44.8128,-71.8903,365.8,VT ISLAND POND,Spring,0.0,17.2,0.0,0.0,0.0,VT
48752,2025-04-17,USC00434120,44.8128,-71.8903,365.8,VT ISLAND POND,Spring,-1.7,0.6,1.5,0.0,0.0,VT
48753,2025-04-18,USC00434120,44.8128,-71.8903,365.8,VT ISLAND POND,Spring,-6.1,6.1,0.0,0.0,0.0,VT
48754,2025-04-19,USC00434120,44.8128,-71.8903,365.8,VT ISLAND POND,Spring,1.7,13.9,3.8,0.0,0.0,VT
48755,2025-04-20,USC00434120,44.8128,-71.8903,365.8,VT ISLAND POND,Spring,-0.6,17.2,1.9,0.0,0.0,VT
48756,2025-04-21,USC00434120,44.8128,-71.8903,365.8,VT ISLAND POND,Spring,0.0,7.2,0.0,0.0,0.0,VT
48757,2025-04-22,USC00434120,44.8128,-71.8903,365.8,VT ISLAND POND,Spring,0.6,14.4,2.5,0.0,0.0,VT
48758,2025-04-23,USC00434120,44.8128,-71.8903,365.8,VT ISLAND POND,Spring,0.6,15.0,0.0,0.0,0.0,VT
48759,2025-04-24,USC00434120,44.8128,-71.8903,365.8,VT ISLAND POND,Spring,-2.2,12.8,0.0,0.0,0.0,VT
48760,2025-04-25,USC00434120,44.8128,-71.8903,365.8,VT ISLAND POND,Spring,5.0,18.9,0.5,0.0,0.0,VT
48761,2025-04-26,USC00434120,44.8128,-71.8903,365.8,VT ISLAND POND,Spring,9.4,17.8,6.9,0.0,0.0,VT
48762,2025-04-27,USC00434120,44.8128,-71.8903,365.8,VT ISLAND POND,Spring,2.2,13.9,14.5,0.0,0.0,VT
48763,2025-04-28,USC00434120,44.8128,-71.8903,365.8,VT ISLAND POND,Spring,-0.6,5.0,9.1,0.0,0.0,VT
48764,2025-04-29,USC00434120,44.8128,-71.8903,365.8,VT ISLAND POND,Spring,2.2,18.9,0.0,0.0,0.0,VT
48765,2025-04-30,USC00434120,44.8128,-71.8903,365.8,VT ISLAND POND,Spring,2.8,26.7,5.8,0.0,0.0,VT
48766,2025-05-01,USC00434120,44.8128,-71.8903,365.8,VT ISLAND POND,Spring,-3.3,8.3,0.0,0.0,0.0,VT
48767,2025-05-02,USC00434120,44.8128,-71.8903,365.8,VT ISLAND POND,Spring,7.8,18.9,4.3,0.0,0.0,VT
48768,2025-05-03,USC00434120,44.8128,-71.8903,365.8,VT ISLAND POND,Spring,7.8,18.9,1.3,0.0,0.0,VT
48769,2025-05-04,USC00434120,44.8128,-71.8903,365.8,VT ISLAND POND,Spring,8.9,16.1,8.9,0.0,0.0,VT
48770,2025-05-05,USC00434120,44.8128,-71.8903,365.8,VT ISLAND POND,Spring,6.1,14.4,1.0,0.0,0.0,VT
48771,2025-05-06,USC00434120,44.8128,-71.8903,365.8,VT ISLAND POND,Spring,11.7,20.0,0.0,0.0,0.0,VT
48772,2025-05-07,USC00434120,44.8128,-71.8903,365.8,VT ISLAND POND,Spring,11.7,18.3,0.0,0.0,0.0,VT
48773,2025-05-08,USC00434120,44.8128,-71.8903,365.8,VT ISLAND POND,Spring,6.7,18.9,0.8,0.0,0.0,VT
48774,2025-05-09,USC00434120,44.8128,-71.8903,365.8,VT ISLAND POND,Spring,6.1,10.0,0.8,0.0,0.0,VT
48775,2025-05-10,USC00434120,44.8128,-71.8903,365.8,VT ISLAND POND,Spring,7.2,10.6,19.3,0.0,0.0,VT
48776,2025-05-11,USC00434120,44.8128,-71.8903,365.8,VT ISLAND POND,Spring,2.2,10.0,0.5,0.0,0.0,VT
48777,2025-05-12,USC00434120,44.8128,-71.8903,365.8,VT ISLAND POND,Spring,-1.1,13.3,0.0,0.0,0.0,VT
48778,2025-05-13,USC00434120,44.8128,-71.8903,365.8,VT ISLAND POND,Spring,0.6,18.9,0.0,0.0,0.0,VT
48779,2025-05-14,USC00434120,44.8128,-71.8903,365.8,VT ISLAND POND,Spring,7.2,22.8,0.0,0.0,0.0,VT
48780,2025-05-15,USC00434120,44.8128,-71.8903,365.8,VT ISLAND POND,Spring,11.7,25.0,0.0,0.0,0.0,VT
48781,2025-05-16,USC00434120,44.8128,-71.8903,365.8,VT ISLAND POND,Spring,12.8,24.4,0.0,0.0,0.0,VT
48782,2025-05-17,USC00434120,44.8128,-71.8903,365.8,VT ISLAND POND,Spring,14.4,27.8,1.5,0.0,0.0,VT
48783,2025-05-18,USC00434120,44.8128,-71.8903,365.8,VT ISLAND POND,Spring,10.6,21.1,24.4,0.0,0.0,VT
48784,2025-05-19,USC00434120,44.8128,-71.8903,365.8,VT ISLAND POND,Spring,10.6,21.1,24.4,0.0,0.0,VT
53431,2025-03-21,USC00434290,44.6581,-72.6786,298.7,VT JOHNSON 2 N,Spring,-2.8,17.2,10.2,25.0,25.0,VT
53432,2025-03-22,USC00434290,44.6581,-72.6786,298.7,VT JOHNSON 2 N,Spring,-5.0,1.7,0.0,0.0,0.0,VT
53433,2025-03-23,USC00434290,44.6581,-72.6786,298.7,VT JOHNSON 2 N,Spring,-10.6,12.8,0.3,0.0,0.0,VT
53434,2025-03-24,USC00434290,44.6581,-72.6786,298.7,VT JOHNSON 2 N,Spring,-10.6,-1.7,0.0,0.0,0.0,VT
53435,2025-03-25,USC00434290,44.6581,-72.6786,298.7,VT JOHNSON 2 N,Spring,-3.9,0.0,1.3,13.0,25.0,VT
53436,2025-03-26,USC00434290,44.6581,-72.6786,298.7,VT JOHNSON 2 N,Spring,-2.8,2.8,2.5,25.0,25.0,VT
53437,2025-03-27,USC00434290,44.6581,-72.6786,298.7,VT JOHNSON 2 N,Spring,-3.9,2.8,1.8,18.0,25.0,VT
53438,2025-03-28,USC00434290,44.6581,-72.6786,298.7,VT JOHNSON 2 N,Spring,-3.9,5.6,0.0,0.0,203.0,VT
53439,2025-03-29,USC00434290,44.6581,-72.6786,298.7,VT JOHNSON 2 N,Spring,-4.4,5.0,18.0,203.0,203.0,VT
53440,2025-03-30,USC00434290,44.6581,-72.6786,298.7,VT JOHNSON 2 N,Spring,-4.4,0.6,5.8,0.0,127.0,VT
53441,2025-03-31,USC00434290,44.6581,-72.6786,298.7,VT JOHNSON 2 N,Spring,-0.6,1.1,17.0,0.0,0.0,VT
53442,2025-04-01,USC00434290,44.6581,-72.6786,298.7,VT JOHNSON 2 N,Spring,-2.8,10.6,8.4,0.0,0.0,VT
53443,2025-04-02,USC00434290,44.6581,-72.6786,298.7,VT JOHNSON 2 N,Spring,-9.4,6.4,0.0,0.0,0.0,VT
53444,2025-04-03,USC00434290,44.6581,-72.6786,298.7,VT JOHNSON 2 N,Spring,-8.3,2.2,18.3,13.0,0.0,VT
53445,2025-04-04,USC00434290,44.6581,-72.6786,298.7,VT JOHNSON 2 N,Spring,0.6,16.7,6.6,0.0,0.0,VT
53446,2025-04-05,USC00434290,44.6581,-72.6786,298.7,VT JOHNSON 2 N,Spring,0.0,8.9,0.0,0.0,0.0,VT
53447,2025-04-06,USC00434290,44.6581,-72.6786,298.7,VT JOHNSON 2 N,Spring,-0.85,8.6,0.0,0.0,0.0,VT
53448,2025-04-07,USC00434290,44.6581,-72.6786,298.7,VT JOHNSON 2 N,Spring,-1.7,8.3,0.0,0.0,0.0,VT
53449,2025-04-08,USC00434290,44.6581,-72.6786,298.7,VT JOHNSON 2 N,Spring,-1.7,6.7,10.4,13.0,25.0,VT
53450,2025-04-09,USC00434290,44.6581,-72.6786,298.7,VT JOHNSON 2 N,Spring,-8.3,0.0,1.3,94.0,102.0,VT
53451,2025-04-10,USC00434290,44.6581,-72.6786,298.7,VT JOHNSON 2 N,Spring,-8.3,1.1,0.0,47.0,51.0,VT
53452,2025-04-11,USC00434290,44.6581,-72.6786,298.7,VT JOHNSON 2 N,Spring,-8.3,7.8,1.3,0.0,0.0,VT
53453,2025-04-12,USC00434290,44.6581,-72.6786,298.7,VT JOHNSON 2 N,Spring,0.6,5.6,0.3,0.0,0.0,VT
53454,2025-04-13,USC00434290,44.6581,-72.6786,298.7,VT JOHNSON 2 N,Spring,0.6,4.4,3.3,0.0,0.0,VT
53455,2025-04-14,USC00434290,44.6581,-72.6786,298.7,VT JOHNSON 2 N,Spring,-2.2,10.0,0.0,0.0,0.0,VT
53456,2025-04-15,USC00434290,44.6581,-72.6786,298.7,VT JOHNSON 2 N,Spring,-2.2,16.1,0.0,0.0,0.0,VT
53457,2025-04-16,USC00434290,44.6581,-72.6786,298.7,VT JOHNSON 2 N,Spring,-0.6,16.1,5.8,0.0,0.0,VT
53458,2025-04-17,USC00434290,44.6581,-72.6786,298.7,VT JOHNSON 2 N,Spring,-2.2,0.6,5.8,56.0,51.0,VT
53459,2025-04-18,USC00434290,44.6581,-72.6786,298.7,VT JOHNSON 2 N,Spring,-2.8,7.8,0.0,0.0,0.0,VT
53460,2025-04-19,USC00434290,44.6581,-72.6786,298.7,VT JOHNSON 2 N,Spring,-1.7,15.0,5.1,0.0,0.0,VT
53461,2025-04-20,USC00434290,44.6581,-72.6786,298.7,VT JOHNSON 2 N,Spring,1.1,18.3,7.1,0.0,0.0,VT
53462,2025-04-21,USC00434290,44.6581,-72.6786,298.7,VT JOHNSON 2 N,Spring,-2.8,7.8,0.0,0.0,0.0,VT
53463,2025-04-22,USC00434290,44.6581,-72.6786,298.7,VT JOHNSON 2 N,Spring,-2.2,15.6,1.3,0.0,0.0,VT
53464,2025-04-23,USC00434290,44.6581,-72.6786,298.7,VT JOHNSON 2 N,Spring,2.8,15.0,0.0,0.0,0.0,VT
53465,2025-04-24,USC00434290,44.6581,-72.6786,298.7,VT JOHNSON 2 N,Spring,0.0,14.4,0.0,0.0,0.0,VT
53466,2025-04-25,USC00434290,44.6581,-72.6786,298.7,VT JOHNSON 2 N,Spring,1.7,20.0,3.8,0.0,0.0,VT
53467,2025-04-26,USC00434290,44.6581,-72.6786,298.7,VT JOHNSON 2 N,Spring,10.0,20.0,5.83,0.0,0.0,VT
53468,2025-04-27,USC00434290,44.6581,-72.6786,298.7,VT JOHNSON 2 N,Spring,2.8,16.7,7.87,0.0,0.0,VT
53469,2025-04-28,USC00434290,44.6581,-72.6786,298.7,VT JOHNSON 2 N,Spring,-0.6,8.9,9.9,0.0,0.0,VT
53470,2025-04-29,USC00434290,44.6581,-72.6786,298.7,VT JOHNSON 2 N,Spring,7.2,20.0,0.0,0.0,0.0,VT
53471,2025-04-30,USC00434290,44.6581,-72.6786,298.7,VT JOHNSON 2 N,Spring,1.7,27.2,3.8,0.0,0.0,VT
53472,2025-05-01,USC00434290,44.6581,-72.6786,298.7,VT JOHNSON 2 N,Spring,-2.2,8.9,0.0,0.0,0.0,VT
53473,2025-05-02,USC00434290,44.6581,-72.6786,298.7,VT JOHNSON 2 N,Spring,-0.6,18.9,4.1,0.0,0.0,VT
53474,2025-05-03,USC00434290,44.6581,-72.6786,298.7,VT JOHNSON 2 N,Spring,8.3,21.7,0.8,0.0,0.0,VT
53475,2025-05-04,USC00434290,44.6581,-72.6786,298.7,VT JOHNSON 2 N,Spring,8.3,14.4,7.9,0.0,0.0,VT
53476,2025-05-05,USC00434290,44.6581,-72.6786,298.7,VT JOHNSON 2 N,Spring,8.3,13.3,1.8,0.0,0.0,VT
53477,2025-05-06,USC00434290,44.6581,-72.6786,298.7,VT JOHNSON 2 N,Spring,10.6,19.4,3.3,0.0,0.0,VT
53478,2025-05-07,USC00434290,44.6581,-72.6786,298.7,VT JOHNSON 2 N,Spring,11.1,17.2,3.0,0.0,0.0,VT
53479,2025-05-08,USC00434290,44.6581,-72.6786,298.7,VT JOHNSON 2 N,Spring,6.7,18.3,3.3,0.0,0.0,VT
53480,2025-05-09,USC00434290,44.6581,-72.6786,298.7,VT JOHNSON 2 N,Spring,5.6,9.4,7.1,0.0,0.0,VT
53481,2025-05-10,USC00434290,44.6581,-72.6786,298.7,VT JOHNSON 2 N,Spring,6.1,8.9,28.4,0.0,0.0,VT
53482,2025-05-11,USC00434290,44.6581,-72.6786,298.7,VT JOHNSON 2 N,Spring,2.8,10.6,0.8,0.0,0.0,VT
53483,2025-05-12,USC00434290,44.6581,-72.6786,298.7,VT JOHNSON 2 N,Spring,2.8,12.2,0.0,0.0,0.0,VT
53484,2025-05-13,USC00434290,44.6581,-72.6786,298.7,VT JOHNSON 2 N,Spring,5.0,22.2,0.0,0.0,0.0,VT
53485,2025-05-14,USC00434290,44.6581,-72.6786,298.7,VT JOHNSON 2 N,Spring,7.2,23.3,0.0,0.0,0.0,VT
53486,2025-05-15,USC00434290,44.6581,-72.6786,298.7,VT JOHNSON 2 N,Spring,11.7,24.4,0.0,0.0,0.0,VT
53487,2025-05-16,USC00434290,44.6581,-72.6786,298.7,VT JOHNSON 2 N,Spring,13.3,23.9,0.0,0.0,0.0,VT
53488,2025-05-17,USC00434290,44.6581,-72.6786,298.7,VT JOHNSON 2 N,Spring,14.4,26.1,5.1,0.0,0.0,VT
53489,2025-05-18,USC00434290,44.6581,-72.6786,298.7,VT JOHNSON 2 N,Spring,10.6,19.4,38.4,0.0,0.0,VT
53490,2025-05-19,USC00434290,44.6581,-72.6786,298.7,VT JOHNSON 2 N,Spring,10.6,19.4,38.4,0.0,0.0,VT
59780,2025-03-21,USC00435490,44.4497,-72.9264,230.1,VT NASHVILLE 1 E,Spring,-0.6,18.9,12.7,30.0,25.0,VT
59781,2025-03-22,USC00435490,44.4497,-72.9264,230.1,VT NASHVILLE 1 E,Spring,-5.6,2.8,0.8,8.0,0.0,VT
59782,2025-03-23,USC00435490,44.4497,-72.9264,230.1,VT NASHVILLE 1 E,Spring,-8.9,12.8,0.0,0.0,0.0,VT
59783,2025-03-24,USC00435490,44.4497,-72.9264,230.1,VT NASHVILLE 1 E,Spring,-8.9,-0.6,0.0,0.0,0.0,VT
59784,2025-03-25,USC00435490,44.4497,-72.9264,230.1,VT NASHVILLE 1 E,Spring,-1.7,2.2,0.0,0.0,0.0,VT
59785,2025-03-26,USC00435490,44.4497,-72.9264,230.1,VT NASHVILLE 1 E,Spring,-2.8,4.4,1.5,13.0,25.0,VT
59786,2025-03-27,USC00435490,44.4497,-72.9264,230.1,VT NASHVILLE 1 E,Spring,-2.2,5.0,1.0,23.0,25.0,VT
59787,2025-03-28,USC00435490,44.4497,-72.9264,230.1,VT NASHVILLE 1 E,Spring,-2.8,6.7,0.0,0.0,0.0,VT
59788,2025-03-29,USC00435490,44.4497,-72.9264,230.1,VT NASHVILLE 1 E,Spring,-2.2,6.7,15.5,147.0,152.0,VT
59789,2025-03-30,USC00435490,44.4497,-72.9264,230.1,VT NASHVILLE 1 E,Spring,-2.2,1.1,6.9,13.0,102.0,VT
59790,2025-03-31,USC00435490,44.4497,-72.9264,230.1,VT NASHVILLE 1 E,Spring,1.1,8.3,9.1,0.0,0.0,VT
59791,2025-04-01,USC00435490,44.4497,-72.9264,230.1,VT NASHVILLE 1 E,Spring,-0.6,17.8,1.5,0.0,0.0,VT
59792,2025-04-02,USC00435490,44.4497,-72.9264,230.1,VT NASHVILLE 1 E,Spring,-7.8,3.9,0.0,0.0,0.0,VT
59793,2025-04-03,USC00435490,44.4497,-72.9264,230.1,VT NASHVILLE 1 E,Spring,-7.8,3.9,14.2,0.0,0.0,VT
59794,2025-04-04,USC00435490,44.4497,-72.9264,230.1,VT NASHVILLE 1 E,Spring,2.8,16.1,13.0,0.0,0.0,VT
59795,2025-04-05,USC00435490,44.4497,-72.9264,230.1,VT NASHVILLE 1 E,Spring,0.0,10.6,0.0,0.0,0.0,VT
59796,2025-04-06,USC00435490,44.4497,-72.9264,230.1,VT NASHVILLE 1 E,Spring,1.1,7.2,4.3,0.0,0.0,VT
59797,2025-04-07,USC00435490,44.4497,-72.9264,230.1,VT NASHVILLE 1 E,Spring,-0.6,8.9,0.0,0.0,0.0,VT
59798,2025-04-08,USC00435490,44.4497,-72.9264,230.1,VT NASHVILLE 1 E,Spring,-0.6,8.9,4.3,51.0,51.0,VT
59799,2025-04-09,USC00435490,44.4497,-72.9264,230.1,VT NASHVILLE 1 E,Spring,-7.2,2.8,7.4,64.0,102.0,VT
59800,2025-04-10,USC00435490,44.4497,-72.9264,230.1,VT NASHVILLE 1 E,Spring,-8.9,3.3,0.0,0.0,25.0,VT
59801,2025-04-11,USC00435490,44.4497,-72.9264,230.1,VT NASHVILLE 1 E,Spring,-8.3,8.9,0.8,0.0,0.0,VT
59802,2025-04-12,USC00435490,44.4497,-72.9264,230.1,VT NASHVILLE 1 E,Spring,-1.1,7.2,0.0,0.0,0.0,VT
59803,2025-04-13,USC00435490,44.4497,-72.9264,230.1,VT NASHVILLE 1 E,Spring,0.6,6.1,2.8,0.0,0.0,VT
59804,2025-04-14,USC00435490,44.4497,-72.9264,230.1,VT NASHVILLE 1 E,Spring,-3.3,10.0,0.0,0.0,0.0,VT
59805,2025-04-15,USC00435490,44.4497,-72.9264,230.1,VT NASHVILLE 1 E,Spring,-2.8,17.8,0.3,0.0,0.0,VT
59806,2025-04-16,USC00435490,44.4497,-72.9264,230.1,VT NASHVILLE 1 E,Spring,1.7,18.3,0.3,0.0,0.0,VT
59807,2025-04-17,USC00435490,44.4497,-72.9264,230.1,VT NASHVILLE 1 E,Spring,-1.1,1.7,8.6,91.0,51.0,VT
59808,2025-04-18,USC00435490,44.4497,-72.9264,230.1,VT NASHVILLE 1 E,Spring,-4.4,9.4,0.0,0.0,0.0,VT
59809,2025-04-19,USC00435490,44.4497,-72.9264,230.1,VT NASHVILLE 1 E,Spring,-5.0,17.2,3.0,0.0,0.0,VT
59810,2025-04-20,USC00435490,44.4497,-72.9264,230.1,VT NASHVILLE 1 E,Spring,2.8,17.2,26.4,0.0,0.0,VT
59811,2025-04-21,USC00435490,44.4497,-72.9264,230.1,VT NASHVILLE 1 E,Spring,-2.8,10.0,0.0,0.0,0.0,VT
59812,2025-04-22,USC00435490,44.4497,-72.9264,230.1,VT NASHVILLE 1 E,Spring,-2.8,16.7,0.8,0.0,0.0,VT
59813,2025-04-23,USC00435490,44.4497,-72.9264,230.1,VT NASHVILLE 1 E,Spring,0.0,17.2,0.0,0.0,0.0,VT
59814,2025-04-24,USC00435490,44.4497,-72.9264,230.1,VT NASHVILLE 1 E,Spring,-0.6,16.7,0.0,0.0,0.0,VT
59815,2025-04-25,USC00435490,44.4497,-72.9264,230.1,VT NASHVILLE 1 E,Spring,0.0,21.1,0.3,0.0,0.0,VT
59816,2025-04-26,USC00435490,44.4497,-72.9264,230.1,VT NASHVILLE 1 E,Spring,9.4,18.3,2.3,0.0,0.0,VT
59817,2025-04-27,USC00435490,44.4497,-72.9264,230.1,VT NASHVILLE 1 E,Spring,3.9,18.3,29.2,0.0,0.0,VT
59818,2025-04-28,USC00435490,44.4497,-72.9264,230.1,VT NASHVILLE 1 E,Spring,-0.6,8.3,13.2,0.0,0.0,VT
59819,2025-04-29,USC00435490,44.4497,-72.9264,230.1,VT NASHVILLE 1 E,Spring,-0.6,21.7,0.0,0.0,0.0,VT
59820,2025-04-30,USC00435490,44.4497,-72.9264,230.1,VT NASHVILLE 1 E,Spring,5.0,27.2,4.8,0.0,0.0,VT
59821,2025-05-01,USC00435490,44.4497,-72.9264,230.1,VT NASHVILLE 1 E,Spring,-2.2,11.1,0.0,0.0,0.0,VT
59822,2025-05-02,USC00435490,44.4497,-72.9264,230.1,VT NASHVILLE 1 E,Spring,-1.1,21.7,5.1,0.0,0.0,VT
59823,2025-05-03,USC00435490,44.4497,-72.9264,230.1,VT NASHVILLE 1 E,Spring,11.7,22.2,0.5,0.0,0.0,VT
59824,2025-05-04,USC00435490,44.4497,-72.9264,230.1,VT NASHVILLE 1 E,Spring,9.4,14.4,11.4,0.0,0.0,VT
59825,2025-05-05,USC00435490,44.4497,-72.9264,230.1,VT NASHVILLE 1 E,Spring,8.9,13.9,3.3,0.0,0.0,VT
59826,2025-05-06,USC00435490,44.4497,-72.9264,230.1,VT NASHVILLE 1 E,Spring,9.4,17.8,1.0,0.0,0.0,VT
59827,2025-05-07,USC00435490,44.4497,-72.9264,230.1,VT NASHVILLE 1 E,Spring,12.8,19.4,0.0,0.0,0.0,VT
59828,2025-05-08,USC00435490,44.4497,-72.9264,230.1,VT NASHVILLE 1 E,Spring,7.8,17.8,11.2,0.0,0.0,VT
59829,2025-05-09,USC00435490,44.4497,-72.9264,230.1,VT NASHVILLE 1 E,Spring,6.1,10.6,13.0,0.0,0.0,VT
59830,2025-05-10,USC00435490,44.4497,-72.9264,230.1,VT NASHVILLE 1 E,Spring,6.7,9.4,35.1,0.0,0.0,VT
59831,2025-05-11,USC00435490,44.4497,-72.9264,230.1,VT NASHVILLE 1 E,Spring,4.4,11.7,6.9,0.0,0.0,VT
59832,2025-05-12,USC00435490,44.4497,-72.9264,230.1,VT NASHVILLE 1 E,Spring,0.6,13.9,0.0,0.0,0.0,VT
59833,2025-05-13,USC00435490,44.4497,-72.9264,230.1,VT NASHVILLE 1 E,Spring,5.0,25.0,0.0,0.0,0.0,VT
59834,2025-05-14,USC00435490,44.4497,-72.9264,230.1,VT NASHVILLE 1 E,Spring,7.8,27.2,0.0,0.0,0.0,VT
59835,2025-05-15,USC00435490,44.4497,-72.9264,230.1,VT NASHVILLE 1 E,Spring,10.6,26.1,0.0,0.0,0.0,VT
59836,2025-05-16,USC00435490,44.4497,-72.9264,230.1,VT NASHVILLE 1 E,Spring,13.3,27.8,0.0,0.0,0.0,VT
59837,2025-05-17,USC00435490,44.4497,-72.9264,230.1,VT NASHVILLE 1 E,Spring,14.4,29.4,7.6,0.0,0.0,VT
59838,2025-05-18,USC00435490,44.4497,-72.9264,230.1,VT NASHVILLE 1 E,Spring,11.1,22.2,64.3,0.0,0.0,VT
59839,2025-05-19,USC00435490,44.4497,-72.9264,230.1,VT NASHVILLE 1 E,Spring,11.1,22.2,64.3,0.0,0.0,VT
66221,2025-03-21,USC00438169,44.6122,-72.0481,457.2,VT SUTTON,Spring,0.6,13.9,7.9,3.0,0.0,VT
66222,2025-03-22,USC00438169,44.6122,-72.0481,457.2,VT SUTTON,Spring,-5.0,1.1,0.8,15.0,0.0,VT
66223,2025-03-23,USC00438169,44.6122,-72.0481,457.2,VT SUTTON,Spring,-11.1,11.7,0.8,3.0,0.0,VT
66224,2025-03-24,USC00438169,44.6122,-72.0481,457.2,VT SUTTON,Spring,-11.1,-2.2,0.0,0.0,0.0,VT
66225,2025-03-25,USC00438169,44.6122,-72.0481,457.2,VT SUTTON,Spring,-6.7,-1.7,1.8,13.0,25.0,VT
66226,2025-03-26,USC00438169,44.6122,-72.0481,457.2,VT SUTTON,Spring,-3.9,2.8,1.3,5.0,0.0,VT
66227,2025-03-27,USC00438169,44.6122,-72.0481,457.2,VT SUTTON,Spring,-4.4,3.3,1.0,20.0,0.0,VT
66228,2025-03-28,USC00438169,44.6122,-72.0481,457.2,VT SUTTON,Spring,-3.3,4.4,0.3,3.0,0.0,VT
66229,2025-03-29,USC00438169,44.6122,-72.0481,457.2,VT SUTTON,Spring,-4.4,4.4,14.5,150.0,152.0,VT
66230,2025-03-30,USC00438169,44.6122,-72.0481,457.2,VT SUTTON,Spring,-3.9,0.6,4.6,28.0,152.0,VT
66231,2025-03-31,USC00438169,44.6122,-72.0481,457.2,VT SUTTON,Spring,-1.1,0.6,15.0,5.0,102.0,VT
66232,2025-04-01,USC00438169,44.6122,-72.0481,457.2,VT SUTTON,Spring,-5.85,7.2,4.6,0.0,51.0,VT
66233,2025-04-02,USC00438169,44.6122,-72.0481,457.2,VT SUTTON,Spring,-10.6,1.1,0.0,0.0,0.0,VT
66234,2025-04-03,USC00438169,44.6122,-72.0481,457.2,VT SUTTON,Spring,-9.4,1.7,9.7,15.0,0.0,VT
66235,2025-04-04,USC00438169,44.6122,-72.0481,457.2,VT SUTTON,Spring,-0.6,7.2,14.2,0.0,0.0,VT
66236,2025-04-05,USC00438169,44.6122,-72.0481,457.2,VT SUTTON,Spring,-1.1,7.8,0.0,0.0,0.0,VT
66237,2025-04-06,USC00438169,44.6122,-72.0481,457.2,VT SUTTON,Spring,0.0,4.4,7.9,0.0,0.0,VT
66238,2025-04-07,USC00438169,44.6122,-72.0481,457.2,VT SUTTON,Spring,-2.8,7.2,0.3,0.0,0.0,VT
66239,2025-04-08,USC00438169,44.6122,-72.0481,457.2,VT SUTTON,Spring,-2.2,6.1,0.8,15.0,25.0,VT
66240,2025-04-09,USC00438169,44.6122,-72.0481,457.2,VT SUTTON,Spring,-8.9,0.0,8.6,7.5,12.5,VT
66241,2025-04-10,USC00438169,44.6122,-72.0481,457.2,VT SUTTON,Spring,-9.4,0.0,0.0,0.0,0.0,VT
66242,2025-04-11,USC00438169,44.6122,-72.0481,457.2,VT SUTTON,Spring,-7.2,7.2,2.0,30.0,25.0,VT
66243,2025-04-12,USC00438169,44.6122,-72.0481,457.2,VT SUTTON,Spring,0.0,4.4,0.0,0.0,0.0,VT
66244,2025-04-13,USC00438169,44.6122,-72.0481,457.2,VT SUTTON,Spring,0.6,3.9,3.6,0.0,0.0,VT
66245,2025-04-14,USC00438169,44.6122,-72.0481,457.2,VT SUTTON,Spring,-1.7,7.8,0.0,0.0,0.0,VT
66246,2025-04-15,USC00438169,44.6122,-72.0481,457.2,VT SUTTON,Spring,1.7,14.4,0.5,0.0,0.0,VT
66247,2025-04-16,USC00438169,44.6122,-72.0481,457.2,VT SUTTON,Spring,-0.6,18.3,3.0,3.0,0.0,VT
66248,2025-04-17,USC00438169,44.6122,-72.0481,457.2,VT SUTTON,Spring,-1.7,0.6,0.8,5.0,0.0,VT
66249,2025-04-18,USC00438169,44.6122,-72.0481,457.2,VT SUTTON,Spring,-3.3,7.2,0.0,0.0,0.0,VT
66250,2025-04-19,USC00438169,44.6122,-72.0481,457.2,VT SUTTON,Spring,2.2,14.4,2.8,0.0,0.0,VT
66251,2025-04-20,USC00438169,44.6122,-72.0481,457.2,VT SUTTON,Spring,0.6,16.7,13.2,0.0,0.0,VT
66252,2025-04-21,USC00438169,44.6122,-72.0481,457.2,VT SUTTON,Spring,-2.8,7.2,0.0,0.0,0.0,VT
66253,2025-04-22,USC00438169,44.6122,-72.0481,457.2,VT SUTTON,Spring,0.6,16.7,3.0,0.0,0.0,VT
66254,2025-04-23,USC00438169,44.6122,-72.0481,457.2,VT SUTTON,Spring,0.6,16.7,0.0,0.0,0.0,VT
66255,2025-04-24,USC00438169,44.6122,-72.0481,457.2,VT SUTTON,Spring,-0.6,14.4,0.0,0.0,0.0,VT
66256,2025-04-25,USC00438169,44.6122,-72.0481,457.2,VT SUTTON,Spring,7.2,20.6,6.4,0.0,0.0,VT
66257,2025-04-26,USC00438169,44.6122,-72.0481,457.2,VT SUTTON,Spring,9.4,19.4,4.3,0.0,0.0,VT
66258,2025-04-27,USC00438169,44.6122,-72.0481,457.2,VT SUTTON,Spring,2.8,15.6,20.3,0.0,0.0,VT
66259,2025-04-28,USC00438169,44.6122,-72.0481,457.2,VT SUTTON,Spring,0.6,7.8,6.9,8.0,0.0,VT
66260,2025-04-29,USC00438169,44.6122,-72.0481,457.2,VT SUTTON,Spring,5.0,20.6,0.0,0.0,0.0,VT
66261,2025-04-30,USC00438169,44.6122,-72.0481,457.2,VT SUTTON,Spring,3.3,26.1,4.6,0.0,0.0,VT
66262,2025-05-01,USC00438169,44.6122,-72.0481,457.2,VT SUTTON,Spring,-2.2,8.9,0.0,0.0,0.0,VT
66263,2025-05-02,USC00438169,44.6122,-72.0481,457.2,VT SUTTON,Spring,3.9,18.9,4.6,0.0,0.0,VT
66264,2025-05-03,USC00438169,44.6122,-72.0481,457.2,VT SUTTON,Spring,7.8,17.2,0.8,0.0,0.0,VT
66265,2025-05-04,USC00438169,44.6122,-72.0481,457.2,VT SUTTON,Spring,8.9,17.2,11.4,0.0,0.0,VT
66266,2025-05-05,USC00438169,44.6122,-72.0481,457.2,VT SUTTON,Spring,8.3,12.8,3.8,0.0,0.0,VT
66267,2025-05-06,USC00438169,44.6122,-72.0481,457.2,VT SUTTON,Spring,10.0,21.1,1.3,0.0,0.0,VT
66268,2025-05-07,USC00438169,44.6122,-72.0481,457.2,VT SUTTON,Spring,12.2,17.2,2.5,0.0,0.0,VT
66269,2025-05-08,USC00438169,44.6122,-72.0481,457.2,VT SUTTON,Spring,7.2,19.4,8.9,0.0,0.0,VT
66270,2025-05-09,USC00438169,44.6122,-72.0481,457.2,VT SUTTON,Spring,6.1,11.1,1.0,0.0,0.0,VT
66271,2025-05-10,USC00438169,44.6122,-72.0481,457.2,VT SUTTON,Spring,7.2,10.6,17.8,0.0,0.0,VT
66272,2025-05-11,USC00438169,44.6122,-72.0481,457.2,VT SUTTON,Spring,2.8,10.6,0.5,0.0,0.0,VT
66273,2025-05-12,USC00438169,44.6122,-72.0481,457.2,VT SUTTON,Spring,1.7,11.7,0.0,0.0,0.0,VT
66274,2025-05-13,USC00438169,44.6122,-72.0481,457.2,VT SUTTON,Spring,5.6,22.8,0.0,0.0,0.0,VT
66275,2025-05-14,USC00438169,44.6122,-72.0481,457.2,VT SUTTON,Spring,7.2,23.3,0.0,0.0,0.0,VT
66276,2025-05-15,USC00438169,44.6122,-72.0481,457.2,VT SUTTON,Spring,12.2,25.6,0.0,0.0,0.0,VT
66277,2025-05-16,USC00438169,44.6122,-72.0481,457.2,VT SUTTON,Spring,14.4,24.4,0.0,0.0,0.0,VT
66278,2025-05-17,USC00438169,44.6122,-72.0481,457.2,VT SUTTON,Spring,15.0,27.2,6.9,0.0,0.0,VT
66279,2025-05-18,USC00438169,44.6122,-72.0481,457.2,VT SUTTON,Spring,8.9,18.3,21.6,0.0,0.0,VT
66280,2025-05-19,USC00438169,44.6122,-72.0481,457.2,VT SUTTON,Spring,8.9,18.3,21.6,0.0,0.0,VT
75401,2025-03-21,USC00439988,44.3747,-72.5822,414.5,VT WORCESTER 2 W,Spring,0.0,15.0,6.4,8.0,25.0,VT
75402,2025-03-22,USC00439988,44.3747,-72.5822,414.5,VT WORCESTER 2 W,Spring,-2.8,1.7,0.0,0.0,0.0,VT
75403,2025-03-23,USC00439988,44.3747,-72.5822,414.5,VT WORCESTER 2 W,Spring,-10.0,11.7,0.8,0.0,0.0,VT
75404,2025-03-24,USC00439988,44.3747,-72.5822,414.5,VT WORCESTER 2 W,Spring,-9.4,-1.7,0.0,0.0,0.0,VT
75405,2025-03-25,USC00439988,44.3747,-72.5822,414.5,VT WORCESTER 2 W,Spring,-4.4,0.6,0.5,5.0,0.0,VT
75406,2025-03-26,USC00439988,44.3747,-72.5822,414.5,VT WORCESTER 2 W,Spring,-3.3,2.8,1.3,23.0,25.0,VT
75407,2025-03-27,USC00439988,44.3747,-72.5822,414.5,VT WORCESTER 2 W,Spring,-2.8,3.9,0.5,8.0,25.0,VT
75408,2025-03-28,USC00439988,44.3747,-72.5822,414.5,VT WORCESTER 2 W,Spring,-2.8,4.4,0.0,0.0,25.0,VT
75409,2025-03-29,USC00439988,44.3747,-72.5822,414.5,VT WORCESTER 2 W,Spring,-3.3,5.6,17.5,163.0,102.0,VT
75410,2025-03-30,USC00439988,44.3747,-72.5822,414.5,VT WORCESTER 2 W,Spring,-3.3,0.6,9.1,3.0,76.0,VT
75411,2025-03-31,USC00439988,44.3747,-72.5822,414.5,VT WORCESTER 2 W,Spring,0.0,0.6,9.7,0.0,51.0,VT
75412,2025-04-01,USC00439988,44.3747,-72.5822,414.5,VT WORCESTER 2 W,Spring,-1.7,10.6,1.5,0.0,0.0,VT
75413,2025-04-02,USC00439988,44.3747,-72.5822,414.5,VT WORCESTER 2 W,Spring,-8.9,2.2,0.0,0.0,0.0,VT
75414,2025-04-03,USC00439988,44.3747,-72.5822,414.5,VT WORCESTER 2 W,Spring,-8.3,2.2,23.6,13.0,0.0,VT
75415,2025-04-04,USC00439988,44.3747,-72.5822,414.5,VT WORCESTER 2 W,Spring,0.0,14.4,5.1,0.0,0.0,VT
75416,2025-04-05,USC00439988,44.3747,-72.5822,414.5,VT WORCESTER 2 W,Spring,1.1,8.9,0.0,0.0,0.0,VT
75417,2025-04-06,USC00439988,44.3747,-72.5822,414.5,VT WORCESTER 2 W,Spring,1.7,5.0,7.9,0.0,0.0,VT
75418,2025-04-07,USC00439988,44.3747,-72.5822,414.5,VT WORCESTER 2 W,Spring,-2.2,7.2,1.0,5.0,0.0,VT
75419,2025-04-08,USC00439988,44.3747,-72.5822,414.5,VT WORCESTER 2 W,Spring,-2.2,5.0,2.5,20.0,25.0,VT
75420,2025-04-09,USC00439988,44.3747,-72.5822,414.5,VT WORCESTER 2 W,Spring,-7.8,0.0,3.3,28.0,25.0,VT
75421,2025-04-10,USC00439988,44.3747,-72.5822,414.5,VT WORCESTER 2 W,Spring,-7.8,1.1,0.0,0.0,0.0,VT
75422,2025-04-11,USC00439988,44.3747,-72.5822,414.5,VT WORCESTER 2 W,Spring,-6.1,7.2,0.8,0.0,0.0,VT
75423,2025-04-12,USC00439988,44.3747,-72.5822,414.5,VT WORCESTER 2 W,Spring,0.6,5.6,0.0,0.0,0.0,VT
75424,2025-04-13,USC00439988,44.3747,-72.5822,414.5,VT WORCESTER 2 W,Spring,1.1,3.9,4.6,0.0,0.0,VT
75425,2025-04-14,USC00439988,44.3747,-72.5822,414.5,VT WORCESTER 2 W,Spring,-0.6,8.3,0.0,0.0,0.0,VT
75426,2025-04-15,USC00439988,44.3747,-72.5822,414.5,VT WORCESTER 2 W,Spring,0.6,15.6,0.0,0.0,0.0,VT
75427,2025-04-16,USC00439988,44.3747,-72.5822,414.5,VT WORCESTER 2 W,Spring,0.6,16.7,4.1,0.0,0.0,VT
75428,2025-04-17,USC00439988,44.3747,-72.5822,414.5,VT WORCESTER 2 W,Spring,-0.6,2.2,0.3,0.0,0.0,VT
75429,2025-04-18,USC00439988,44.3747,-72.5822,414.5,VT WORCESTER 2 W,Spring,-1.7,7.8,0.0,0.0,0.0,VT
75430,2025-04-19,USC00439988,44.3747,-72.5822,414.5,VT WORCESTER 2 W,Spring,-1.1,15.6,1.0,0.0,0.0,VT
75431,2025-04-20,USC00439988,44.3747,-72.5822,414.5,VT WORCESTER 2 W,Spring,2.2,18.3,8.9,0.0,0.0,VT
75432,2025-04-21,USC00439988,44.3747,-72.5822,414.5,VT WORCESTER 2 W,Spring,-2.2,7.8,0.0,0.0,0.0,VT
75433,2025-04-22,USC00439988,44.3747,-72.5822,414.5,VT WORCESTER 2 W,Spring,0.0,14.4,0.3,0.0,0.0,VT
75434,2025-04-23,USC00439988,44.3747,-72.5822,414.5,VT WORCESTER 2 W,Spring,3.9,16.1,0.0,0.0,0.0,VT
75435,2025-04-24,USC00439988,44.3747,-72.5822,414.5,VT WORCESTER 2 W,Spring,2.2,14.4,0.0,0.0,0.0,VT
75436,2025-04-25,USC00439988,44.3747,-72.5822,414.5,VT WORCESTER 2 W,Spring,3.3,19.4,0.0,0.0,0.0,VT
75437,2025-04-26,USC00439988,44.3747,-72.5822,414.5,VT WORCESTER 2 W,Spring,11.1,18.9,11.4,0.0,0.0,VT
75438,2025-04-27,USC00439988,44.3747,-72.5822,414.5,VT WORCESTER 2 W,Spring,5.0,16.7,7.6,0.0,0.0,VT
75439,2025-04-28,USC00439988,44.3747,-72.5822,414.5,VT WORCESTER 2 W,Spring,0.6,10.6,10.9,8.0,0.0,VT
75440,2025-04-29,USC00439988,44.3747,-72.5822,414.5,VT WORCESTER 2 W,Spring,8.3,19.4,0.0,0.0,0.0,VT
75441,2025-04-30,USC00439988,44.3747,-72.5822,414.5,VT WORCESTER 2 W,Spring,5.0,27.2,0.8,0.0,0.0,VT
75442,2025-05-01,USC00439988,44.3747,-72.5822,414.5,VT WORCESTER 2 W,Spring,0.0,10.6,0.0,0.0,0.0,VT
75443,2025-05-02,USC00439988,44.3747,-72.5822,414.5,VT WORCESTER 2 W,Spring,0.0,18.9,3.3,0.0,0.0,VT
75444,2025-05-03,USC00439988,44.3747,-72.5822,414.5,VT WORCESTER 2 W,Spring,8.3,19.4,1.8,0.0,0.0,VT
75445,2025-05-04,USC00439988,44.3747,-72.5822,414.5,VT WORCESTER 2 W,Spring,9.4,16.1,13.5,0.0,0.0,VT
75446,2025-05-05,USC00439988,44.3747,-72.5822,414.5,VT WORCESTER 2 W,Spring,9.4,12.8,2.8,0.0,0.0,VT
75447,2025-05-06,USC00439988,44.3747,-72.5822,414.5,VT WORCESTER 2 W,Spring,11.7,15.6,7.1,0.0,0.0,VT
75448,2025-05-07,USC00439988,44.3747,-72.5822,414.5,VT WORCESTER 2 W,Spring,12.2,16.1,1.3,0.0,0.0,VT
75449,2025-05-08,USC00439988,44.3747,-72.5822,414.5,VT WORCESTER 2 W,Spring,7.8,17.2,2.8,0.0,0.0,VT
75450,2025-05-09,USC00439988,44.3747,-72.5822,414.5,VT WORCESTER 2 W,Spring,6.1,10.6,4.1,0.0,0.0,VT
75451,2025-05-10,USC00439988,44.3747,-72.5822,414.5,VT WORCESTER 2 W,Spring,6.1,9.4,38.9,0.0,0.0,VT
75452,2025-05-11,USC00439988,44.3747,-72.5822,414.5,VT WORCESTER 2 W,Spring,3.9,11.1,0.5,0.0,0.0,VT
75453,2025-05-12,USC00439988,44.3747,-72.5822,414.5,VT WORCESTER 2 W,Spring,2.8,12.2,0.0,0.0,0.0,VT
75454,2025-05-13,USC00439988,44.3747,-72.5822,414.5,VT WORCESTER 2 W,Spring,5.6,23.9,0.0,0.0,0.0,VT
75455,2025-05-14,USC00439988,44.3747,-72.5822,414.5,VT WORCESTER 2 W,Spring,8.9,23.3,0.0,0.0,0.0,VT
75456,2025-05-15,USC00439988,44.3747,-72.5822,414.5,VT WORCESTER 2 W,Spring,12.2,23.3,0.0,0.0,0.0,VT
75457,2025-05-16,USC00439988,44.3747,-72.5822,414.5,VT WORCESTER 2 W,Spring,15.6,23.3,0.0,0.0,0.0,VT
75458,2025-05-17,USC00439988,44.3747,-72.5822,414.5,VT WORCESTER 2 W,Spring,15.0,26.1,49.8,0.0,0.0,VT
75459,2025-05-18,USC00439988,44.3747,-72.5822,414.5,VT WORCESTER 2 W,Spring,10.0,19.4,19.8,0.0,0.0,VT
75460,2025-05-19,USC00439988,44.3747,-72.5822,414.5,VT WORCESTER 2 W,Spring,10.0,19.4,19.8,0.0,0.0,VT
103665,2025-03-21,USW00014755,44.2703,-71.3033,1911.7,NH MT WASHINGTON,Spring,-5.0,2.8,9.4,81.0,102.0,NH
103666,2025-03-22,USW00014755,44.2703,-71.3033,1911.7,NH MT WASHINGTON,Spring,-12.8,-7.2,5.8,38.0,102.0,NH
103667,2025-03-23,USW00014755,44.2703,-71.3033,1911.7,NH MT WASHINGTON,Spring,-22.2,-3.3,9.9,81.0,127.0,NH
103668,2025-03-24,USW00014755,44.2703,-71.3033,1911.7,NH MT WASHINGTON,Spring,-22.2,-7.8,2.0,15.0,102.0,NH
103669,2025-03-25,USW00014755,44.2703,-71.3033,1911.7,NH MT WASHINGTON,Spring,-12.2,-4.4,7.1,69.0,102.0,NH
103670,2025-03-26,USW00014755,44.2703,-71.3033,1911.7,NH MT WASHINGTON,Spring,-11.7,-6.7,2.5,25.0,127.0,NH
103671,2025-03-27,USW00014755,44.2703,-71.3033,1911.7,NH MT WASHINGTON,Spring,-13.9,-6.7,8.1,119.0,152.0,NH
103672,2025-03-28,USW00014755,44.2703,-71.3033,1911.7,NH MT WASHINGTON,Spring,-13.6,-6.15,8.75,110.5,165.0,NH
103673,2025-03-29,USW00014755,44.2703,-71.3033,1911.7,NH MT WASHINGTON,Spring,-13.3,-5.6,9.4,102.0,178.0,NH
103674,2025-03-30,USW00014755,44.2703,-71.3033,1911.7,NH MT WASHINGTON,Spring,-6.7,-1.1,3.6,13.0,178.0,NH
103675,2025-03-31,USW00014755,44.2703,-71.3033,1911.7,NH MT WASHINGTON,Spring,-1.1,6.1,14.2,0.0,102.0,NH
103676,2025-04-01,USW00014755,44.2703,-71.3033,1911.7,NH MT WASHINGTON,Spring,-11.1,6.1,6.9,8.0,25.0,NH
103677,2025-04-02,USW00014755,44.2703,-71.3033,1911.7,NH MT WASHINGTON,Spring,-10.0,0.55,7.15,20.5,25.0,NH
103678,2025-04-03,USW00014755,44.2703,-71.3033,1911.7,NH MT WASHINGTON,Spring,-8.9,-5.0,7.4,33.0,25.0,NH
103679,2025-04-04,USW00014755,44.2703,-71.3033,1911.7,NH MT WASHINGTON,Spring,-6.1,5.6,12.2,0.0,25.0,NH
103680,2025-04-05,USW00014755,44.2703,-71.3033,1911.7,NH MT WASHINGTON,Spring,-5.6,0.0,0.0,0.0,25.0,NH
103681,2025-04-06,USW00014755,44.2703,-71.3033,1911.7,NH MT WASHINGTON,Spring,-2.8,2.2,16.0,10.0,25.0,NH
103682,2025-04-07,USW00014755,44.2703,-71.3033,1911.7,NH MT WASHINGTON,Spring,-12.8,1.1,1.0,3.0,25.0,NH
103683,2025-04-08,USW00014755,44.2703,-71.3033,1911.7,NH MT WASHINGTON,Spring,-12.2,-7.8,0.3,3.0,25.0,NH
103684,2025-04-09,USW00014755,44.2703,-71.3033,1911.7,NH MT WASHINGTON,Spring,-20.0,-7.2,13.2,201.0,152.0,NH
103685,2025-04-10,USW00014755,44.2703,-71.3033,1911.7,NH MT WASHINGTON,Spring,-20.0,-12.2,0.5,13.0,152.0,NH
103686,2025-04-11,USW00014755,44.2703,-71.3033,1911.7,NH MT WASHINGTON,Spring,-13.9,-6.1,1.0,13.0,152.0,NH
103687,2025-04-12,USW00014755,44.2703,-71.3033,1911.7,NH MT WASHINGTON,Spring,-11.67,-4.8,1.43,15.33,152.0,NH
103688,2025-04-13,USW00014755,44.2703,-71.3033,1911.7,NH MT WASHINGTON,Spring,-9.43,-3.5,1.87,17.67,152.0,NH
103689,2025-04-14,USW00014755,44.2703,-71.3033,1911.7,NH MT WASHINGTON,Spring,-7.2,-2.2,2.3,20.0,152.0,NH
103690,2025-04-15,USW00014755,44.2703,-71.3033,1911.7,NH MT WASHINGTON,Spring,-1.7,2.2,1.5,8.0,152.0,NH
103691,2025-04-16,USW00014755,44.2703,-71.3033,1911.7,NH MT WASHINGTON,Spring,-7.25,-3.9,2.55,23.0,165.0,NH
103692,2025-04-17,USW00014755,44.2703,-71.3033,1911.7,NH MT WASHINGTON,Spring,-12.8,-10.0,3.6,38.0,178.0,NH
103693,2025-04-18,USW00014755,44.2703,-71.3033,1911.7,NH MT WASHINGTON,Spring,-12.8,-2.8,0.0,0.0,0.0,NH
103694,2025-04-19,USW00014755,44.2703,-71.3033,1911.7,NH MT WASHINGTON,Spring,-10.0,6.1,5.6,0.0,0.0,NH
103695,2025-04-20,USW00014755,44.2703,-71.3033,1911.7,NH MT WASHINGTON,Spring,-7.8,8.3,8.6,0.0,25.0,NH
103696,2025-04-21,USW00014755,44.2703,-71.3033,1911.7,NH MT WASHINGTON,Spring,-10.6,0.0,0.0,0.0,0.0,NH
103697,2025-04-22,USW00014755,44.2703,-71.3033,1911.7,NH MT WASHINGTON,Spring,0.0,4.4,7.9,0.0,0.0,NH
103698,2025-04-23,USW00014755,44.2703,-71.3033,1911.7,NH MT WASHINGTON,Spring,0.55,4.82,6.95,0.0,0.0,NH
103699,2025-04-24,USW00014755,44.2703,-71.3033,1911.7,NH MT WASHINGTON,Spring,1.1,5.25,6.0,0.0,0.0,NH
103700,2025-04-25,USW00014755,44.2703,-71.3033,1911.7,NH MT WASHINGTON,Spring,1.65,5.68,5.05,0.0,0.0,NH
103701,2025-04-26,USW00014755,44.2703,-71.3033,1911.7,NH MT WASHINGTON,Spring,2.2,6.1,4.1,0.0,0.0,NH
103702,2025-04-27,USW00014755,44.2703,-71.3033,1911.7,NH MT WASHINGTON,Spring,-3.9,7.2,16.5,5.0,0.0,NH
103703,2025-04-28,USW00014755,44.2703,-71.3033,1911.7,NH MT WASHINGTON,Spring,-5.0,0.0,12.4,99.0,0.0,NH
103704,2025-04-29,USW00014755,44.2703,-71.3033,1911.7,NH MT WASHINGTON,Spring,-2.8,5.0,0.0,0.0,0.0,NH
103705,2025-04-30,USW00014755,44.2703,-71.3033,1911.7,NH MT WASHINGTON,Spring,-4.4,12.2,5.1,0.0,0.0,NH
103706,2025-05-01,USW00014755,44.2703,-71.3033,1911.7,NH MT WASHINGTON,Spring,-1.35,10.0,7.75,0.0,0.0,NH
103707,2025-05-02,USW00014755,44.2703,-71.3033,1911.7,NH MT WASHINGTON,Spring,1.7,7.8,10.4,0.0,0.0,NH
103708,2025-05-03,USW00014755,44.2703,-71.3033,1911.7,NH MT WASHINGTON,Spring,5.0,7.8,5.3,0.0,0.0,NH
103709,2025-05-04,USW00014755,44.2703,-71.3033,1911.7,NH MT WASHINGTON,Spring,4.45,7.65,7.85,0.0,0.0,NH
103710,2025-05-05,USW00014755,44.2703,-71.3033,1911.7,NH MT WASHINGTON,Spring,3.9,7.5,10.4,0.0,0.0,NH
103711,2025-05-06,USW00014755,44.2703,-71.3033,1911.7,NH MT WASHINGTON,Spring,3.35,7.35,12.95,0.0,0.0,NH
103712,2025-05-07,USW00014755,44.2703,-71.3033,1911.7,NH MT WASHINGTON,Spring,2.8,7.2,15.5,0.0,0.0,NH
103713,2025-05-08,USW00014755,44.2703,-71.3033,1911.7,NH MT WASHINGTON,Spring,2.8,6.1,7.6,0.0,0.0,NH
103714,2025-05-09,USW00014755,44.2703,-71.3033,1911.7,NH MT WASHINGTON,Spring,0.6,5.6,17.8,0.0,0.0,NH
103715,2025-05-10,USW00014755,44.2703,-71.3033,1911.7,NH MT WASHINGTON,Spring,2.8,0.0,22.9,0.0,0.0,NH
103716,2025-05-11,USW00014755,44.2703,-71.3033,1911.7,NH MT WASHINGTON,Spring,-5.6,2.8,8.1,0.0,0.0,NH
103717,2025-05-12,USW00014755,44.2703,-71.3033,1911.7,NH MT WASHINGTON,Spring,1.1,2.25,4.05,0.0,0.0,NH
103718,2025-05-13,USW00014755,44.2703,-71.3033,1911.7,NH MT WASHINGTON,Spring,7.8,1.7,0.0,0.0,0.0,NH
103719,2025-05-14,USW00014755,44.2703,-71.3033,1911.7,NH MT WASHINGTON,Spring,6.7,12.2,0.0,0.0,0.0,NH
103720,2025-05-15,USW00014755,44.2703,-71.3033,1911.7,NH MT WASHINGTON,Spring,6.1,12.2,0.3,0.0,0.0,NH
103721,2025-05-16,USW00014755,44.2703,-71.3033,1911.7,NH MT WASHINGTON,Spring,8.3,12.8,0.0,0.0,0.0,NH
103722,2025-05-17,USW00014755,44.2703,-71.3033,1911.7,NH MT WASHINGTON,Spring,8.3,14.4,16.8,0.0,0.0,NH
103723,2025-05-18,USW00014755,44.2703,-71.3033,1911.7,NH MT WASHINGTON,Spring,1.7,10.6,37.1,0.0,0.0,NH
103724,2025-05-19,USW00014755,44.2703,-71.3033,1911.7,NH MT WASHINGTON,Spring,1.7,10.6,37.1,0.0,0.0,NH
